rainfall_1h_mm,rainfall_3h_mm,rainfall_6h_mm,humidity_percent,temperature_c,wind_speed_kmh,elevation_m,drainage_score,inundation_risk
2.3131103602428027,40.60544810528071,52.120105816909586,75.35141921247985,29.403054697648738,36.096904681177655,250.34769719948437,0.5735313953283435,LOW
1.1494264814608668,24.93081262379008,54.72078708946417,92.50069986039753,27.65777466007408,34.47862404496354,239.86934009102433,0.2997598886419861,MODERATE
51.05251510767833,96.16461439645744,126.23327725057334,59.2126969923607,27.17402484776915,23.32702126752051,425.22094324227265,0.6576343810667875,HIGH
30.40056076881409,62.03430165586876,92.18831651955747,57.15246863281567,20.85694949785375,42.50185540050702,461.8258143873357,0.401735816031601,HIGH
53.325136487355046,82.04903653946823,90.29229333978088,92.65027218906127,28.181278878121265,42.10985214963042,374.22991995103285,0.2299839021122157,HIGH
37.3648597854768,80.64359696982956,152.5566567548355,69.57609950399416,27.404479870926906,32.149671203404196,93.41643620456198,0.8711057552555858,HIGH
46.85191660502943,49.60726527403128,96.91993220764353,71.19429340991888,22.60411184583862,27.99265564996822,533.1075956549828,0.61917435015185,HIGH
6.798112078162781,34.01915831331553,96.34975042619988,97.03006887368235,30.012493581145314,3.777749622923893,531.6721086753794,0.6615821019381797,MODERATE
5.018886189812932,12.012506439986401,18.91073012233842,84.2513570798129,22.15746328262439,36.72117234932999,61.69954218087563,0.6049104713725489,LOW
26.58459913155793,28.673170009923595,28.874727351592227,94.75533082204758,33.67250719363449,7.345752369012427,404.55571279931416,0.9908054926020299,LOW
54.22908327953985,102.90622787354619,129.917509792156,86.56027659344008,26.973558959557145,42.30580088073193,387.25465507817637,0.867132120125068,HIGH
51.43268642584738,72.64040702437416,129.62954815089304,59.089930769654885,22.885313122454434,42.272579252042405,223.75382854272135,0.7322900261351862,HIGH
34.53785258686353,48.85549382784659,95.76139907976842,95.14796551481254,24.582898032447392,16.920868465521814,103.82084842469877,0.3011559066605132,HIGH
49.642035300025256,88.48362506804096,165.68346922043037,84.46470086478233,33.42347847073385,11.543214252980041,104.90595839600637,0.33404445412089784,HIGH
23.02664853158645,77.45412842010978,95.44324476735852,75.16597817884337,20.85709166037909,3.1698437483681587,301.1052181406868,0.6712617663281824,HIGH
30.650212118614927,80.95738758131742,149.8367752613059,96.84928414901805,28.105143091363985,13.330174784687415,73.20904253409677,0.799585203323027,HIGH
9.276588074504177,9.612949832633214,65.55292892066203,60.47875282849812,28.714237792916087,10.643631795045247,234.95338295262152,0.16252664967488317,MODERATE
22.568147383508578,40.629129664430295,61.520211079970494,60.88995522112235,28.059047744569547,31.7804104792265,111.43141482473348,0.18727212456708311,MODERATE
16.094040637705394,54.558092655319044,76.42061909427696,83.49066578560243,21.02977996129094,32.24354520145812,79.93507807968845,0.3397953443861942,MODERATE
43.77655962444817,69.90435973421735,121.13427901899468,67.58700922919535,29.358350293488815,14.858164899610697,265.55591564976015,0.5274479032443298,HIGH
54.73375974467976,96.1059578425752,139.98679032803236,92.19636583452225,28.540807276880997,33.12348647152163,285.8850054349597,0.6388345927738747,HIGH
12.82189724471558,64.01134763143168,115.14968889513088,91.06145398898923,28.489170092628186,3.067236816830321,61.276180757738466,0.8995231482546486,HIGH
41.97872448930473,91.72054564687136,163.2005722809499,65.18022966587048,33.79232670936135,28.25970827883567,402.05915447995676,0.5891007777397685,HIGH
15.37403367603049,42.10549667540279,79.07034615886647,68.07789405304231,24.78540371669783,21.041767916399408,148.16799063448968,0.2684430461175183,HIGH
48.260994995249064,67.96036453981637,97.14647271226039,89.47058192682739,29.77553310892137,21.24195505708837,171.68019487114034,0.8265957614715193,HIGH
14.197759684008302,39.66358503323994,69.6192256480891,98.77300947248425,23.35874278542505,27.51779562701806,290.87892807513634,0.19134009671336003,MODERATE
10.891079442023752,59.61665589640089,122.71333901474941,64.39542742196492,22.499952358204936,42.3508244202028,324.59383662149185,0.7589189451557068,HIGH
54.42622938294235,68.77814655156054,108.76291541216258,95.20409965035259,22.60725217983738,12.951728528892021,485.15260352254666,0.8653610377347427,HIGH
30.923797203287908,38.27854452614356,104.939254166907,68.56701613997888,30.603342025016026,12.957534127786992,86.43889827128936,0.7391863241065414,HIGH
23.588232569970156,44.270841998897424,79.4128683229129,75.20278972925391,26.591023740157055,29.876286767469782,60.39343020991732,0.7240526367721098,MODERATE
29.199169940435567,74.2062052196685,97.18572465105214,84.34328657246769,22.878191443326735,32.05777249313313,375.08597974410446,0.6122888711268719,HIGH
28.768278724258888,81.04236840518179,109.73904251789907,58.621341047164904,24.634564093529114,3.845122753149091,490.3657324372835,0.8597886023912609,HIGH
11.110834489379826,45.686220869056775,62.08921307297819,92.62206552479199,25.802396703569254,4.538391087153783,349.81894283170203,0.22086185430122213,MODERATE
53.65684439438963,104.71567371730885,153.83652917478963,65.76194588746246,30.844855856582733,3.6914525958622657,62.79090379547026,0.4085373861525321,HIGH
4.333477295540506,52.38319523293743,105.84537206386216,90.5571939284658,29.20039140789821,11.653369710900503,154.46068985772965,0.6667944305266631,MODERATE
47.476215437760295,81.86078085927171,107.55335374578053,90.18826062400757,25.745358044338374,28.99900295845586,467.6570105155786,0.714111240428436,HIGH
27.57096888394658,60.05656140270071,76.37415929405863,74.2211112379766,31.659291481614186,22.850385237237838,11.213168221060165,0.84229567420668,MODERATE
9.27472313063166,11.065240249907964,57.351673695447886,88.79480709256475,21.572561346419874,21.081450963990434,254.9050280265546,0.25448995990182816,MODERATE
37.74779982381146,51.57612184139914,106.88751656583543,77.11873408998335,27.3416932338702,11.940731714224691,420.2616086801276,0.15937873427223195,HIGH
18.787796958988764,24.417078483768464,31.30064196017709,55.478549869467216,27.321778851663154,5.098598958501593,64.52702498741118,0.5176076772237249,LOW
40.79586493855349,51.928606884980226,104.47981210452599,79.55417752589803,32.94169655460923,36.8419307090731,545.3469636459513,0.45367131155278095,HIGH
53.11784799911981,70.76170467044258,93.3977681665495,73.72373559991057,20.3222275684562,33.098933990660285,50.49711441794469,0.6707036343129731,HIGH
3.533903369270246,27.030487664751877,47.24650374547707,96.58865576758502,24.178477543287386,17.327119107353496,170.22659514659819,0.2562069099281035,MODERATE
38.648349969549,55.295358165405545,76.98338838122038,68.75462007203016,24.94251685303147,36.11972231281872,120.59018544251332,0.25528572837953245,HIGH
19.836458873788075,51.181878531548286,73.77839032606731,59.82336298982619,25.002341159026003,43.31122768694595,492.9401085073325,0.527919515675819,MODERATE
25.97679442714681,35.520456328513106,89.20866931887389,86.73927777801748,23.618698737931467,28.911908928310663,57.90946429295279,0.4175860324674754,HIGH
17.324907530091295,61.14753733448258,110.6139425524526,77.48997845557469,26.126329172808322,25.73152309508245,266.0028390389367,0.3690165602452365,HIGH
49.84858125197755,93.67884237800283,124.60396176667795,72.71620027557142,32.9676050878613,2.885394224129185,421.6805168093861,0.29362005291321647,HIGH
11.41305584277849,30.6526031492882,80.56163910061161,69.08027347047151,27.247250798236806,24.045804067891336,506.20818926775974,0.6424405418820316,MODERATE
16.22236351945914,51.0399276995103,95.53461103262245,68.34341489541283,30.141396343171326,2.38955819818908,542.5190834021115,0.8926133110834868,MODERATE
3.6374792337647444,42.75636111436902,53.18667320608227,98.58500240208772,26.33430781544142,34.06918079748757,142.17524114990061,0.7062337621680818,LOW
1.7273554271283986,45.67716152151277,66.9707523430066,62.576785186137684,26.176746636092265,23.574831218972612,27.239681182211196,0.2918681113310292,MODERATE
22.887033059897224,52.820758576272524,108.80709361371387,60.95534166080981,31.512929208300708,17.45532013033415,545.0218083993722,0.4655547300257533,HIGH
26.852149519752533,46.622647572956446,53.075597615270496,95.7930759278137,28.27836350309301,34.543010493507666,86.40693129545001,0.5629119139408264,MODERATE
17.106751955157975,32.04950138365212,63.631669217886824,82.54540318048237,26.404164391155184,32.0282517351972,543.7003471292675,0.6514967916868529,MODERATE
47.962086796257694,100.30902110839543,177.99313504724913,70.31928853595457,31.726146735949634,31.99115388063955,12.628073410912165,0.8466988046294488,HIGH
53.84968542317658,103.14398245255381,130.11522076311707,86.94808569596398,31.587207579819488,21.117879720835695,351.43357085571193,0.4741801514027688,HIGH
55.25841696400993,84.08760455721232,103.42978099384226,73.84097224649919,28.21964089033669,18.1797501194427,181.9501606033822,0.6850275561432698,HIGH
19.15178428446868,45.97811872259214,52.69300472473428,69.01067800197053,21.59244182913633,22.725771188311377,181.69403871889122,0.47067684519691866,MODERATE
1.8224645955502705,56.26142941695344,73.14438203730154,55.44609562435391,28.181765287606254,3.6609249774198167,315.1047257299454,0.9263629207453544,LOW
3.4901851559421604,29.585084050026996,96.40231887875706,65.47018234216635,21.844615394499716,4.496371320423221,383.358327393977,0.7986910427678576,MODERATE
25.60721791190408,44.76996807789175,123.46686899721645,65.93822983846059,31.199521212742617,36.74237659725142,250.2508646601446,0.816837549532236,HIGH
19.604785018441426,69.2368755964864,128.90495430785543,82.4335069547686,31.75450463403541,31.006323819714616,476.5120533125632,0.44987400404353306,HIGH
22.495170662387483,74.46774849564645,109.29465658748273,68.72502960720459,31.30761401891777,17.142953212120567,231.06057510604685,0.6332088224477459,HIGH
5.277909527707607,51.54103853546968,100.43328197503824,57.06359598889132,21.316601852868285,14.633815113237796,237.52156440729894,0.8312627265594806,MODERATE
48.041518254756184,88.75807103316393,147.21484991408184,77.53335995709493,21.22395719987933,17.07905741074567,410.16543473300607,0.17202684459309447,HIGH
14.492451691296848,15.40805227793926,41.50910647224769,69.2887239717519,26.706846012372807,9.591747582939185,301.3261456317188,0.2497906028240271,MODERATE
47.344007780224416,93.26958605045792,126.33401819894348,93.97588753130552,29.301523416880006,26.057595560924184,350.9698032754333,0.5279364807869825,HIGH
8.321654410509877,57.7600289981529,75.91224522714785,93.44751837716056,25.3613776879702,25.665441582505956,340.16204062270793,0.45652031650022273,MODERATE
59.47221571090655,106.10065259258394,136.87002165909024,69.86212947950312,32.420584499798046,42.41620054131599,198.8451306703839,0.2609730982520354,HIGH
32.12223161627169,57.57034199816074,92.94453251138084,81.50882596297083,20.1970707021984,26.321288957174183,375.37760769717795,0.6189257533907264,HIGH
0.10492087507086634,31.35983193757536,104.75606651544743,85.10686289648407,27.220275196787206,18.185796880202822,120.32068366935594,0.5374098552404839,MODERATE
57.520012176888194,65.79789075317363,115.38671731392111,78.05592353310493,21.27386668669874,12.469635881508136,143.86522964832582,0.22570699794694576,HIGH
5.612961877530667,51.13868185080717,75.87736451688792,84.55790747066047,26.83719632279513,24.17359926207871,250.8445547440001,0.17798292933462112,MODERATE
4.3336235694754315,11.20099424995626,76.32478016188207,85.7776149193243,33.45216661493372,31.71780900035862,125.89666730774097,0.6450525977752675,MODERATE
39.81628322866893,55.15335092685159,88.17322498600194,90.00712205987404,22.893354867650853,3.3053889815271633,491.81765349604984,0.43857607128256526,HIGH
36.41145390760557,89.89508965399304,105.54330895414493,66.61300453852515,24.702282403380966,14.019494797523443,273.6804725596782,0.16833188356022513,HIGH
48.4071378412121,103.30785571500635,120.35303250469073,72.44959875916162,25.25112180536359,32.30874287448498,229.6614062652781,0.8829355795913302,HIGH
56.86976840393532,71.3537822711614,80.75969124095818,81.72332132306497,20.869490388786115,19.814425718765445,109.19131236123864,0.8525461078914486,HIGH
24.26110867993287,70.12218566549218,117.50586729010523,87.80681036389251,29.323569084394755,35.768314170347885,404.803907528307,0.8341615174876934,HIGH
23.36457351338427,32.992606565355345,51.581616849978396,90.88891505887622,21.627603004108526,34.796981221719385,28.16524875873882,0.16302794582121807,MODERATE
44.03808195312747,84.06823324277491,146.9589863458001,71.24793752494631,29.581330895256222,33.66205866345614,128.23913972253513,0.25396516599371377,HIGH
3.637525608131258,20.4167157676271,82.46205175148522,64.98443144135356,31.6799539629963,29.97656258722388,524.5914393864063,0.383204320463711,MODERATE
58.29919527524024,101.06216445212243,104.80130449247501,67.02741820123761,21.615307540822947,16.269545563634104,322.02181114502287,0.974218916740554,HIGH
51.49120127529487,68.82848909022522,115.4900980007444,77.08038572366073,20.263870515033833,14.12114036469676,277.5621984283185,0.5821051588136634,HIGH
43.04278603690808,59.678316578981374,138.23386481237927,95.3829285576531,24.169752980806912,7.717674020661252,124.17364981000314,0.44923494613236026,HIGH
28.82145067638648,52.73454587037186,101.26384717432545,86.68506729328658,20.145716127069292,7.561645806891913,242.3834943907298,0.5753319116452597,HIGH
44.749607899101264,86.09546525624347,116.7607391797182,83.18234048857309,24.122340995616156,23.940411932171564,461.79187100685607,0.7724900500002065,HIGH
1.2059947473146404,41.04964627318246,87.12576987712143,94.25589345360838,20.7864721372116,2.0308396698398683,167.15575263339994,0.98137927583944,MODERATE
20.723589343449984,51.214514410447265,68.39970000924075,77.35357390772663,30.682170010209266,15.637359155659938,46.51400585019287,0.6552341501305102,MODERATE
4.37272565542081,6.085966914921457,18.599272749313727,70.27101428312673,22.296630270433187,43.42430029487059,377.4655881318722,0.7986155544563761,LOW
40.962546241809726,58.474686896694465,60.305972878163836,55.575129957896266,21.99432496610819,17.770744602082885,290.4379134881985,0.7884794613397185,MODERATE
55.805562858024686,101.9250000411765,150.06614169758822,86.45886769007116,33.40986756812255,42.44707676773,345.00907798390585,0.7412207449716065,HIGH
50.27294979053262,97.94525737121086,140.70590873706698,80.05193821065785,33.50509515093562,14.508120114073346,188.42357614830965,0.9959997727128657,HIGH
30.781315000106634,63.569393250254365,93.93257635997668,55.307828193562365,28.09037833117278,36.29210979605647,242.67468364371547,0.2544103957708165,HIGH
5.011516002516236,7.766536674749398,76.65929938953636,82.30713080282757,31.184112973926343,37.48573048283179,16.820245930851005,0.6150836024594355,MODERATE
9.647348398078044,25.490569276760503,40.01225708428715,77.79794296670715,24.548382140654986,5.690724543241985,442.7748532270014,0.8680634470958393,LOW
32.82732424174939,81.56438676212164,124.39772313666303,62.15971570935241,31.30822002375873,25.42295757828328,211.55000730246368,0.23074792807540168,HIGH
50.17864838739268,65.36372867523913,143.40334597105993,65.01742697913943,23.864764994465368,29.124926561731673,385.4860653481182,0.9408996007292983,HIGH
17.88148154178984,23.83580813449258,89.46271457674408,70.53826083230958,21.53450508707916,14.925835542213942,190.78585945436674,0.17919519160840175,HIGH
59.319748693469364,105.6379939385615,150.53124889936709,74.77864995719027,20.477505435302387,25.404286642897468,188.7748765594115,0.8371389620859241,HIGH
9.41106342741447,25.233734529443414,85.70373900157094,98.55681063694999,27.48687018862885,16.06736209886018,378.3294687856929,0.9733459919382961,MODERATE
1.7667723867389995,12.659309936949523,23.049341883919638,80.28888189939317,31.750902026775325,16.424497896403736,451.4882268912918,0.16306097191630572,LOW
5.327241667552536,17.13236334358346,84.21735474902908,81.71784365861359,20.858344679734415,32.144663460529806,481.7599151565889,0.5275798618826433,MODERATE
29.04776949578117,77.62562071300994,92.96925223256775,67.28353096549034,31.66701530683489,12.92980125992765,419.23316209253613,0.21645400504927564,HIGH
12.227831052491428,36.43313361268062,77.9855759611523,67.62381489008322,21.14028219959398,5.650536392083262,462.2830836182616,0.405078243638866,MODERATE
20.786400775451508,62.90264460092037,117.77625503694927,74.53918395537863,23.50829430486929,21.71353347493336,464.47771652505674,0.6674822150481562,HIGH
16.05606040221933,34.30093413731439,92.64191053629177,94.69746115167227,24.339066166218963,20.475654313912063,131.50263074940855,0.6275017807921789,HIGH
32.31597981374226,74.30924439935328,145.06909238431876,92.01890892939223,32.96845038477688,24.044651640483597,56.005370859238845,0.8268609188475101,HIGH
3.001059343643049,8.792595627217594,61.90617594289185,85.70051310666071,31.22164850391247,13.26075622717848,406.6435445193505,0.5304718449846662,MODERATE
1.1100493015450108,41.31812479922824,94.145434778288,71.29640835038182,25.850572271796068,7.7901112355350435,444.55787870053996,0.35828578333539607,MODERATE
12.938846397156942,56.28062113611019,86.72049302010481,82.3201167221574,27.302739376334237,23.283030670551263,338.6948263514561,0.5609101617846008,MODERATE
4.620706853816077,32.28440395186097,75.12081821721515,55.762955898526265,20.0366399016712,43.97333417257592,182.81455823682515,0.24551134069304903,MODERATE
5.855228546248048,30.178240074123046,100.38590282125435,91.3230609546168,26.935092311906043,34.04723856831242,374.86563108062023,0.7785179293227588,MODERATE
53.44167640531616,73.45773428540615,113.12139142292386,87.33188742521385,30.451666583681956,37.56724090332856,46.16485021643411,0.7257942281038774,HIGH
46.220825696304324,80.59718809857222,128.34609137790756,68.49685176217328,24.980454752999567,11.81057803577706,6.200913554490542,0.20743300574378312,HIGH
4.2369282639466626,59.08902818775502,101.66383261642845,95.85965614226807,26.500959236315893,30.728435134605714,404.3940103504456,0.18998425908318256,HIGH
36.26916855186334,41.25586697210693,47.79982736091684,66.65661421215385,32.36372341247852,34.853837055233086,79.00532814081508,0.39220852123275873,MODERATE
21.76392618961216,34.14605125967649,60.66438045065311,71.92568364846295,30.921653479770626,43.13653053170755,111.80270687381329,0.7287211856058585,MODERATE
11.94072958908784,65.44829053532145,133.28308575734377,84.31349004678742,30.420810041703845,16.17058320791175,29.924620818727902,0.7026883159370682,HIGH
1.2123160526346433,51.11407742778496,129.5271993219862,90.26778007787206,22.784823308459437,5.965217220688264,392.46254287992366,0.9206350800360794,HIGH
41.98607379155486,68.53179600964091,93.24467081023664,81.90351872298338,24.91073978173049,8.650155728759092,259.9323326199586,0.6249952565268987,HIGH
40.8286078068749,78.98487721796224,104.4890266195564,75.94758610254759,30.48681085165054,41.65025514474499,396.5364442145865,0.579732367645853,HIGH
1.1789742856414076,26.203091076972754,65.67530023957988,79.24543966956945,27.617144101942003,21.745723114092964,232.66285079110918,0.6020093611401001,MODERATE
19.10837436524102,62.66063677025083,90.43302667740457,94.06013647197622,33.26937048187922,33.14646735634824,58.72050526745339,0.843603475140452,MODERATE
51.36989390540882,53.72694716701576,112.63151415747194,88.34071271556533,24.991298761515736,13.890668735303679,8.255199711918536,0.9214559518912817,HIGH
21.708062019818982,63.69507189755905,78.18083531753874,88.80815561707848,23.96302803087174,26.30572375625811,141.92809926273176,0.48015124862599234,HIGH
38.09964839221275,47.20172417291841,71.80306795153373,72.0815984462374,25.448736688963667,18.749773808346777,136.15793326200182,0.2538684978941644,HIGH
44.71724891430234,72.14958129782141,136.97586478538193,64.10833184905918,33.88883776479836,5.566712910515504,14.851862069446609,0.9719693084580949,HIGH
20.25791525659123,48.1134626620307,79.94915588357124,64.5186906249705,33.10766542455276,42.30612490340049,273.1967987663364,0.6238545565728075,MODERATE
23.401387781623168,64.86804135117748,113.37194365414979,75.3718497270105,21.186993919571826,39.22268193553613,364.483544796038,0.4173819036897781,HIGH
44.37150501159933,76.16089508253445,82.67499182417862,61.222821026723324,20.88838952167283,30.858678350112697,144.52367678236828,0.8346908280586927,HIGH
56.38805776064711,85.23698936922035,114.75571496219652,67.53699503081572,25.285047842802488,27.366079620774794,182.79833527099268,0.331282639838978,HIGH
26.212394109251818,36.89184740261784,87.8382239462327,80.39878365196813,21.057306823448563,30.580323376607755,399.88600560646387,0.30630532394433607,HIGH
37.43888026111395,74.97694347021272,97.83018199659848,88.15857047127369,20.691140952277415,10.79085498634922,176.67850744669204,0.4002770411315517,HIGH
51.54763727203257,72.20574800000108,118.87692049624428,63.3637301378151,30.605961055380092,26.098237484546004,277.61272708362475,0.6410756028498564,HIGH
27.442293399738226,58.607185135256174,69.77271809130603,85.35002077372782,20.844402236145363,12.745076815977628,230.00998707671394,0.23106478467749078,HIGH
16.537560615654197,38.4182340721141,93.54124376539806,71.77806518712626,31.337776729158406,27.283607729843602,413.32075533767164,0.5842818664166228,HIGH
21.273296091001313,64.78204653752789,136.05128187579942,63.11677272809452,20.658105602325463,42.07361336592518,273.51441822901734,0.638900766405224,HIGH
27.23361259941641,50.71083431825582,92.70245734559168,83.98694225438206,29.146562738265416,30.70266585121443,490.1474395300021,0.602298911369712,HIGH
52.4218283339512,59.414714857185615,68.25574224773146,57.301499263610474,27.86279667113486,18.445950967418614,92.99595703833899,0.9916316061486272,HIGH
42.9853701142613,78.43960051617967,91.99580584941039,55.81698942428026,21.375873053166842,35.59979809497539,102.38376556516695,0.34039370124629387,HIGH
44.12582645421126,68.33930953764613,96.04253961842754,87.45438736366106,25.164475662263364,42.48475117513396,68.02140554065654,0.660769049563561,HIGH
25.35931744437483,41.93796596685537,43.175227575769036,64.49541243774617,26.297245007100862,31.962505021138856,138.8514987106941,0.48821167276647903,MODERATE
31.63710735631755,52.36185866006548,85.78983434620334,66.69129010107038,26.19390884455185,2.3414005331502885,392.24966254722676,0.6529237077598029,HIGH
41.27345569496951,74.33590696079298,127.83330659769126,94.85098978241237,28.8493596202739,19.839546524333937,373.2671782911588,0.34246971925957204,HIGH
40.83590514579783,81.84199212337475,114.5345391580863,91.7781750734315,29.903296453594777,34.98122302290486,532.818225847638,0.5508481559707045,HIGH
4.057540259218175,26.405447084716567,64.31496410537846,91.09422851205292,21.47594674925792,14.319642175567399,322.91462671303736,0.5178789632182267,MODERATE
35.57486235847638,66.01625246088548,109.8172591132901,75.21821447571713,30.825025358151738,39.856223348142386,258.36802806951084,0.4035146009210344,HIGH
56.858990306792606,78.69208910912087,105.98674570858427,94.18782572994515,22.707422125058212,14.937867573253227,335.0444794227846,0.8535289055143429,HIGH
9.597501596918915,44.381031320733335,46.72039529495439,62.144642211347275,28.16968956619836,17.68608463304927,455.18539638125026,0.43412449615865467,MODERATE
56.08439181835297,69.54235943080472,103.07222121938653,89.42273393360668,32.04825599018294,14.445310275474881,383.88071036921787,0.46938990420290083,HIGH
18.007868646068065,49.022358220026426,111.30141478016822,60.88645419360193,23.83417230308905,21.434719472508718,138.7090389757941,0.28459355562158195,HIGH
16.31138405241233,60.0384708773356,76.52527190666216,78.96858627331594,27.736700844576156,32.08045923725241,543.369655886413,0.5571886508867158,MODERATE
51.18723508610635,102.82313582106437,169.32118910585663,60.06167943732595,28.185076397098964,25.607624029648168,365.16567036660007,0.6448634958897221,HIGH
23.825904136743148,46.59450860627837,108.02116334570829,78.0050073873677,25.570840456360216,29.244636230174784,302.9288885489798,0.8362546845246986,HIGH
52.309239543792096,67.50216149975142,136.9334088431084,62.04979280118983,22.04600368982389,15.787572925658523,259.73763483488244,0.8800876041668918,HIGH
21.47906403843909,42.321897843670456,106.90208061424684,70.58281911529505,21.612650429666484,14.377643661154215,109.03762330802006,0.9227420247164185,HIGH
34.15681246712164,64.54140331946235,81.86500105617286,93.15637294310255,21.720506183098284,36.91232671758205,154.30322724055975,0.8393253774153798,HIGH
28.25493167196487,54.80986596134737,64.29201118583171,83.04878241617351,33.48279581147049,21.863986727341967,292.31490457877334,0.8077856111052705,MODERATE
5.384658364088759,42.04972543638581,73.70991458349759,95.82278308954902,24.219504750111543,5.02227780027169,537.8957199143595,0.7883234923905437,MODERATE
54.23779834263731,72.94634963543534,152.49244048815257,91.9826953196351,23.534170958780496,41.71900503007776,246.9881005659863,0.3255122144124661,HIGH
50.83907647207373,94.4665872030144,145.0193725031154,60.41022137402557,33.746767091850835,40.497396203350625,503.3271439252803,0.9932324847604279,HIGH
19.79194567702376,63.1232870978932,85.43870074724599,88.38206930352993,28.676257381762813,20.69722580256813,299.5138326151478,0.9991239589456052,MODERATE
35.498215971778,61.540004471870155,74.87891196009397,75.3804624512607,33.198961862488446,26.343559061760423,293.9410143590419,0.9848168461541721,MODERATE
43.612356617940144,88.68485277227259,124.2021030730675,85.20322777962812,31.205774285744273,41.8701754087317,294.93260741722787,0.17863066666353056,HIGH
20.65676976730596,49.716268243674705,54.06953968984375,68.02198824980049,25.400040114836187,2.610485293351071,227.96848619636842,0.8929518455191087,MODERATE
43.35164126339512,97.6299028324709,155.11176246598816,96.31098778246809,23.84547016134704,41.43186901646636,523.6515999045151,0.3956249364613168,HIGH
19.773758488232435,67.91682172834452,134.4885206970631,85.64272407912938,32.3101985627376,21.259164673530968,534.828426093525,0.347457578498491,HIGH
41.51385908059405,43.485053126866134,43.72038296207739,58.0067931743299,27.5102164490484,35.872594632931026,471.0438776904748,0.6530297844850593,MODERATE
21.917782993782676,72.30912824481233,112.79931746664067,90.11963067035897,33.55029141199827,12.50876925462722,209.3063261239799,0.8909173538317351,HIGH
34.608924982241604,83.8898040314844,85.34201673946517,90.89643886623288,29.33149082135622,29.33648630783461,80.48256640185697,0.4356260938038976,HIGH
54.98030473603845,77.05704562066212,150.04498489986938,70.51714812069146,28.670134098502785,30.92026862968055,100.88591534950253,0.8635926791632608,HIGH
8.535603156250836,17.343282031833088,33.391268378371606,72.18441045151395,20.31970221161701,2.0044130996793688,385.8921798233465,0.7386815067305026,LOW
39.066934812104215,40.485644583028254,78.94383976674965,86.80798761669558,23.022374516045723,12.680489122211064,106.83141580057541,0.18785419359416713,HIGH
50.27980054916225,86.9775547734421,106.00865942798919,74.25263135927092,22.144687787482223,39.2040959086095,541.9232883102462,0.5767243404481847,HIGH
11.466505420435952,24.19767583725732,66.5172448564318,94.19641754321674,22.296875765529155,27.520238224731887,254.23922428901435,0.3422250474467303,MODERATE
57.252290375144064,71.5796032090075,139.5062887739814,79.15346614633852,24.619462935780568,36.957130145481585,255.52815838332475,0.8562573581119263,HIGH
13.25483013760415,35.30774132881909,105.32937223431937,72.91318202421941,29.729900273675646,32.49987803606251,310.3225052067828,0.6877431922187566,HIGH
19.116812889070843,40.40722008135553,98.56732027211532,64.61891997420102,21.927566194027445,40.61654861935777,138.95681961264245,0.2912430965011926,HIGH
34.18802908902138,44.16464928675859,64.01506631617139,65.36928018194573,27.249710511979952,36.98516489308535,385.9068226964971,0.31584349999906225,HIGH
27.458869257995882,33.76373546486044,60.16158270235812,87.66382868276332,31.39198799460857,22.66419362814691,319.0566644959598,0.6005733684447275,MODERATE
9.843736263087127,61.082236109795275,82.5495267109844,85.21675859724579,22.393811366295374,30.797914834848466,164.31820590539314,0.44640491532325455,MODERATE
10.711957009763594,64.64026143457747,140.85898547820807,64.30627085041908,27.139802674319526,19.49854102904664,7.84430883944985,0.9724097113741096,HIGH
47.932944344373375,51.81467116148916,98.54346890444948,55.47265353651741,25.030730598429848,12.02408281386133,91.92298490913613,0.30179365678684544,HIGH
59.252506978132786,100.22345165905597,175.16659796690539,61.88214301948715,25.412223404115757,9.3448162601249,271.79235929071154,0.47251966602727247,HIGH
9.77670952417008,42.2048781475417,49.562402741434894,69.76304793261117,27.297827682752967,18.077827941291467,99.14449199526227,0.6255164430032764,LOW
54.42613735185056,99.90746772683208,156.7362029415758,87.89531322505448,21.101848106694014,35.50944080352816,315.3698519004414,0.7284267730359456,HIGH
45.022603327801676,81.81145557303307,154.26136128240393,64.15902837727509,23.733772012871874,29.769389550554052,316.1846575357393,0.6501677537421049,HIGH
17.82476065370665,22.002270110879046,40.730725944599335,96.2046647931881,28.797863353178926,33.222733444972135,372.42535837455074,0.41634676032385554,MODERATE
4.906318033455424,36.62021917512712,85.3312712046617,72.73857667761963,24.584852432666313,44.7673624932998,279.8224045466218,0.610515711677279,MODERATE
4.399932543260714,17.66946777294086,39.087468888599034,62.045715720305054,28.919217770022552,24.14456546508034,405.7316131436441,0.8980423610162733,LOW
28.01225046439596,32.86398409946012,59.88267238823492,66.86028449248477,20.783791814692876,30.415404325358683,464.527525614803,0.9416861820925123,MODERATE
34.00308011369116,86.44841498617937,92.72957724788398,75.81600674731251,28.60739766769842,4.9246667670591435,232.84851499680522,0.7969158035939405,HIGH
13.863639905253685,23.22721400886173,31.207867241190485,83.71028416930105,25.64428169036171,24.98935368454358,212.7855740835888,0.9756622105526594,LOW
35.06920489568227,37.25766820287548,58.11550690399518,98.7659298192636,31.42212418570201,37.8837481932479,251.6363373692812,0.7554906504652256,MODERATE
52.16517838801298,104.92339155473388,164.2279940648261,92.1564766427488,20.055449596224946,41.68498320672508,244.57262150836112,0.4474845363871729,HIGH
58.84143974826986,82.95155117864135,97.10243279013966,60.29574997770089,24.205336152211345,8.686690826923972,35.42713245939181,0.7942825483786344,HIGH
46.64880119401743,62.3617420058059,115.43614337030738,94.72660694015349,20.018593151994903,21.17555276490013,311.4760949687055,0.42760630275436107,HIGH
29.80515253791015,59.19472235200635,67.0570018528822,79.57247672007713,29.705757308781358,24.51851617155095,229.032364833119,0.20362870300630814,HIGH
11.434311985051753,16.003242096355173,61.304994285445694,76.21503840865059,24.812168855727016,15.69213644698478,314.7654520231935,0.9530683971669064,LOW
46.68307351156693,51.02086588726726,104.5249136114398,61.295948574145044,33.52524402783793,23.77932799194116,72.78251733626334,0.7595296268657311,HIGH
22.371821631420115,37.399849236130436,94.49073365541165,57.667798693020664,29.618126126081258,5.301630852507675,156.32435533419712,0.5320372036405137,HIGH
22.742559351054435,23.96220849938131,73.10945915941602,86.37364167841697,21.504122813827536,44.33856789108597,314.4336769031575,0.6609498467205535,MODERATE
34.98603212509165,68.52974419957938,136.29194031197858,61.81547139109872,26.790909018555396,31.674987682139175,367.7838246005102,0.4410615446461058,HIGH
50.616104960397024,61.96743636919315,130.0486873225638,75.92791655740207,20.745788969606295,36.64590238388863,141.82508513176347,0.7393867256936757,HIGH
57.5181460083062,74.11156630629847,99.8182070593429,81.22796258166103,25.035040566649762,16.463123331391976,83.22413623560723,0.30049620642098485,HIGH
57.56683059371755,77.8175027962493,82.17923019297498,76.09111572717164,23.01559904739438,24.995780300740144,115.34662025665897,0.8725528861983041,HIGH
11.376453600184126,14.933211197481102,91.11954333663333,66.7858966746657,22.644165951173264,34.102974758045974,265.99156815467416,0.6847265912116531,MODERATE
25.983834618713683,27.81778781689214,60.280907101695206,88.71746563319454,32.709414169117316,19.126842429795172,298.33908439433446,0.6388926707292093,MODERATE
18.401612492948786,42.44833448934811,74.75185352689398,66.85920326848758,22.35538016672119,22.310597889243173,11.913555063025523,0.8548508144890858,MODERATE
27.681308001938156,57.11588011938582,66.07612813621749,66.23735579470457,30.8558020582693,16.088340544917052,323.808465679455,0.5139539745667594,MODERATE
59.72637891282583,66.41396391249991,89.15901823195603,75.2309837256566,23.998457923420393,35.24649281222618,19.094567229446298,0.756462921444683,HIGH
21.909414996401182,30.99400804378581,51.170071049492165,88.10542458200584,33.31087409100749,38.34395132466576,169.8080601826621,0.5669901344013669,MODERATE
46.652416122510964,87.03465593453325,113.08570659942868,92.11226181238635,21.101556396595544,9.308574275960494,500.2207754931911,0.1950128079163035,HIGH
36.127127853962186,52.58806308920178,112.65079598402521,95.96695016428865,25.689303701861142,33.482201035377514,433.9266185506286,0.25122009660522965,HIGH
11.045519263184467,50.53941135718671,115.08626086767129,78.02237126766595,29.69122179540791,11.993923841517125,58.42005178871919,0.825455149214513,HIGH
6.531340160919785,32.13277308215341,42.699598663416126,84.00112510490553,30.362592431755722,41.70098159027853,504.1627315540925,0.5295509002663674,LOW
45.331432937665596,58.04580329113367,65.26267795115119,64.98853306381758,25.32580751058466,14.529716603740141,545.3787959835904,0.26293366348979796,HIGH
7.936619186572786,45.45739946176526,58.18660797965731,62.63977902894795,29.99908023199521,29.481761143165794,193.90698515324914,0.25522013816620637,MODERATE
14.055075891844533,20.86709350643912,33.04735407966857,55.63277695164601,33.25022377440646,31.851619373394325,328.8594705090879,0.6073946198867425,LOW
30.897718577829913,34.912568262182674,108.72578520113555,66.67397498555206,27.355547639040434,19.305414132226307,507.25781359537626,0.6989406099009993,HIGH
49.59199769941074,60.22066958475784,82.55185650884152,88.06781464373637,31.70600488229129,36.32811006683903,46.439562612758465,0.5209939736602491,HIGH
39.97824756712822,80.06966858012349,144.62419366354152,66.19302734936595,29.811716031823085,22.42306631123987,540.5651580415524,0.444945199081895,HIGH
32.58541559894983,75.71450686945808,119.16851526045758,59.94880856693999,30.07004015952902,23.36712880638114,27.08050639575365,0.8707577390261418,HIGH
37.743521778003476,43.50994547822326,107.9467555186634,62.25073428404606,31.357442364305644,10.936686274809288,498.4834751185108,0.17955911666392863,HIGH
24.840323726094947,45.65514615090849,52.75368235376703,94.99865590247761,23.719910365320455,27.771439958212305,513.7989805459747,0.8857757046183692,MODERATE
27.585458524393946,76.56464768681975,106.72985177406754,83.88851387803035,25.067209115087323,38.43078927700896,73.73699723809976,0.2655232115173679,HIGH
39.17141944301894,92.67985008944811,99.47604524895215,68.64213133135554,22.309561057122167,16.71240797030926,155.25006819637287,0.7369898576802386,HIGH
42.9757089578986,49.98738513664966,57.57830287489365,60.211525205645145,28.497873509623915,7.55829877406904,409.1026985170874,0.8949735006806784,MODERATE
10.450186281508287,55.77405173417481,99.21074357338884,71.06155053386082,28.35814383363157,12.487992436026447,448.66036133657207,0.45361267351462364,HIGH
0.7065726457657018,37.506847104973346,65.98127631925152,89.5893161675981,32.688393718277844,43.498775495939825,92.75809634701845,0.3320994570211233,MODERATE
34.93027644812463,82.66171458785277,121.21847422085594,75.01192872789194,33.057853135711646,36.94803127867503,232.90679939890427,0.353773556126818,HIGH
20.56397229847309,41.96341772814533,45.39676356798571,63.319714681466834,32.77997910978706,40.55401674115148,248.35481035492097,0.5400662778369477,MODERATE
30.34221373981665,61.730716867549575,118.8010278355239,59.19010037871304,20.724608953203465,40.75800253966094,134.0942010323469,0.5754243594809932,HIGH
59.76486758070687,78.6761112514317,118.39385534737914,89.41887150999915,26.211167475236458,38.10666648835057,512.9186160358183,0.9619431902946486,HIGH
9.613103038962961,26.440019734319446,77.967887434801,98.90500735705749,27.62560555263274,19.157025832840194,315.06492815842466,0.4224510542406563,MODERATE
51.91850126518857,87.13803488783094,102.4504400209315,93.92853440031892,20.797596506246418,44.28363102917912,140.12263864300235,0.4965639794848725,HIGH
35.02022684166856,69.51419271393736,87.12434512099205,92.49915076232094,33.4656869797611,26.99432703656712,454.159542423236,0.45067006512898666,HIGH
41.134925008288604,57.81306882046758,120.73708315938327,65.57110930007036,26.6088272648412,6.33794716632961,380.346098657188,0.45918557092837464,HIGH
26.981995340051427,73.6794694017306,97.61607946469493,65.70323465812136,25.69991207074496,29.030254831826884,243.46737791865536,0.9599056684285214,HIGH
25.51308841089383,67.32538737977066,135.2865846036775,80.70113252312346,21.42780706967761,26.15013619119125,191.70196603368782,0.6575401410053152,HIGH
19.389399332609283,26.298653082710647,77.22268319240202,86.59894403463143,27.131840280995277,12.671428119653578,508.2835386749485,0.6717262208855069,MODERATE
1.6020368375386829,37.02245272166498,53.48528768390063,83.16070684307599,27.995076799045044,15.70323434810711,170.21066847009155,0.275236262171365,MODERATE
12.732414034699575,49.16141258211985,108.99586364870899,68.86122512569263,31.761764126615404,20.638838611011387,392.36316224846547,0.6831121012086345,HIGH
16.992533242713233,32.71564826298473,63.00427574227954,82.58998985150653,29.958566808172183,37.46706162414082,289.7405513035082,0.3076358424585224,MODERATE
50.68663402666526,68.73942871368098,122.53066401803167,84.41629796017813,20.803831993838372,31.15379196109266,21.898079720359146,0.8488982743308133,HIGH
59.81253850642523,111.73646349862116,124.13190544578445,60.94527944466581,20.142093757524517,22.756382094496264,267.3966855061436,0.8011347328267443,HIGH
24.491398220799603,67.00245918468212,111.95511665428529,90.60966909247986,27.403108186033137,42.62949521098355,141.1450382885476,0.15682333221307482,HIGH
3.243560397740075,30.095951176462275,64.08771010519945,87.3976235871442,22.36629460358503,19.766156784651542,305.3582583053158,0.9679201986103655,LOW
45.45625528180769,81.9467990918483,108.96897818458349,96.48306689401409,28.29499609070145,35.097698501145274,496.837558135646,0.45215219639349824,HIGH
58.66563005080246,86.95852718900929,126.07664700349252,84.53990568962476,26.468665380891952,18.064784715963814,379.08833515834687,0.4139987188100951,HIGH
41.25093834477489,61.80829999820639,125.45334530684272,71.49632910949785,25.048000771635476,38.97143566242521,435.5462023842795,0.8897871437393102,HIGH
28.060532652865774,45.5847168134771,107.45074833202571,67.46760375129018,29.680865778793574,26.372796809006772,216.0405390697995,0.5064554978531693,HIGH
34.233027275143854,82.7619878548299,94.28588178844154,64.90430242525079,29.092028806497026,25.491215207495806,215.2512984686778,0.5835690930855546,HIGH
24.07756756424275,24.70865713131647,70.07352401067763,83.01246375695683,20.801040489518115,25.793185541764185,144.19992529933396,0.23281937831594063,HIGH
18.0437145683323,54.594309571427345,86.93746390780144,75.03722460142004,22.87151398090427,13.795562857430545,102.1952317149964,0.45699970810205714,HIGH
25.80157045812094,40.84356351677913,87.00436196316508,85.06918896871072,28.125893119430486,39.516185534079966,431.01249095060933,0.987575879065502,MODERATE
21.556731405099164,41.6942085709274,43.311084043259186,98.07426175963191,31.46097651367154,24.062590312042996,157.04964700329185,0.7384311792376409,MODERATE
42.658672839609494,92.42499281179684,107.03492246115755,96.74904717175122,30.983872167708746,7.992120192061952,206.90369302806792,0.4989400881273407,HIGH
16.778547290338274,39.13344678448513,71.80959984293364,97.84691803694643,31.514855224270665,25.08172808867078,123.15706442082522,0.5619266760972311,MODERATE
8.528089257264487,54.45074281961847,81.74163035979107,73.73556993507529,33.778895062837734,8.619834984322342,25.679841369941283,0.8004873125893073,MODERATE
58.989840425975544,71.18828624243025,115.52424518495789,74.69849329969281,26.095677533501465,41.341696489484185,456.4258857065771,0.547958759754309,HIGH
4.204017851097131,47.58587071850734,56.548836813690286,79.73050918929727,21.82533475890932,4.9389287532480255,174.1097433015265,0.5850436040414291,LOW
3.0226151127088086,40.85396722102271,99.55287655598778,87.04224037942643,25.00931491503725,20.398107988955875,210.5341157171987,0.9721430987309495,MODERATE
1.5061516148385512,31.817033826059284,103.41364538478238,57.47328957508589,25.194470652703366,36.644225423373854,20.698810424301314,0.9585399068308046,MODERATE
59.971811246968954,78.27736286952668,98.44133355722387,64.98913111869396,32.75070344051325,40.32700929961724,273.4568700990995,0.9307534861365165,HIGH
12.487543421507317,35.491053541896314,82.7679617004849,82.32059647051204,21.541943709410038,37.11918830952277,140.29462876017357,0.3169248204984869,HIGH
44.02736042266331,76.77186462986725,123.66924234948301,81.80002769231302,28.241810237057365,42.05216836649881,203.82059420963824,0.31855094112878085,HIGH
3.581006378115168,19.503199108047067,61.31982371001128,97.57749741364034,21.376939922146814,19.405484289576837,528.0343052226293,0.8307397087584412,LOW
38.51288143706785,89.63300586416084,96.43720770589441,86.0419433202212,31.930008587413486,15.187553296240985,35.962740705830605,0.16386950637536724,HIGH
58.787071577232425,107.84068219976356,115.1185310290911,96.90570425089604,29.055890478385688,8.057878842696905,517.3213611949099,0.19438429004116445,HIGH
49.842864101397865,58.55782370161287,101.03372972362125,65.09217980454545,27.168505765958287,34.894918322811705,492.14370552093334,0.7039515284590925,HIGH
15.971333724619292,47.220385080262346,89.04234602417685,69.84156160367162,25.18457841622968,16.894358202456743,40.725391227545664,0.16557187143749683,HIGH
5.126312876271573,13.908712026896476,46.62759623660266,75.80181610911248,21.010001524831754,21.171455472945905,48.1935573891452,0.2827891807492878,MODERATE
56.886675326949565,61.134159873177964,64.85510657109546,82.32226602472204,25.18871453165149,17.570054359433662,264.8016882686578,0.16408910123309575,HIGH
43.20248158562152,47.11118324550083,61.19906208568229,88.21720624249656,27.710718079007872,22.968147010624726,53.36207290117753,0.3201720615033189,HIGH
34.31677125632686,57.21202677435794,113.24542666798885,60.56301002036878,21.890054753452574,16.18207410557978,121.07881801288518,0.2914275715941058,HIGH
57.96775100999271,88.36535290622307,106.94633681481166,81.92720302104023,28.826114673287073,35.396546645096684,377.83323312024186,0.8547465412350703,HIGH
13.021509945823286,29.672268887016553,95.30861700589007,96.53527841258591,29.570790082066637,27.567673482162178,515.2318674800756,0.5374265150360565,HIGH
42.156052758656664,56.404288144899944,117.5597412242225,81.47310396278782,33.246752032991296,22.775040554142073,121.27232020080962,0.2783865829472305,HIGH
30.67769823302461,83.04448724647162,84.10672143069985,90.60881859766263,25.823268534014094,41.815412355180776,423.87784175337475,0.20945410948495097,HIGH
51.483011539151065,62.27444519438304,129.45890756363764,56.37747388120747,29.257431518432075,8.670149352452164,74.50786644742662,0.6700345246201163,HIGH
18.206235225257434,66.10028738567637,97.91253565523202,80.67127486866764,31.731524981796888,11.260192119721204,324.2567794480707,0.8038480122178334,HIGH
4.152494256253634,35.87976315146433,52.2969078898313,62.29942328211393,21.120644367914476,26.68075746558596,34.028661754123576,0.7055366774812234,LOW
29.458002343923635,60.767740713973836,130.02664738443747,80.47450406162861,30.829131009430505,29.830120082325536,95.29033600332335,0.9862797805015577,HIGH
17.573582276316152,49.23618095365643,83.54619356754966,69.47332680873097,31.53682923015961,22.41679142367931,137.20655566375325,0.8954808901610609,MODERATE
3.1685043713039263,9.236130030860371,87.0123667932556,59.66375543111173,21.023610228013798,9.561623113852452,317.0470105551028,0.43148698985512113,MODERATE
20.4167917477088,62.11788544799725,127.67786209864158,77.15254706485382,31.74685646235416,14.11171746829402,198.95505812432728,0.45558385095040255,HIGH
11.29514875421722,46.80326502679216,120.97812558177374,98.37339147928009,21.215156167097344,9.082196080268998,529.2408128064336,0.46297263053220084,HIGH
51.464530064434754,89.89131177279457,117.38052664377203,58.67737368587609,28.790000041235842,9.92092396422223,152.76875939958987,0.6544560145268141,HIGH
20.751485515991938,54.69642113565715,128.10304079031954,73.76458232308714,27.271111195364714,33.85736936281184,530.2254770101028,0.7113782160737117,HIGH
33.04116994545389,50.72386168662399,61.988768085336275,77.97978414472719,29.7430876941877,41.2933897078806,361.71935669472947,0.6867911571145514,MODERATE
14.512905890535666,38.05831345872924,85.06392741033869,88.03955995904191,28.19302031798156,12.165853831241282,61.15186168071742,0.953846396720603,MODERATE
16.127617613401977,32.77074110514834,73.05041646677216,98.00202216885268,23.897041575209514,18.362392101556026,481.80629104211545,0.9065963421761203,MODERATE
13.195413228057625,50.99863309761935,71.1345612259216,59.25395826276799,31.336739804607078,5.3766595092461955,452.7805823307061,0.41905974845360017,MODERATE
1.9216256847831859,30.50982998713965,49.3050384301407,98.31682302732132,29.690982823196826,33.106416748194235,366.66030131278865,0.19230207198939078,MODERATE
25.11842467780165,66.2857125277564,71.58598003407465,79.72638407891665,28.641757775462576,15.151821343409335,87.3006553145127,0.751575995694803,MODERATE
46.83275704653505,74.98757482778186,141.45859291307096,86.05535158644767,21.011344215125867,21.99040580011316,420.123929711793,0.5876712662660213,HIGH
56.57070251887943,60.993104121649445,131.85322443674562,61.218424208379375,26.616305538592844,32.54875564107406,365.7810616905943,0.548592571298855,HIGH
14.28335077979088,43.770894157472654,89.52765653243227,59.04595673407005,33.79392883211674,10.357011346876595,379.46469338773255,0.6740219834948624,MODERATE
21.470118823189623,64.82659416654172,111.60777070157623,83.64977140438923,23.714147206813646,13.221630382888312,60.98552444640613,0.6400999453588171,HIGH
57.23810480700899,59.97736544453668,80.70405990105948,72.55463189983564,28.108540166937388,33.762977168832336,475.4601574026204,0.9718924973877615,HIGH
37.105338324349546,78.47897298115862,155.94964074541548,95.78492382101598,30.31778068480384,40.84595516829455,166.25701944271398,0.4892460369366626,HIGH
41.914951414525824,70.95969944060487,116.97593405464251,74.29871372927516,33.82974323160715,21.6657209159809,313.5763299524915,0.21298426865670192,HIGH
31.572149534134034,60.66762291175327,63.77274725703601,76.3062460221716,24.9968719995329,4.339547344460572,102.5355529019329,0.944573451565051,MODERATE
32.52808956193617,81.73610691186221,154.76626998981303,98.84070582179623,31.562160787743522,17.090354395850053,67.47306740677865,0.6800462611132259,HIGH
18.00998048085897,36.79239561049482,55.143152097417556,80.93915219300803,29.749830879362438,2.3476500749573272,255.07692874626957,0.6808341792730283,MODERATE
26.43004602117597,44.23037100005695,75.17303047945236,66.72423422312104,28.746938977035274,18.205411182736317,257.41353819518724,0.9452539665552685,MODERATE
0.43957938606484337,12.641575435533426,54.336401510118534,86.38138674794729,33.43958942102849,29.725943065255905,34.636690127851494,0.20306414147012636,MODERATE
16.31452182765853,23.675375716959977,34.840919354903114,77.24362025686435,27.705448863303566,18.233586164427155,215.393076709492,0.23272477345740428,MODERATE
7.23092111381753,11.972100236766419,24.98128521966045,85.18439309311289,22.228363593306288,30.580171060711272,288.6105294829005,0.32358614678565395,LOW
23.18589668603883,24.662374828590245,71.89088596749014,83.50956012476435,30.47600580500562,32.60234721138825,6.852173974785926,0.9243205311714792,MODERATE
16.11585667252578,32.688998186998774,34.627076765183375,82.23469080551968,32.44802396771806,16.385845860429573,427.57571445908184,0.6169867211528249,LOW
8.305520205459892,59.68086127601874,116.58681693246791,69.16534833626622,31.009257245421907,6.583696382671807,308.1651224887571,0.48696334523264995,HIGH
27.754774224708605,74.42665695158931,144.00856292912883,86.33817655358064,24.931266701520066,33.52373269937604,39.24931333388996,0.45015027867856816,HIGH
48.95609341992761,69.37189683581805,122.29585756906408,71.08166443753842,24.890586390245286,21.696056763338934,48.906427189130184,0.775930295704666,HIGH
14.377140263448958,41.556787938500605,88.32181589258653,69.6791867340984,31.567826087914327,9.706725872945398,247.1223871682099,0.5954421080527396,MODERATE
14.106388995679605,35.96810691057614,105.61332219790518,60.98894211527819,26.66891435679124,25.63837524354847,373.1942789248906,0.3879443613428068,HIGH
58.22457623600732,97.19927528894387,131.29189533560427,84.63545650054543,21.316647643329713,28.41442191605754,460.0037636973884,0.6667822330630558,HIGH
41.89534060273985,60.579143714711904,105.51077951861032,69.61217379539362,21.2425969149649,2.3524834516568895,229.27855197886143,0.26462965063745697,HIGH
8.097888928727295,32.9441523656268,75.4362064345157,81.58243320861726,25.408672605555275,8.433142494979101,99.02393505335387,0.7852422446811071,MODERATE
8.361040942581504,23.216603403330666,80.85080485448059,85.83687118316368,21.967856562847917,33.22942560944189,438.23960983487933,0.39227620801580776,MODERATE
12.189636312106876,12.881446364625555,59.13902418631661,65.91254449353039,32.80044066891382,26.71988105196715,473.6971200934407,0.6214925267716559,MODERATE
40.49367816876222,94.60436664449973,146.90257961649576,74.38905810931197,32.450099827055446,9.182069649731192,505.41774017733786,0.8532633465490481,HIGH
41.65073248137305,69.91649275960899,103.13716503153036,93.33263252469868,26.348691364286573,13.175423535350259,488.20419633003934,0.98335642614152,HIGH
44.97326900916136,58.96474799348104,103.18058438424805,91.37262658267869,32.970184509339155,35.1634676582097,292.3836338772173,0.1694303425570769,HIGH
35.293631992867496,77.83344612286677,96.38193811361285,89.31600594269116,23.57612852223956,19.84637930205329,127.8088398749031,0.6197686144356315,HIGH
55.03717063967724,101.63032931552897,156.39353684252646,94.97572607933715,24.26639872328781,12.650274398855379,257.3834448188069,0.9052241533379737,HIGH
14.43254793689274,31.660268647443345,47.51517197120512,97.36165476469577,33.13081417694835,11.42266568110661,421.9759231478716,0.6104837655162622,MODERATE
53.7389196174165,96.19058929999454,110.50405472872177,87.4685049910955,23.88023078047731,25.082679473173123,510.1152096146219,0.6425642939958444,HIGH
51.28572141026983,73.5150241273974,84.41832568496837,71.88183451101142,33.37098948201257,2.097003612912083,82.31074689673027,0.5794602012774086,HIGH
20.859813341994982,66.6623149428164,108.95194358772025,89.71122155180537,28.96656122941264,27.383322143437063,55.69855302344061,0.40343175109248874,HIGH
40.43558169507859,60.085610245752,68.54781057669558,57.05069273211078,22.94885006656444,31.310966873715905,451.2913073330388,0.6192741231428598,HIGH
3.335435837755212,17.31986589899953,72.68789286520983,74.53337996927456,31.244638171653385,42.084381217795766,163.83108798273022,0.22672508482960668,MODERATE
54.54888189452636,61.51464172757625,96.15538726830755,83.31914038776782,29.439491844376914,5.283390786583331,502.40861568272004,0.9285061780989476,HIGH
55.04972114162272,95.66679934399077,96.76002411654113,64.07630140032367,25.680062997222873,25.549404666508178,548.0111900433276,0.9645448016950985,HIGH
57.83809474437066,59.18731360412232,92.45011085341928,83.12308406346254,32.66142147346201,26.490343603055322,51.60778055544254,0.881552231797762,HIGH
57.371511847253764,92.04128013086299,113.05566782937319,90.76718067585712,29.74173933014097,32.19318981897831,20.505846241854826,0.6640990124394008,HIGH
36.2631218008766,45.92252332984906,105.9126544322812,93.16655631446847,32.44431203207224,8.275827117311323,114.71081460193273,0.5408097079262435,HIGH
17.065782318556494,27.4915358439659,107.11509654056186,74.67874467488089,24.10013736648275,42.315326081568024,247.97980327855336,0.3685374595159253,HIGH
47.96750526717471,89.13201318431315,99.48734053366985,88.2098753953511,22.2580311603018,28.606239211610472,105.93912690362225,0.17389336859902454,HIGH
41.941865083565325,57.39936729184948,109.05393010452657,90.3127203736963,29.253331913054172,39.772593599226205,250.81174516601644,0.1867151463210281,HIGH
12.323207665131871,35.54582376535349,56.555011055840815,81.0249522608971,27.34379944426459,40.776331052451845,203.69327964891036,0.17216513420275265,MODERATE
18.798466005225723,33.603145412903686,97.23383915868291,58.749099406372736,21.074710564052623,5.139265943414662,12.646643191918043,0.5491758325189471,HIGH
26.3871364831268,53.72124111555293,131.41975691874748,65.43566087958963,22.636105034485873,18.1487534444856,206.45192141370578,0.9093858081645726,HIGH
32.314664105892064,81.39032678770627,94.7822435302225,70.23390012706751,21.500315201715953,15.344227210893209,83.64992005614933,0.4044144152287541,HIGH
34.16438884195007,56.07670124164129,85.81285162762418,94.26653635351113,24.05489411368383,24.91004192634321,95.18993355046301,0.609611339956939,HIGH
16.361228827704767,68.8636073258529,87.33813228506776,70.86741065339461,23.595364989094207,26.289214786722763,433.2063621969154,0.7260058733455652,MODERATE
0.7339518412453416,50.469984397711876,98.17855842869072,67.89409719413628,25.92190743967918,28.572034705883855,306.25126886156886,0.41517016120404027,MODERATE
30.78806749835148,56.86462631180686,84.52292056889897,91.554136634682,31.202736147398504,25.69706388572924,47.96839735481198,0.16943184493269106,HIGH
4.063732024427679,53.0464333151689,96.15473769300337,70.69493313542449,27.879959751930542,35.325367296200874,20.674767032596165,0.31734195591328646,HIGH
12.730822026761764,34.39289041042181,37.93948425522267,61.501177725337314,21.905993741999247,39.70778838377835,406.42931870815323,0.8472196032946109,LOW
36.86192925373281,75.38760976412965,79.04557109793576,84.01463960679789,25.964321318364426,20.454526641777992,534.7602513107013,0.7368771754143718,HIGH
43.31680932763854,53.36894205583714,103.16533993953851,94.94709671333656,20.82591775618657,31.5118402914605,299.01028703500276,0.9072682117958888,HIGH
18.677751928347554,51.47097880307479,74.89279210096495,68.74387064364574,20.54510404902222,17.60963602502951,65.51472639238503,0.7270491347734263,MODERATE
35.46163477409126,88.18303132133083,159.45118134070188,69.32464802751247,28.048500062193263,33.60767472918869,502.2822620425663,0.7828227020641952,HIGH
9.620378348465577,27.586741263970822,91.56026246105009,84.33410760436664,29.377822399811762,23.016129818828677,506.8990789886247,0.8333851322327461,MODERATE
45.591735184746376,73.45449655079686,111.9495775233796,76.42157938795881,26.669151096811508,38.24125514712928,368.2245395803255,0.29943514018801504,HIGH
38.0000443461269,66.71559712449397,118.1519640567274,82.86327466034888,29.221150602632214,17.175976732301763,72.06870022506126,0.949313827104321,HIGH
40.42565924663956,71.06452912283848,123.038118667599,93.29614002168273,26.922950715549895,5.5292220170755035,188.50796527355794,0.9424396181741085,HIGH
47.90165872710111,62.34704594311346,116.16087269791736,87.47264195086478,22.17190982328066,18.425593502364137,75.75474565825667,0.6217434524714324,HIGH
21.830304495811173,55.13961718119171,102.05222716536382,57.996255580094235,22.67261901766305,24.571094326539736,490.83850550257205,0.46141316291671564,HIGH
18.69852516525556,68.41984000999749,140.8745438570307,86.30813720079473,22.450171844031132,28.95087308143203,114.3569812902691,0.4334995780363129,HIGH
32.103481419813335,38.10899695464346,56.50052402768774,98.85941954865564,25.51200056406277,42.34257790123687,427.3540757459315,0.20272679514193231,HIGH
27.867901328808266,74.10377753055522,116.56290751492651,93.15466820841928,31.36430268371499,28.742385930050737,298.91345810906284,0.8358720496361757,HIGH
1.8535951277195806,6.79929571924807,76.31742839995786,70.91351367534313,32.81992348660478,6.117000327914095,127.54237557426625,0.43382896724684505,MODERATE
28.45927779947194,39.90597749651802,83.78908738232664,67.27750714594283,22.41644929395203,19.72760938789369,127.00137690517069,0.44460683558152414,HIGH
14.439546444383351,50.3833451937048,123.74516301881627,65.25518038439287,27.2363247549652,29.565076225872023,541.2491632540402,0.8415640080877671,HIGH
28.561732593789205,73.56420418518633,123.24522057405136,65.57159694910571,23.750082256502317,6.518283189944232,142.82791374921072,0.35504614365226006,HIGH
58.7408229458852,101.71386915046966,131.90789608855624,62.60269935926432,27.48370905419798,35.58336410238557,84.30408840386603,0.8316478661153777,HIGH
26.503595697907667,72.76541314916068,130.09429679362708,60.90239608103684,23.759079748311148,38.00457250651911,54.739438033350794,0.7620521846858717,HIGH
52.81024964784479,78.64200173541117,152.24994921389725,59.23310018055559,22.81988558914777,16.759503241885625,260.0938401889929,0.6032986030352162,HIGH
38.70906272131313,53.198385332294514,111.50588115213398,98.59702464150774,22.66853619614001,23.356254161012707,33.18336268937552,0.8386106164960355,HIGH
58.590988402155986,97.0244152643044,172.02076743643715,94.89220227540244,25.331433652009462,19.109983247096334,439.5063767168591,0.26006928750501934,HIGH
45.056958912683996,79.34049210995919,96.34527914863493,87.30548369742453,21.539690246371816,36.80479784544361,413.39892211800014,0.7215777878251495,HIGH
53.13402967823778,57.85928187977318,99.11622307168622,56.452945996847134,25.578998941073248,40.6118462957803,288.70053188913033,0.8945906943524788,HIGH
2.5255869340201076,20.96737072234234,41.58811115993332,56.2230007810713,33.07003287653147,23.86143494318375,386.04552497714644,0.322328995808447,LOW
23.122731286891707,32.64195118061805,47.88573289711463,74.59659219636684,26.017199948463798,8.836980668267396,520.8675299670326,0.8020298090702891,MODERATE
40.22222642769704,69.98339769264028,134.30222060357391,96.03818952346705,28.788325865227726,28.04901183618997,478.1602173271253,0.7887866015244673,HIGH
38.70522593378846,82.79749909651706,101.01058285398335,79.6726934716315,25.65434426528735,28.381819754454696,41.9821321293887,0.9517732376206439,HIGH
46.1642671483542,81.33029088320603,97.46595185955566,86.72795789146664,33.67783613412206,29.740634955526,266.60613876207674,0.417023259145221,HIGH
36.9950657947737,37.233510094383504,108.15402535388709,66.36081391962101,24.664299962068686,21.17414746052895,229.50051191048078,0.7544117123840048,HIGH
6.5908671457885015,18.88673611796546,42.904086645466705,82.6150629666646,32.63831786280799,34.004304875940655,314.1635796470292,0.6258493168868998,LOW
49.640777168759335,63.526123237717435,139.38554055489058,72.79491290808994,20.797098770070328,38.57244954874331,435.0315106404544,0.3729434412471391,HIGH
42.88400381294244,84.48235396224186,116.1006635907033,56.08453314798547,33.04027157333841,5.8149612024103,90.15684899663641,0.40337079024124867,HIGH
16.319360917738916,64.37186115597106,90.1308481694006,73.33861085156195,24.995750277239743,22.840581039763755,300.7910596461433,0.7365445842661824,MODERATE
0.9536440142024616,7.441350656020104,33.85637931224098,68.07014978532874,21.62800121482172,18.26919208595712,243.3232454928098,0.2782739989418834,LOW
50.503008139775474,76.52505359734697,83.94613602082573,84.55226722664395,26.198934347474953,18.59237113497929,446.0698151254913,0.6842742588987243,HIGH
21.79650596654769,53.75060443727853,108.75460101689313,72.88631731010298,27.39853693107876,12.344437594295517,338.05212099647525,0.6930454434375357,HIGH
39.39612851691009,67.69606507556335,69.55476476401225,67.88391097425021,29.595586576439132,43.8308103383762,177.70060715323444,0.28024202736041015,HIGH
25.714561840848816,65.28000834279953,113.53144162907896,97.79358304345118,24.49131292038796,18.415557196157355,499.1110023441194,0.9244568031351761,HIGH
0.2659256625032991,49.35842685446857,92.75313977114811,77.08605014224683,32.49902437401943,40.02397901111672,431.4388055643227,0.7574837225442603,MODERATE
58.200875023801224,110.5573589648275,130.96524566916318,78.95104772014807,30.114130682159093,32.35851407685219,452.6966035179094,0.7927743955128658,HIGH
48.18179932383636,102.99882267428788,148.28010575429533,65.00716758013323,21.002155849030522,5.952055176080392,190.46532465259654,0.865194734934504,HIGH
34.43666925995335,88.20707901822985,89.32061528116536,74.16469886948134,23.936983400664676,10.151665595967776,493.3066370863981,0.975389217942293,HIGH
37.94480627152573,75.86191870877519,134.58796738642428,59.9634390592358,31.262323387772415,26.35885682765846,112.14024738739818,0.7870484013817116,HIGH
58.357366919333046,109.64736305732384,186.70892605696656,78.35953635797424,30.420325018227082,42.99467353112031,402.60106580364436,0.6513851905375697,HIGH
18.350527838775527,33.15873461952982,109.12175430964794,94.31359705381607,32.32996803655299,22.339979780609852,186.05307085600705,0.5939725691907862,HIGH
31.709078685562744,39.41304096657474,57.038074725974084,77.22503447223696,28.10785977805187,35.537164504082405,215.36953291005403,0.7181103858592115,MODERATE
14.51035293847352,60.466274118886446,73.78820829641194,77.24093107611569,24.16415828188508,15.749718593418024,330.70370791787974,0.6946989984750681,MODERATE
29.89680566756959,79.56530128283472,106.21398033131732,96.78469086450231,32.962489979281955,3.246206091384965,421.792047197138,0.1937702533965295,HIGH
3.216135356660279,9.727683896475986,77.33935267502689,85.93533737685988,31.211800175354906,13.123274673740692,168.66756198718252,0.3734955279914416,MODERATE
50.95917719617015,69.41567248291926,122.41026947550822,96.68990061893207,23.719156475797313,2.346582913443914,46.374818562806375,0.8297270584151044,HIGH
46.21496033292544,100.26733667640809,160.52828309315768,82.89552142505426,30.901583832841254,38.71210652473967,202.57378651212775,0.3758472233049086,HIGH
34.54372380076997,52.06988783286908,82.12599517525982,89.67773323362492,23.694158355528323,13.24072854104115,252.71825627539639,0.35557469383581536,HIGH
56.7608416737922,93.75226390937144,151.0443423286252,95.8972924480608,33.24856720665428,19.9105440331489,541.2173290830546,0.9273156551134015,HIGH
0.13002591313161949,35.41294857601229,75.07611365321674,63.74017359064152,32.85798813784186,35.131934335081105,253.96125851765933,0.8423851693731682,MODERATE
21.286697595862268,40.25361523109506,53.54805614873021,83.66272564318622,24.636493023876785,26.528931338316866,472.22892572868386,0.8113143646231786,MODERATE
3.552049206016623,25.143608429165067,49.61952807302464,72.77475118556991,24.865984864562048,38.75130719263321,460.6724037952896,0.4679148283917445,LOW
57.90042060884037,105.94387759382246,123.4804398602389,94.56892245756623,25.161876910478398,8.955171241036929,235.61086923159166,0.7878424263426707,HIGH
24.240861861530753,64.84695244745566,75.56617618827173,70.36974337801158,29.483373598535756,38.863375412897646,168.13826487033282,0.6297822603185974,MODERATE
22.960445644245954,59.58483407322488,135.19977332851562,78.81936770113242,31.862104502956992,17.677574339516525,393.2697951357535,0.34392645648086917,HIGH
42.00101072486381,73.93357007563381,138.50433631701725,58.61580820845983,23.033588849877162,25.858168290823027,380.257353901906,0.747655341910717,HIGH
10.50696788823235,64.11852419413174,136.68524628867243,81.22129803867712,29.971351369634675,32.476921182753635,354.9099091971805,0.4573197464492982,HIGH
30.77428814063651,80.26822294328902,98.59876176853012,98.28322394578463,20.810843071901626,28.8232680560071,181.52193280611672,0.851156455826205,HIGH
38.304940990509934,48.01182749191729,120.58423281094508,94.81726134090539,27.66592853615297,31.575118877048784,100.17058440244776,0.8930732029343538,HIGH
58.890723749034535,68.487646737773,112.4649392342973,96.71681969892,33.12590687131977,8.267781042117837,374.0026040826508,0.8712278645282997,HIGH
43.19494685016867,90.08530403729623,98.44853875778865,56.48051903623493,32.7048335828988,42.28907564887687,374.06968438392465,0.7280848017728577,HIGH
55.54051316090628,91.26120625763724,109.31294762344089,97.93369120895986,33.425075274925604,27.941895110441937,171.27218448402658,0.2832581213158161,HIGH
10.999741168991534,56.672377303861985,74.98490353990596,87.42446389019125,31.65462170100034,13.811771216822958,211.79780444779777,0.561732293968996,MODERATE
47.9094040902682,68.52376318294822,93.94241844426509,79.97473929479179,29.105880720119508,17.82073463796241,267.66912854064395,0.2425404766660041,HIGH
36.22515467120519,51.57011533249331,113.74536623328038,78.25393930048676,27.188315413088027,30.512124409143926,396.25890527282166,0.9723155213846788,HIGH
38.92360178398858,66.51329028271834,91.70544509397918,63.10180015874886,30.767734318082095,35.23429463882199,67.55088019542141,0.30371521884333874,HIGH
0.07878079338235366,30.30023608198601,98.29209134100233,89.89000968282207,30.096799702664775,18.486983823608888,244.34634186341506,0.7757651555670338,MODERATE
57.948126559543454,100.48300559158199,159.08206413185772,84.33707425925436,27.537390538423534,29.759413340542377,80.47074032443058,0.48182374563216424,HIGH
56.26676957988001,61.26442270079239,121.55169036555009,61.20493127141053,21.12171095384939,26.131947066861837,389.4716888219601,0.44978938330132257,HIGH
21.509803823198858,54.4664797417899,65.51010794696757,58.586498118395454,23.994228686746826,6.293239623694429,423.26633705858956,0.3689244954186027,MODERATE
10.700294376532984,46.72096363507224,122.35763598866298,85.67276504445189,24.176744603587377,44.62216221365897,430.27605870778075,0.5237745528704204,HIGH
47.66550549370452,93.66311726208721,144.5014711312967,93.79973831283067,31.270124332935826,5.259848675108675,96.9847067758677,0.8468539609313976,HIGH
36.83152807110462,72.98016714027807,113.57132878519506,83.27245650158815,20.425992027918078,23.292885972285013,137.19701288022424,0.28705270687867845,HIGH
25.039907339674702,52.45293253667177,104.96305015579102,79.3410938952538,30.26827140094479,25.793093046561083,45.51839840533059,0.7611276930321245,HIGH
35.21688096563907,84.00066587902603,120.07657568550027,84.70501110617721,22.64385761495754,43.646558497179875,152.0145163327592,0.4605423641082317,HIGH
24.027144576888904,59.81154320801457,62.45335782305783,71.12586531797061,24.83529974322458,42.82173789741891,336.08336780112955,0.24204938049957178,HIGH
46.93969247958506,84.12350520916254,133.0365711096963,78.05575039160402,32.39652105091939,35.13558245324598,301.18694837421793,0.751785875777449,HIGH
42.46872656424737,67.08436934355996,102.2005803154776,56.41960503137939,27.484854707823484,23.304471961886144,11.813983308272789,0.8276365656274962,HIGH
44.69342555217203,98.63424484593898,104.95268233263873,60.99300678420025,32.13501509014497,24.45068418271545,249.98509124724305,0.2644279552229397,HIGH
13.670103199475133,21.873248309910093,27.79140917943723,71.7255355936834,33.57957276002344,18.389419650646,420.6826776021053,0.2405040436049443,MODERATE
18.663768309688567,26.47322396582084,61.9137278378892,93.03398539358562,23.962775002688844,22.680835955535013,543.5245339130298,0.657672081680882,MODERATE
56.79338092420245,99.20184032739775,171.88960874894553,79.65085018237949,20.309383799592798,30.745861100678123,49.88160774801129,0.659818765796755,HIGH
55.06570665605062,65.8117072755091,105.11139552280615,79.37478430826987,20.4639299931265,17.217114069900056,237.9619448506502,0.754544544709156,HIGH
26.272022833476775,51.48424334091385,57.9025503163965,58.186958702164056,21.083594559582338,18.677464704590758,245.88498949733798,0.8772282739440583,MODERATE
49.71261342064755,84.00604628578199,118.10632819415319,64.66961797269565,25.567291352139325,21.82681124868998,355.6245651377141,0.730978143791111,HIGH
53.48909346327545,108.38382751683775,147.1460382566114,67.61008282821517,25.797193019045235,27.976963134012266,415.4673764899451,0.19005274629734897,HIGH
45.27211816529753,94.1122841020723,150.53738568127875,93.53476619432863,26.727042220251402,44.35482785972946,223.88132609690297,0.28610261488364824,HIGH
32.09788435403974,33.748515622682284,36.29627116529867,70.4168875780794,30.597587427108376,39.68693179710017,172.29898849144587,0.7157996450460388,MODERATE
4.104078727257101,5.506432263194725,74.23563520570387,84.88994343299423,26.249829888862198,43.13847040433766,25.50675664598249,0.4448183093649021,MODERATE
44.992946925775115,77.75512105720608,120.57000957797014,86.41298655781223,29.080719775569612,30.391761977766347,372.22653865120355,0.6443277712995874,HIGH
29.822278563437596,55.03438901693539,63.307378348538386,79.91601637654566,29.006688106564255,38.94041248521514,193.69925779806923,0.9083157690594826,MODERATE
54.856296588680564,66.64439962071388,120.1126170660266,89.83182643437311,30.04458770572548,5.691461022112613,78.49320470723026,0.3691013934787266,HIGH
49.44460739393273,62.31238423671263,92.55732153807722,62.98628806082373,33.03516132915085,3.7965873336389486,322.076142417143,0.4155251018610544,HIGH
44.98903113879417,98.37105419406944,110.96556710761742,74.0322429446461,28.545063777781834,8.079188423537367,338.99236901358444,0.3946443127644981,HIGH
47.47842453390692,57.6128415485159,101.90796616700808,62.44890648117388,20.45532813105151,11.567613997841477,435.07367846680575,0.5840725334346759,HIGH
0.7089700751691153,23.122112520920304,42.0847550165102,66.47003358305987,21.483792970896662,26.222265708585798,22.081540863509595,0.4555185402825309,LOW
4.689591908418236,37.524308114330545,115.46096297609111,92.57537019992608,30.207846572505577,15.902923129810917,495.50973099254827,0.8673967930174117,MODERATE
12.237645553506649,12.672299546126961,61.89598097131277,87.16121232599797,27.327165378281602,28.556001010758933,377.29499321883776,0.6347816560777642,MODERATE
38.09815307447187,40.92659660264751,74.99011180035444,67.01637129784791,26.60626417956592,29.6422396414379,133.40683517918285,0.3652168625431057,HIGH
29.299921827086354,61.608424918547925,125.89763803394719,83.5901125906675,30.539582863412274,18.503104880939915,173.39311597809342,0.2952785935034929,HIGH
46.29137993772349,91.19345417292108,162.2611987272037,80.68032187333131,20.77937574406677,17.023385935495774,313.8074055352097,0.16916120671760568,HIGH
21.26629584429716,55.23386150210561,118.26978930812118,72.96522341530324,22.63098342385529,24.220020117284673,433.23838406217743,0.18281780380038354,HIGH
23.811531263158226,58.094090726381935,137.23583856443162,57.74853720088447,21.57077641419133,31.81808499318459,421.7359962505592,0.963363615484033,HIGH
49.87557553491471,52.38416062460897,70.10407462730183,93.83456938961076,22.229939507563184,15.373321049118458,374.91599710127196,0.446393871760289,HIGH
10.478713940122253,45.6738433866637,102.65628814056979,63.52259005813906,24.450407521518628,42.87361681652923,396.5686997262827,0.6269199349158313,HIGH
3.541768674079677,7.706857016209032,45.19262613390657,76.93273912958665,31.240519694338843,44.02507972538696,273.91702332407834,0.26344929999361705,MODERATE
1.5004271234382527,33.584716871184085,57.31245343065559,70.67683817854548,26.754053964205973,21.163854100086514,232.57516238461324,0.7907331161229431,LOW
33.988786855382415,63.559701145899,89.4814132269585,77.02378018956423,23.26949333309247,15.796492440653727,214.7195278283771,0.24801579272821753,HIGH
17.868966334652107,55.389016805248964,111.44999299681525,74.55470658670816,28.632995096121164,23.697169897521803,196.13453204593563,0.5131361930839299,HIGH
9.600520836822126,60.787975356305715,100.2676592759635,90.05067920198111,26.35452305095298,37.48709599799748,39.27225082711118,0.6241321814253037,MODERATE
36.827840130503276,75.90076880257139,91.05360121609942,68.89658968268289,31.361641486794667,42.393829326268495,437.6445917171347,0.3390423271780255,HIGH
18.41205936899248,62.23320988195587,81.8403495060904,72.8765597610933,24.658284927119077,14.02367378296864,62.58282997247047,0.7092266383001357,MODERATE
58.25526858616344,87.32075341823175,128.3606911318071,98.28720551195973,22.56528170338828,23.80264540468858,141.8083231078986,0.45132683533896634,HIGH
22.367395613329716,23.912501243869713,90.7145553600367,56.53648747689963,23.58432400762729,32.87830250983513,34.54455129498596,0.17060801678947324,HIGH
37.45967027980589,46.3925858409177,96.68919554295067,71.13209245464948,30.325338537908614,7.73940520442823,444.1694505589585,0.5505889443227558,HIGH
54.26656195337693,78.92709019254843,137.99718828576417,64.66037421151788,26.561734513805924,29.57680968676202,464.99751986318114,0.6349786943737472,HIGH
51.87790586695832,105.88167933464143,174.60751402554018,67.51590229422,23.479159589869177,20.602201907183904,478.7523085341934,0.46045206620616563,HIGH
34.770372707700155,36.40278617986178,101.77693838631579,65.98302308174631,23.751642272290336,13.321356946432847,139.60481260888,0.2597058136449714,HIGH
38.28699665988255,42.491988164622235,46.72817507733343,95.92878710183743,21.569176440259337,21.82276066047398,307.3858325564108,0.9303991177329979,MODERATE
44.46438057079432,83.14223625488617,148.39445965714123,75.99751503835854,23.488865006507574,33.73554871826789,529.9948717462453,0.7750641032294795,HIGH
40.12074353449617,64.24068632666777,127.14979495929757,70.77440353115989,30.364099604601424,9.388745909328435,520.7852464768987,0.3045579603335331,HIGH
18.800522731578923,41.013026552083375,69.30102977827742,68.80771862692177,24.644744217907405,24.886797754184638,126.36126749250997,0.570165301629844,MODERATE
19.886223481309933,64.01315221689913,140.22534874301283,96.98205204271474,22.184509247051576,21.07301914409474,76.15245605510555,0.8894057265226286,HIGH
34.552518195373956,68.51526128662931,137.56403172484914,64.70440583429742,20.489074456929544,13.308697109523726,143.17672645838968,0.5872717990059929,HIGH
42.775125929090485,95.1934902814282,140.2779483312275,94.91468314090301,27.2946973703557,43.97317112764657,80.51325903654462,0.9955334117891786,HIGH
52.43643635806679,88.25941350256015,109.43423392154024,79.07078253253147,31.48557784476767,15.037496675482496,516.5254219204661,0.5524588195315111,HIGH
39.90752897065033,87.18625341091906,94.27687629844623,67.11431940244991,21.204476003974683,6.297559100750796,193.91318390780157,0.822003193686492,HIGH
8.241910869569915,60.72832243053954,104.27850418180327,84.64723853525075,25.1592292159145,14.852737928687041,118.87447685500813,0.4140237224324087,HIGH
52.0222319786202,74.71336380259123,131.5687615004903,71.1321979418743,32.47951781012901,2.2357723570570824,413.5867210937014,0.7107257829692186,HIGH
32.182160925716175,46.85255600782744,53.00610464122033,71.44863841569801,27.451077250876793,21.50569698642779,252.14599218823352,0.40190172161332305,MODERATE
35.510359953004354,38.50063416815657,97.54834277188803,93.81621853583195,26.777006651511027,30.037883583304097,33.98452350304021,0.6291645623213876,HIGH
21.95580870652462,65.07809440863426,77.70267894554817,85.59136386959275,31.165727665597586,33.799531239847006,159.12315171237606,0.7782198220512463,MODERATE
54.0220889048023,107.68460027935117,150.78562089952777,75.11612392761566,32.42627845561773,19.73591748011513,469.4298665715393,0.5054409088678959,HIGH
2.8165914280995374,48.20793596155522,55.83795236601678,89.13766830082787,27.137695615871607,30.35684548240856,456.01557210997254,0.16123230502787103,MODERATE
4.2729004347614685,32.02252787649332,105.64647985171595,76.2910582122031,33.019122395910365,9.551342169253074,107.74564903936779,0.8825914226258481,MODERATE
20.760908818366048,57.47810563404314,135.23753809696177,88.84288174040421,21.900150174913882,30.55794655553237,150.89606272875406,0.2947183971335797,HIGH
53.95779498314525,60.44749381999099,97.61055222473038,82.45217337469474,22.594870783825392,43.26958280907538,350.43965950537574,0.5795278499184734,HIGH
27.469851014212573,79.60525372679231,111.57840125733175,89.31012983303822,31.183112647051047,37.68953112988101,377.78895373339424,0.5809280776009741,HIGH
47.45665298031931,50.40608051116236,109.94053528184986,64.46129488492339,21.759133090723548,35.96692480160002,302.20337373683697,0.750324047957984,HIGH
59.90838468700137,67.00389948088237,122.5140550776573,60.58600688211006,24.507222423382004,4.055923570098374,482.58417339523146,0.5506770745588587,HIGH
36.3287574699703,52.06322679507294,88.74998054098697,72.61457767209419,23.99768657713615,15.504552526107126,12.968197259132243,0.8446549682556868,HIGH
19.112769709717025,56.53628970230321,119.43139425500851,95.90063441345663,30.432912600836364,29.920941314321446,66.92877951095474,0.5809004924531984,HIGH
39.13204468901781,73.99914193528332,105.79334682052337,95.74972648029322,25.486514445830082,20.599406747380048,501.84755552958995,0.7634031770259568,HIGH
24.659357698454425,47.73908491084142,66.36840263858065,80.63506520029306,21.06080207468482,25.585009989507977,298.80170735877994,0.8246080898016235,MODERATE
47.537375498544804,52.04820169052837,121.34931157173507,73.24568835128416,29.062857273266854,13.09306728067079,390.7420276532486,0.4530804040706986,HIGH
4.609893888829615,54.45019096596385,95.28731041463583,70.28210715512411,21.81327266923606,29.682870622142737,517.0949997911462,0.41096842990078597,MODERATE
5.024035548955112,21.55952420672912,23.937796037274417,57.60316755681992,28.310245109661846,30.612203469448573,233.801644314285,0.2898426092458294,LOW
9.663484041542642,15.697346068265785,15.96125281382183,66.71897711038307,29.031369212777385,44.28261880110163,314.9614808102855,0.6110045913469583,LOW
30.76494673745323,81.10488667990694,128.74476308163716,90.27978799080515,27.23862350854061,25.332367057448355,73.76754901248172,0.4576366999569169,HIGH
50.608988287187024,54.42833458077031,112.77150795723315,81.47312915505358,28.875638803500912,35.33007599553193,517.2931679847977,0.6119352019033609,HIGH
7.084768264181152,21.9222732277388,51.90282195931131,82.64560950654231,28.983609850253586,5.098333718967332,377.7839468901837,0.6022087981654568,LOW
11.05167163197579,34.04028726986974,78.32999302022006,87.74223099620335,21.922939639493336,36.600442907173,350.09072717943735,0.5896047570453706,MODERATE
30.919036036777534,62.67192335909674,63.21883307821363,62.396989347961814,30.80773037087158,11.86408376632503,205.77437411950234,0.9916995027699035,MODERATE
42.74923860783382,69.96890438794499,86.05505727269697,70.46411544843865,31.806788259116846,15.68959466444584,325.3856887308054,0.4240836029034205,HIGH
3.8581702898415693,22.592506315981183,23.00208328933361,73.08372024041823,27.339869426589857,37.62055601913034,475.0453609363386,0.1639400896189443,LOW
20.58329426080749,55.15572741622316,124.49193569628196,70.43731255089902,32.68757547002446,4.856024279125312,548.9097738110976,0.7023055802521687,HIGH
36.02702546318187,90.59948885854794,167.95346510255382,55.41890879817972,25.03751423034198,4.670744119999911,71.49316263307549,0.60891585444315,HIGH
24.109170253529605,25.978168661353312,75.69554491302759,79.20710813931501,20.935122077734796,9.078209103812195,242.94216936752287,0.8778640376871264,MODERATE
4.066043573189022,6.316992368162094,12.854247171799294,70.97608135972375,26.716834479324344,36.274192836203994,436.40165170876344,0.20308433957297364,LOW
36.61630137284938,81.46184365342114,149.0143333956148,81.08065971937769,22.406860741136843,27.23596508696765,159.71202202865072,0.2775616570778432,HIGH
28.39588275878713,36.64060278067461,49.986959476401424,58.841560532916645,29.847503442140457,32.81109800916727,397.05320484057034,0.9018107279536051,MODERATE
48.5594559386001,53.760064292166724,98.94826700133912,93.0985934803913,21.243254263388547,27.370048609590977,5.431939498694667,0.36601433849664156,HIGH
38.33480903342657,46.884796409037136,52.77416586536768,57.18696191313378,21.023446068996723,2.4615864475823956,18.186405113988144,0.7211495172174862,MODERATE
40.32457169038697,78.61710717494593,133.57831048108366,61.272246124628055,32.679682369279455,5.512532013630563,127.91722034613447,0.9522432987029451,HIGH
40.16271188336914,93.48071323328979,123.50574418779732,88.54725113268668,32.93466128552215,19.3138940202016,15.847932146802883,0.9849137342936619,HIGH
28.129779722902857,58.77044319815077,89.6112045219661,61.879560543204846,26.88465085542461,12.206496627037634,394.81172345262536,0.8342711641284012,HIGH
42.0851964414634,92.69368678801492,108.65849515336835,98.81423033189901,21.93949921976065,11.292139613655005,267.31512330238894,0.5367851069537003,HIGH
12.111397040907889,20.838350101961762,66.72512013300681,75.32259824659693,33.83003055326737,44.62805500779803,210.2576922401899,0.6533514618806479,MODERATE
30.907501394246935,79.49107113007182,128.28513243562867,70.22616593503693,32.42939587849823,11.248778331703724,151.06886191060428,0.18586305681458734,HIGH
15.25581724810772,64.67206965889305,144.167240756434,69.02777624642458,31.623461860170917,29.465374966593966,307.23855624319043,0.4279202258767497,HIGH
48.15804944593884,67.60672664485135,124.12762891048268,58.93618307909637,29.79820826092302,18.498191360883038,16.198271571469647,0.9849553399968911,HIGH
31.597396815808523,78.42022886966654,105.40999362353696,77.35416088800883,25.95110734288411,7.931209510610371,331.06485529760715,0.8682953909785923,HIGH
32.330484627113584,37.37504066998926,55.531495230186565,74.25285884783543,24.973793562552196,35.465557944899274,383.2281794465095,0.544626216314281,MODERATE
39.53372702724946,53.42040263833701,120.3661605617003,83.2536165622041,20.861624462994975,2.9509011390063375,487.2601768132964,0.5662026275244295,HIGH
1.7962722760012473,21.616751712051922,54.54003692118206,86.31980907714008,23.911505220055545,38.71575596589262,448.3135718355647,0.5712348674152332,LOW
6.14547486330963,29.791281869939105,38.940017882958124,80.82916701198101,30.692131774026656,16.535548023255174,364.5044819196772,0.8274754536049498,LOW
13.524427145931813,13.901366609297703,40.47663395242825,58.84437458834988,30.449419303450984,12.696121041533846,20.562173550381644,0.6493026521420926,LOW
58.69338863780573,69.17532148225473,121.86050669582093,60.60958849321252,24.25472981678546,25.50767490525045,189.65334393572044,0.3838736362164985,HIGH
37.76598462346074,58.91245938987554,70.01988576212021,76.79954380898914,25.526450768682974,28.63432525067092,96.75034755466038,0.8720619025770028,HIGH
23.632296790661922,76.44440094851169,145.59911007263355,93.42928499237371,30.247625770609336,33.492153429213765,53.27252274026613,0.4707264504915907,HIGH
40.42389714963109,60.77100490862462,107.23234272782958,75.54255533956639,20.878700723720055,9.765909324395718,375.1401652031825,0.2604450931214374,HIGH
0.5892165777314573,36.82585138356037,83.36093570287075,74.34872005309322,28.247238944720277,36.82970747069084,93.14426940160544,0.6561140757017747,MODERATE
0.48581917579626266,48.581706393099125,80.2607815485549,59.1568019273587,24.67871641977237,14.856975378986899,301.59183426226815,0.3292251445245781,MODERATE
54.00964474810013,54.325395047495356,108.75961074893516,65.24919255025029,33.69256793964493,6.846907241084358,461.67437296061894,0.5412623729354517,HIGH
45.058993310013086,84.72198253908134,90.03009817307174,89.00166206574357,33.5894845860786,10.478643661958166,472.5557102087587,0.41549185700428426,HIGH
18.117937844871953,49.609475650911406,118.3527156748949,65.54769028534005,26.985580943804713,17.142942030087262,515.7979443897608,0.5178289961887652,HIGH
4.435651346741308,47.834885861057906,98.7297847476224,62.2428692338779,29.666487666109106,24.919923357017325,545.5545307017029,0.2916412856904269,HIGH
21.79451732980389,74.38197936369804,94.26243412067228,58.79266264821572,21.5953071285437,17.791382456109865,31.971870989812423,0.9403423971966004,MODERATE
51.875428918568325,52.1571246058545,112.52771219641929,85.77777610820581,30.79763928925702,4.341233881530086,452.3963027013222,0.6071418251122513,HIGH
50.141224596112394,96.25742428920726,102.9567200181576,87.35910883906024,31.417557465184707,12.541736399709414,356.6038828320395,0.8932146721265761,HIGH
37.9154699201969,44.68683714856204,65.41007243632481,83.82875261654704,25.505571007646193,3.145858375084372,367.6871987584885,0.6980627188789496,HIGH
11.922336770031368,24.807790648294606,38.49108824765361,66.8495754262556,28.804781557046315,34.620176382566726,268.2473208898847,0.98019547565625,LOW
46.78515591764068,80.98542397567923,160.60268360021882,63.612563122234036,28.066837792312214,42.98114924251747,366.81901779376386,0.2721995354061944,HIGH
5.432294607491716,28.868155903611623,107.78655582766896,74.02641527877165,32.17078479066616,42.153216358054564,332.27857882633157,0.7631726063046378,MODERATE
21.08008095724274,65.41764097662072,108.41161177043716,72.12550541963162,25.5253145820197,43.144098584551585,179.65708835093858,0.4539960318504309,HIGH
45.407824794073825,98.31982541114144,119.39185402011395,59.636272103026684,21.59156649325476,12.35108534271229,49.934657474716595,0.4602686311605194,HIGH
17.38520962265404,63.102348848631095,126.69590207006463,97.39976529771386,27.208679507323932,15.87005008511734,461.3832786731557,0.26693419754929915,HIGH
12.302576501516729,16.412088230032328,90.22985923056369,94.36304657938695,25.974835026107755,29.507065242003456,165.9351844610058,0.9217509184555176,MODERATE
18.165425477512986,28.597229377210343,51.26985336236537,70.62160973582868,24.086075636297423,41.00281428393387,352.1309604001835,0.20090695755370583,MODERATE
35.22354819896715,57.24696711295611,61.89002983271942,63.148334390105134,21.853799391546644,36.98249997507173,216.22097223035775,0.9171364136037532,MODERATE
58.532257490534704,89.04112394304465,100.90890192388646,74.52530946875797,33.90126953514264,29.979771539302305,464.87868495540147,0.4121993562491181,HIGH
30.374884053170167,39.185164426005315,40.006595623834365,76.88008971132587,27.036284758282406,29.798120303215047,271.62966225182936,0.48423704864695594,MODERATE
11.297817100492969,14.862408948282294,89.43861746007798,76.08736933740967,32.207363291655895,32.95474340860077,545.6251346588286,0.5414302602012251,MODERATE
27.065968324024755,42.913062794368955,90.38898965422521,88.43066811783729,33.5928902682701,23.07157068737067,250.51914478235847,0.45103207501197573,HIGH
16.411884017724475,43.46947274927034,64.97761925643013,85.47150407419977,27.811006697877144,17.925848368519254,112.64355484736772,0.9294580817001891,MODERATE
49.93329432913131,103.37985292562132,138.27389761012518,58.14927647314307,32.33906735034452,5.859530278459162,164.02507327622445,0.41364007604207054,HIGH
8.196195697553845,25.909492643072852,53.15026552873709,83.90137037622281,25.60174676173321,37.42669763307597,420.39788837792594,0.5788050135271535,MODERATE
1.0312896240177616,25.12057450890017,74.04697034286198,87.55276063790288,21.20431214182915,39.83514272168066,264.9258684888669,0.8094146106845606,MODERATE
41.486200668252884,77.18150304809066,129.86115987510226,96.99834620930596,24.104237183487093,15.880229120884149,527.0934178123882,0.26690992127917024,HIGH
58.06956318944111,64.17343352091606,109.89801079243725,65.33315559360024,25.533048578138242,25.409603021042333,216.7231742500933,0.7898277899428668,HIGH
19.334662207068444,27.373918355559454,65.84443860149247,82.19773602303098,26.004353982896827,32.83289650492273,131.12312272795884,0.9199629746230599,MODERATE
0.4035990289921787,16.380350521617938,21.637652605821806,78.20296280126978,27.89124737546844,8.473486159756822,347.62129657751586,0.5012873331151826,LOW
36.72829531504759,77.00100765329361,87.39385111657805,90.85251370970326,30.505523065340398,19.369800735291996,460.28856577818544,0.8416270625902695,HIGH
36.96967893913475,65.0526744570065,87.17387557798281,96.79725374573462,30.301449745200294,35.1991133755368,452.5126304566357,0.5112007951075248,HIGH
24.96842779888074,78.3955013151122,113.12475830934835,82.90778977064113,32.98120336398302,8.905858063232783,469.50352626026773,0.20834658262869304,HIGH
46.77725110991135,95.63828007161781,133.5010424761638,90.92786977071935,25.29800690188884,32.670803191395876,22.14485444979868,0.8217277465253521,HIGH
16.19636827759123,58.95414108832746,124.12139816230736,74.63595094046046,20.02928509215027,33.23642010254539,243.13478929252443,0.39305762151749446,HIGH
42.914241377713914,67.15843491949721,90.54259662960015,69.2030188180475,33.01487366393839,41.28177389794858,505.75166689755156,0.28036998001320584,HIGH
47.585287942697626,93.98682558122229,113.0677688338221,75.64636703665339,32.21800620824031,9.058297336252476,308.1523082476914,0.46044082634157646,HIGH
50.36350760710568,67.84850943433263,131.94381719536312,79.40307899707776,27.3180240186856,5.878981789930787,282.58009192286187,0.17869874702931682,HIGH
53.71211810157328,96.86345669077127,167.1932337323534,66.28981857387627,22.8235977210406,15.030262303042623,480.6674872286618,0.1640115612958526,HIGH
4.747511095325159,22.31207434455044,89.43919255655635,70.33693953890572,22.010493337010363,35.72482595575566,90.02671687496256,0.37067890227355704,MODERATE
4.238623278142883,51.326314640543735,84.25412894821204,60.230069244936274,21.680039663683097,13.33560225573973,241.68560221936605,0.4528307962534781,MODERATE
18.066000685077096,35.70824598379156,85.6476070871768,91.85353058494479,27.353406646844512,44.601871487663615,358.23462253504977,0.5381717629844104,HIGH
22.32608831763795,23.509216629405888,88.10900053491264,90.63162639611338,20.25815410666849,42.939485639851036,503.9292800075868,0.3955069563143647,HIGH
51.0165263608557,65.53591995059331,69.80041948978314,93.84580691107968,24.631726912864934,28.6570372891129,366.34538060674646,0.820868522448544,HIGH
28.83928313796251,58.510165398762894,133.73391552872636,89.9792872719527,21.813845250068873,21.654206435523935,267.1711293702847,0.5817705719671034,HIGH
12.71595806751572,19.100030603179388,76.22583424478047,65.72788302696766,24.62126141516272,11.664197508532034,399.9766125922633,0.6097513098703091,MODERATE
2.839571883991836,35.718468233226716,78.42257524637121,77.0367437142251,24.721585543311246,44.1099146588127,90.14312064222712,0.7949642464289939,MODERATE
40.91656996801479,80.46187535705712,160.28162702342746,95.3438513663636,29.016421207242818,44.07907649709853,246.9779038467086,0.6476930530779439,HIGH
23.986702814490567,48.140551562797036,83.71382344941225,91.24395393877114,27.716597587032165,22.977281101688313,337.6754730145134,0.26656408398296166,HIGH
12.199556336222365,21.287642750602885,47.77222641783774,75.36558427966462,21.56042104860889,28.720062552505183,266.80456991784285,0.5766095355231923,MODERATE
51.612742945258326,91.95839787316487,129.95620270487726,64.41167267759472,21.503642546261563,9.896659615836954,248.4596539577659,0.5524848384977843,HIGH
23.845351976438,58.479374841408884,121.60821436246093,57.42776586946905,30.261878447220646,31.096969767403916,354.5264161828709,0.9618747457329732,HIGH
52.314249699676,105.55575809505231,185.4425212041619,84.22044906944296,31.689020718369207,38.66179236493589,21.391836438791618,0.5803438869838649,HIGH
6.261519445780513,32.45050453159849,54.52529194492063,79.96761158956323,24.228994207083403,14.963499282166353,356.13974689713103,0.7617048069566741,LOW
31.211750593104764,40.52273623258627,94.56035423297463,94.18658870600609,25.704988996876352,35.53423006365684,171.22191508073973,0.5148936811375989,HIGH
0.9693692386800845,12.51920088866516,46.32689216651357,66.27789436815955,23.31630237275689,40.87933948966581,376.3729741348297,0.8225373102845001,LOW
41.68300827549694,78.99020244089515,127.82972138229053,72.56192359843247,25.019812010284152,18.984018101878302,482.73787191683687,0.22453593545618714,HIGH
39.76029174248659,80.38491693880465,134.5592189973258,87.57719630911744,33.52292151548568,17.037996876471816,141.04679897310737,0.29670491454138936,HIGH
41.734299274802204,47.240724575697485,58.31638367840817,84.38366845691813,29.610111948347473,30.762733030968832,134.33095586595041,0.1984032595486011,HIGH
40.98996266984084,94.855601811257,173.4637205336777,93.5627590464356,23.83893688162047,8.711242881820214,204.08706029393772,0.9646833806600794,HIGH
38.21930696165162,69.83754618431786,131.39879537057408,68.46959317464554,29.37632917027874,37.52360915598431,194.3484426418771,0.4695267076020557,HIGH
20.480695256176453,49.74972642834882,102.06945524310349,60.145559920984475,31.631715698592775,24.74656998267131,184.3190926953789,0.221622738315835,HIGH
14.379534497160106,68.91481490676371,105.99338576968321,70.13830057853264,24.94419082658949,31.084699959891786,348.1106085058991,0.8917500398615643,HIGH
50.05440523016412,100.29062282001848,121.6015994323664,68.94917558618442,28.231760913945266,10.619982530933823,535.2423378373621,0.904579873401773,HIGH
20.80641783934733,49.98117112947593,51.83190037213208,85.90104339579642,31.126665646859028,44.28659844528116,58.68525074852753,0.20474080779531728,MODERATE
44.92840403842127,79.84465340838561,96.21823232681834,76.17923789100766,29.020634458337916,38.24897288395807,254.43536765737397,0.1669227311457291,HIGH
29.104285484430882,60.3212665015825,132.29843057714317,74.2669220389451,23.48878481436561,16.62157173564855,484.3581157342642,0.92562998977193,HIGH
16.085363430610112,29.45749864328771,90.03830623257096,79.17816878226883,28.376866724109185,23.09594202387023,107.98371093139383,0.2580528879001101,HIGH
46.71766157879348,96.2317481368622,156.0991886494446,85.50633530343964,22.11908349537049,9.940665152877845,526.8137070500742,0.7492441730843751,HIGH
56.565916978718995,71.21468297403459,86.66740018437139,93.34515176893869,21.94484288341007,30.887948811905844,268.519536969845,0.18742989244887157,HIGH
53.77551812504882,86.05236057236645,142.56092908684417,85.05798114235901,26.284052758152626,25.552502088030792,65.59763069633765,0.24633358509459016,HIGH
42.835269920994094,79.45896489687536,134.7715946668482,70.70985872889989,20.43562982163286,30.439429465478632,534.0817441340499,0.5266332817336945,HIGH
28.614337703013234,39.76269876489115,47.09055781718101,59.69918064007197,30.07779050004526,10.390572864281497,39.05990158558993,0.5498855768278015,MODERATE
4.501765431723214,7.496604450071486,36.95064238417681,76.05269900244491,32.40263884767475,17.386361733875564,350.57651056352273,0.1508097449020308,LOW
19.290526238673845,38.14389282023551,63.373850685726225,89.94195671563455,22.911336548063773,24.57653192299177,296.20093318525494,0.2749981157551536,MODERATE
1.1909941661299417,25.510362546443083,78.91581131130917,64.59699867800369,29.215497126499734,44.05678579446749,167.1999861185743,0.6490697683787857,MODERATE
25.908625304654507,38.452013219592594,107.78964305326167,90.09279423575788,27.481901914310324,36.96716498917133,226.4856796813728,0.2247675891447876,HIGH
45.064010800005306,74.31734402970096,119.75414397871285,64.45419442987895,22.45052175300997,22.59861369482816,516.434171999769,0.6260544638310325,HIGH
29.8133492467432,29.916001556797276,49.07245754522364,80.4209157938955,27.86260624547174,41.15181547878698,175.58319823080066,0.5037547202454122,MODERATE
2.8134000245477764,12.643556905603972,35.70463630587147,56.56016681127596,22.122932559919352,7.687858614978509,363.68263731626075,0.2505940803600838,LOW
38.99164288371766,61.484539622161634,109.76342507881317,95.11755869309607,26.99130142942579,4.743805406690708,93.26341609501529,0.5956781548935444,HIGH
31.55249092658686,84.66957551088285,161.44147574446822,83.88388403351982,21.09856913170355,42.932307577906315,176.6991497353158,0.9726381274832411,HIGH
5.357153026648403,24.418869575957316,86.43161756440878,90.17250560604582,29.101323004302294,39.7105264707608,497.3633490114127,0.7769513329981659,MODERATE
29.679688339411292,33.77262668538675,34.07419673357382,92.30880106265724,33.737198643417095,10.049719432501051,215.8574157453163,0.6338655167847098,MODERATE
56.99871628748487,59.643953678332366,118.53216988771692,95.8712812758645,30.201299429513732,16.19298596796002,34.6443243147214,0.15328299529184133,HIGH
34.204595100786236,88.86473230682031,140.7466250556163,81.81424655810966,23.29545608378898,33.81530484533142,547.7226747396834,0.2186912399356364,HIGH
1.0832566040800518,27.21918082138699,90.10277772791271,93.36165678613409,32.834149411135016,21.799817724671357,157.5528548620612,0.7973320426998343,MODERATE
11.383709402840584,20.06293283128661,71.39841455024323,67.75892387922909,25.74697958245922,34.24849289888349,159.20670835126165,0.5404797456918818,MODERATE
34.1815399396336,82.93545881422506,115.3254942913511,57.83343765623691,29.956797238160966,23.971698416255244,287.5041444814857,0.8992794161814994,HIGH
29.3842206592267,80.49603244286835,155.89703229224347,88.0476785389457,30.649583423708332,8.88499909598554,125.15545206195138,0.344676776057953,HIGH
38.036268693783576,66.62311232233736,132.95912149593633,90.73191310968596,27.065639673047166,17.884402805035997,299.74236840295083,0.4618356520798764,HIGH
8.793553233245746,50.850113007520406,120.99440779336328,89.15049678152033,33.66689411969279,42.65970448352257,470.96847542764704,0.772507118055515,HIGH
35.036478053758046,44.44983416128267,72.0780033341957,64.65035401617781,23.835174496524328,14.468124016268115,494.77317772891263,0.31307232471883245,HIGH
32.442042686997816,50.6166842584058,129.157531705116,64.73873950104903,21.636413073296453,23.56562295097425,325.6964580328789,0.4435470777332152,HIGH
3.3237751651702796,48.067450919596666,66.83475651429934,94.9283680657286,21.106103168826884,5.8647154477391386,505.4019956761857,0.4818884376461634,MODERATE
51.9471153643552,53.33459271525032,128.91726313808365,88.72399414061807,22.349310788733696,28.299548952664242,288.0557164661369,0.30833807541444547,HIGH
9.481387711790635,15.504335861029196,18.370857300596064,64.57110537710848,29.94121578044907,37.14755339032291,282.61979877420316,0.36528795932479574,LOW
16.148578939460187,46.701676374686386,116.53800608759965,67.35340707849984,23.222026187613487,31.971680364440378,403.7603342719752,0.3608147384545205,HIGH
29.172134907161965,78.35159741303525,125.98849275732574,72.68033570593961,32.74055835974442,36.34924080999265,363.7280413436833,0.443553478567963,HIGH
18.067368435226278,71.13948024406184,73.89049311433281,63.14805301185746,30.16763163967139,35.44495145952517,459.1970596393898,0.3564688197691803,MODERATE
7.038223073987453,29.77765488766084,62.1499707434928,76.91184324669253,27.722634122960653,27.964984998781453,419.6670483593109,0.5132262607476844,MODERATE
22.915574581414976,50.087234625374826,86.40910164623187,67.38644586369875,26.188192897423583,28.610669938725824,243.71452968798434,0.34022664376067274,HIGH
26.899222019394383,62.42778572790482,90.78152688787911,73.03262298429337,22.242051144905485,34.23522553734854,328.4949947122947,0.1710565798642329,HIGH
27.82167863801974,72.85179535944778,86.84370102215605,76.85452127933465,27.688060665029077,10.21963116468949,270.6956701665192,0.3272750855942892,HIGH
38.88580197892506,73.7264344070189,101.18496106339703,96.12573739102089,29.95070114219144,28.07097188520039,470.7234611076187,0.7062179323610015,HIGH
4.958135721664021,14.622264757590642,52.687259284033274,60.77252754553182,26.065949703679923,22.412277398420052,394.8645619819067,0.8772228117304909,LOW
15.44554509774041,54.72149288060896,59.50097655000843,71.09960885494729,30.529894519413233,21.493790903849575,72.58394694477826,0.8666665546348576,MODERATE
10.27994075615439,39.039673094025886,106.67571434453288,77.70131370884971,22.343767380014203,16.466893252709802,323.7677916848621,0.4534427804013682,HIGH
57.59875482535039,69.29795654686448,110.73161271396296,89.40228738176754,31.279298737920907,36.68410173309316,476.19515234019144,0.25917322929143516,HIGH
18.69657782293364,49.45140998402544,86.37144099982919,85.2993906920411,33.81655346759585,14.16980213157073,145.26814705764505,0.19631020345957328,HIGH
57.07428339969334,57.672140719173925,106.62457367034003,82.13369206464937,26.497760340473178,14.285622389408896,539.0956844037435,0.5290534330323495,HIGH
6.928666730631248,29.89051014536296,70.0562959004684,63.00720685087126,32.79880813495998,10.561030860861933,399.04195395865287,0.5686647425455587,MODERATE
35.86148470494712,57.21175423564549,69.40355374804466,88.35960679629994,25.145571893317364,8.041427803626727,225.25489630778114,0.5716068699983573,HIGH
32.79786003363653,85.52069426668751,143.3891933762803,65.36919116494316,23.142658845802394,10.830539584764656,430.5715343060446,0.5790498850501618,HIGH
44.24298755055782,57.39528249689038,104.35017959438005,98.98728967114934,29.55574638305054,37.51389767217981,325.0248577506143,0.8575760495945107,HIGH
32.92432468503539,87.41932265547885,116.17164198159753,98.79054349608535,33.74110822480057,12.096903138352438,16.531929417698727,0.5497993626168585,HIGH
56.12050444022861,91.40433189980487,122.49539611372418,91.5464148124188,32.22022957803103,38.94498247430656,504.01760487505425,0.2368227174883606,HIGH
28.730712913954576,39.19199686234014,96.30624602771317,75.6958278158006,27.78800717698134,5.854270745965229,396.01016404142996,0.7300010360021743,HIGH
56.75756277938219,82.6120419174431,139.79694003678185,58.67930033617198,26.51583879059255,43.333433239325174,360.95993575738663,0.6492004184940953,HIGH
27.867035134205008,77.34124689683702,97.27084705972047,82.21134246893294,25.708836619813464,19.756563501537283,298.92433414102464,0.42546081323774865,HIGH
28.769975521577035,33.101675662848216,47.11028892609953,97.99555253093752,23.46154635266469,29.568593020461762,548.9681454840212,0.6933115566044056,MODERATE
26.070461414263878,53.47328836672691,123.30630714800995,84.05333894373695,21.14561835256755,37.91389475920052,415.6505746798938,0.32268901754424295,HIGH
40.07787546622075,74.86203590290268,86.72061801311109,95.5827740393741,32.23121080472457,39.3847004359829,454.9694242762815,0.9615245762147151,HIGH
53.010445850261604,70.79262656377927,95.55802188075242,79.49601761991418,22.85144363589151,14.303391063210286,328.0066813640641,0.9714822126271839,HIGH
31.038423744843847,63.304851408359134,132.32651932527244,83.1458976443899,31.500518646808757,42.69973841147955,375.46367940713577,0.1635510198393837,HIGH
43.454683820978396,85.27362005436865,131.5788730560917,61.46183404155809,28.55461917249442,7.132743687747716,74.5136070947773,0.8894936100940001,HIGH
53.083068110315835,91.03214589949255,159.33570053065006,81.59035617497912,25.900540049008534,5.446923568927295,66.69147334547114,0.5563360144550424,HIGH
10.139731280403161,54.28303912976272,98.99203951110366,94.01927698453937,23.422936309002182,34.98504299212476,258.5380191965769,0.37600059550316034,HIGH
0.5019402690725672,14.956996182578589,82.34936732088184,92.11752256247999,23.20909521995182,4.028398001313338,539.3205246063842,0.8429447155674965,MODERATE
14.774839251972516,60.96067622230976,98.30345224217965,73.42014066924992,31.165686405764752,24.51075413068575,57.696224225851594,0.561929603351991,HIGH
46.08424745279688,49.151165800542664,122.96828427577464,79.29384112206064,26.552577035230954,38.44617786045883,237.86006600463898,0.42246463337718265,HIGH
2.513737287786506,20.74626070753792,98.92381491330374,98.53431962822577,33.66794608954031,21.660634745364653,78.59942702682689,0.7263244340174168,MODERATE
27.623759691699455,30.330299364930735,49.58928810492333,77.12037213331106,26.047697171785494,24.976741412227533,349.6329936557968,0.5737767765274949,MODERATE
44.97599691308034,64.29603758714056,124.04504734229408,56.257578230906304,23.765180319025628,27.094347984985024,147.19789368192062,0.9305722578367898,HIGH
40.74544907183095,55.14377658346183,78.95652303617129,78.69575764923252,29.820690657562828,29.528466875729972,88.24878060703254,0.5907659727655721,HIGH
58.11542452681313,108.29863169833976,134.70846046761363,80.79952575273973,33.79076604275561,16.71546612655652,308.3251237901139,0.8797718938339022,HIGH
24.27239997337851,32.50020886832637,81.86676830440895,94.6779374022995,23.548713105129234,11.346188700418452,271.0240766413984,0.8553517576570271,MODERATE
11.444313377101361,31.950799168599026,47.871436238876605,88.46859513801509,32.065371426413776,23.964520450802222,501.5894939179715,0.38538338541627737,MODERATE
56.789083846082896,73.56282835300192,131.71556741253738,73.09023664193596,30.155012411782288,32.56478842692011,414.5644786807995,0.48142696468406465,HIGH
37.58582014140034,56.567235016570486,135.47088199779864,85.44163075590012,20.3075649166538,30.65829243865886,416.86658527308725,0.6251648308592719,HIGH
44.645150092423094,59.402375911168015,98.45503914123572,82.96997313337754,22.299340773302177,31.250196321278988,290.7118189992569,0.8865445738032935,HIGH
35.60345882528911,88.99550936458022,90.94933498250502,76.47606837229614,33.45802203940572,15.070507762272594,124.93419618669365,0.6486371965065032,HIGH
3.434818804769828,51.47623792948229,59.47368311969389,90.5240944262565,30.186790338584974,13.803262058152606,303.3636111402227,0.3588500829262574,MODERATE
52.41720430004937,59.95186898424589,81.21217876346134,89.52979726160333,29.93682111412256,28.44624936778107,165.84431295774468,0.5929308618361908,HIGH
8.12875442460204,10.908110705582288,31.975155087493928,96.43591436356223,22.564581420326334,6.4914467853825375,501.94138534114757,0.5879158533788832,LOW
43.79950656980994,88.25816835649346,143.83408747763522,95.57468800698162,24.69955104454516,42.21153788668724,35.94657224703637,0.15148475984911305,HIGH
27.16788812153139,73.98568914266336,97.37111046484313,55.465864354100006,26.679414128076186,16.158403121960543,192.63436253644346,0.6516908872085393,HIGH
52.09445354136935,62.89197989882446,73.04644359766704,70.70992607209705,27.705294367093018,5.998156317550013,368.5733254122428,0.27620967669804497,HIGH
35.25439211141978,54.89713045868844,112.94135757162432,61.731694054500416,25.186820256732197,33.703985868090534,288.57377356975087,0.3651862367431012,HIGH
0.1050547660079304,28.44495577581267,50.32709364585597,93.71789123948037,32.22687636488471,6.520079677914834,500.7644062911253,0.2098122990331245,MODERATE
39.62782452287439,64.5158833962136,133.09529001241071,72.3325174390585,33.57233375464082,3.848056178264219,157.79216239187969,0.8867475735617313,HIGH
3.822342457361201,41.73935249224491,106.46761021219635,77.29823179720165,25.863423847337174,21.83224671470841,490.2021814300169,0.6839171285371055,MODERATE
26.77847101653499,61.76409793793461,125.704804973019,70.2986314780521,20.743479612515834,31.411561848641,80.11085708510596,0.8342746948390788,HIGH
5.633523285117683,40.97414882724905,62.30992023281327,74.03508726054181,28.39489421476614,35.13436200375623,408.0464546914047,0.49160711134327784,MODERATE
36.959786345932024,83.00353459476337,85.650283710298,78.59027029742968,27.10321553165855,19.03899434797648,21.783100038330925,0.950167473302813,HIGH
6.058496447534054,47.47303328247599,68.34350225820418,56.47828626837436,33.08687853985124,41.93926322466799,91.55812876436546,0.49634468532198917,MODERATE
28.760050755945528,68.05962289803188,111.78070303938205,57.27731346958971,27.034111389912944,2.5963609768236315,396.0350355252906,0.7826189889180655,HIGH
55.55446038749828,57.469269747089605,136.891795182497,87.31205242214205,32.49854932172882,30.25769860271684,22.988677849431262,0.9615987467959816,HIGH
35.7427450964925,64.50325992763173,81.9447396060915,60.77257779702274,20.128939886610837,28.861995302499416,533.3670440787811,0.9462019544421959,HIGH
17.82163042190305,45.812242837284884,73.11210119753102,67.35590296553613,32.862722595205604,42.15307186606661,195.41951196378855,0.619552885014413,MODERATE
50.520904148303124,68.3289900079802,136.91506998323393,93.82735181780562,32.6449752827793,3.922548846912173,355.22094819891396,0.5542825883929396,HIGH
36.448303344398816,77.92428135200987,84.6767269451865,83.27773005883095,27.998820996083353,8.561681486609903,532.9108559937243,0.26301245659802197,HIGH
28.182982539982127,44.71645187183178,107.76872502917537,66.09782412336547,23.997922212004227,7.901417257817377,65.5829752770475,0.23611165073085144,HIGH
12.827039894507436,57.3746474995938,79.19685838400792,79.5675364297968,28.566311077421943,9.670801310323538,152.59685657538813,0.8665948057521856,MODERATE
17.427341486362526,65.9594521753551,137.2472486682508,62.780333795124875,20.09514073246946,26.189114151609537,134.27772826571186,0.23095586031495804,HIGH
3.2035087683396046,25.092795352579053,92.98202731998049,70.65450727974958,29.03610025634192,22.835217388524992,32.732457529172066,0.21277255340671353,HIGH
27.127364805076695,33.88385183221812,75.25373298851406,74.87011379595135,25.918437952092127,39.32764227730818,448.87540516002883,0.4494309370841362,HIGH
40.268903519798165,63.87433827579642,83.10792514716098,71.85858187881976,32.604495205165186,35.4823863356946,538.486173886399,0.6769219304162382,HIGH
10.98435092428578,17.12905888712861,81.34628847977781,75.22425015811169,26.0842819797502,2.8211412063157164,465.4526539069642,0.9618492562430971,MODERATE
7.279937390427924,33.461584544841465,33.62319747707405,58.7804012556363,29.568515204971526,25.721679218866896,440.9077102804924,0.8128165011593023,LOW
39.622815434479406,68.43542224356648,77.47115923764059,86.08362965106944,21.74011408637292,32.245856354942575,163.21943285351227,0.7286295145170538,HIGH
12.665509962767311,38.65733965135309,105.73574656764518,70.83676072778809,26.239300971839477,27.220587796171564,88.27135307430768,0.8093144927122767,HIGH
40.690100107670645,55.06263094256939,67.23307733969543,61.170537594626474,31.781938289251908,4.824304639504265,11.947515567784531,0.6907867745770148,HIGH
17.100130512564537,32.465170733865484,97.54881401525418,61.23471108496059,24.916280566949222,23.37701446182263,17.413221821092485,0.6137174566996048,HIGH
56.201472759756264,88.93774367790049,144.9151388372957,86.40192666497119,22.02313939825151,16.033852964861737,331.47353530671745,0.30776965222771735,HIGH
15.158656368284714,53.18557490719421,94.3108270107021,68.09860795826307,30.51970173557734,38.226781631565196,222.8390530121204,0.2345742830106538,HIGH
23.46295102409232,54.91752376306182,77.10468252869109,97.07899417880711,22.244017893251787,21.18059290959989,196.77664805715767,0.6781896875875509,MODERATE
35.23539468579543,56.1219801862982,77.21152693823024,93.70010391959879,20.613398154593437,11.656057122305228,22.668422274161326,0.22685050003625556,HIGH
5.193899334189133,49.372825695154944,86.69789900888378,88.95110289756947,20.318765083593142,13.593785553336986,350.77425606289347,0.6737367315315327,MODERATE
43.32602882615608,74.57145751221023,110.73049355335033,96.37625857193314,27.906083021394796,19.611227590329598,345.32376249072774,0.36358436792624704,HIGH
1.2442166538873467,2.964289415764614,56.3637145420513,89.87658994478386,23.6186636446776,44.02893925335899,488.96888879473414,0.4629517927011543,MODERATE
4.6878250323207915,34.818357836244004,35.317331093787914,76.57198129458652,26.33701773560854,41.460695474248595,332.7798126991368,0.8144272119857788,LOW
46.695480477267544,84.10712009381503,128.6106692312092,71.47983889817039,22.351641029860946,8.756633862006696,14.053895722752081,0.5026921805326037,HIGH
10.6249624360227,45.55060696728461,122.59983523148806,80.73236981814037,28.001852905631324,9.709013132624747,410.5466219716685,0.35092116567872755,HIGH
45.734492646888306,58.53474256289227,100.7611260830954,61.168201146824835,23.649188124405928,20.96488548816567,371.1674431349587,0.8995822372399748,HIGH
51.82190715101781,91.96386948349289,119.21172482080328,69.78163430074895,29.73156182757149,6.207728627821603,263.5953814527081,0.7924697561986427,HIGH
56.64714165245917,104.5314347223744,116.11000175991218,71.70577402725614,31.702386365676055,32.437950429144294,377.0382994931444,0.25176452101715374,HIGH
49.56406157499741,101.24824474950287,168.5706102237126,93.7187059594648,33.921861048697004,2.074579593432876,424.00512266790446,0.9658134564285447,HIGH
48.26225317766059,87.91561401159746,151.0156951141171,60.77262737243623,23.23909094485427,11.892550382909912,211.77839669923617,0.757896501639397,HIGH
49.06432472832996,91.85061537233328,145.0096241679395,92.48206811792231,28.375664249340108,30.697146083452417,403.4908699676387,0.6068522914323338,HIGH
21.38128364381609,62.40609857390216,66.6558198239121,57.70288585622233,29.67667886166178,14.86228435751903,369.0052319072357,0.8138310429936361,MODERATE
7.17836680798179,35.957757198665554,98.68937149053941,91.23069692552556,31.477362989587427,11.554230149044434,19.370495435806475,0.3396699527383076,HIGH
45.86084902616457,77.84130023961237,82.5107766176879,61.48441162570242,29.19115370968121,8.930127932411546,70.09718476964451,0.386009340008561,HIGH
26.384603493887017,70.16322103519401,88.9394809763312,76.32665567280203,32.501593146423495,38.218381086091,442.0058252354841,0.7942982554935897,HIGH
43.88173947508248,66.36666961140659,143.260511398019,82.43591864180345,32.517577693664364,29.62873974364321,420.9878874526988,0.4538989663589069,HIGH
47.70383831438754,50.392517214391525,78.59159627404223,75.4776137336594,29.59018146531479,42.55234908668903,485.51830128032304,0.5805791567289,HIGH
26.15659336065486,73.10810382104313,77.9438842682408,93.7561621087996,28.65579589948952,11.660264912210662,61.90973056082836,0.8259024571073131,MODERATE
37.48323496215592,60.192546074067266,85.94448900144744,80.35771678689602,27.19645050788708,39.34314410404457,225.0012554781305,0.4876394734288192,HIGH
39.604356521093614,57.389817218398775,136.55984101999903,72.57799666284937,28.34535193245102,10.73677021348354,258.72421701551,0.781747356983142,HIGH
6.643554725367043,50.72751792296721,121.39509841899623,96.5539872104305,24.96197112376084,20.985147586420588,488.3201761627775,0.913389847844184,HIGH
5.177610893241516,34.63790679713864,108.0354237675246,58.59360943825577,27.352023461730074,39.54540723899652,218.4010147329447,0.5637634494043403,HIGH
29.297314865640725,49.534420623290885,120.65160661311525,62.67764205270473,28.21271692883951,8.361893205934935,401.24852886487076,0.47533698841033567,HIGH
10.466305690060292,18.649847612324145,97.57831103903519,80.70858661606232,23.83221590039844,2.814672184034004,222.43390720794997,0.9149610867259211,MODERATE
18.598329036805204,40.82337551854987,74.95369580003431,75.3685648392613,30.206820752036496,2.74390805497399,466.3826780191743,0.9709774855627564,MODERATE
50.87136036874376,54.87316998220672,114.87222931992626,65.05119902338309,30.741955597801443,11.583938172399188,537.6108283190181,0.9774273887938649,HIGH
38.569392747866225,71.88429311140729,92.78054334165938,93.32556970397263,25.916014467028194,23.90401083552767,151.93800162349876,0.6319059652000609,HIGH
10.742246533668968,20.550710272880046,51.62334405012693,92.2380486265621,30.472835884173968,11.028978779396292,121.36496212755276,0.3161127278418625,MODERATE
14.259631172464296,24.333364524975124,65.76234037435677,72.2561184193089,29.722612350462548,11.042498099010347,288.7059308709847,0.4807106686529794,MODERATE
14.229491330999618,41.80470801371797,54.62936147819302,77.44787917657014,30.153909665539345,22.989915658769057,372.33664696038943,0.5452095676760212,MODERATE
46.117655092685695,59.85892535355441,109.45133555332349,65.72823792333108,24.887789703649553,2.756670384695484,201.29523501724378,0.2401096337575554,HIGH
20.440446752087006,25.393884495569388,54.37698488275518,91.8486443778357,33.472030285692526,30.466573730284367,543.8371410146261,0.18471711320747322,MODERATE
19.936222515578972,64.03515934089364,119.9737223887325,77.00167397381452,24.720917375884003,39.86381270801845,198.0938459213258,0.5419881955001179,HIGH
52.22107560210824,105.3779588098225,156.86064084378282,64.16860140507627,31.379924064229137,44.90942564133376,424.0864425534198,0.9125662918519559,HIGH
14.182882596965364,62.71836547883091,98.35839323157775,71.41496938845066,32.144115183672824,5.438004048793578,464.2255832731729,0.7621750927707546,MODERATE
52.50607198655088,63.1740369770276,74.16844474996086,86.95483204349443,27.05808727563472,42.534738021105525,223.6966730724848,0.3766913926925689,HIGH
51.330412127310325,60.30180147082315,114.99037424967713,75.34244623791847,29.170906690860797,18.85722550135555,461.25244684893784,0.27608411041024994,HIGH
7.245487942713275,34.94832911346245,88.65114720619863,62.423951152265474,25.39982520250282,33.373747628996924,155.10133961836914,0.6881423799210948,MODERATE
33.237250916494375,72.29411807472368,147.28325759886582,75.45032060561257,27.733524798697317,9.929576390845893,510.10131373208765,0.28885739410651884,HIGH
8.975736591786363,25.26551616245832,72.17415915082027,82.56297902586414,25.106844360610403,5.256083296307622,165.432739399968,0.5521833738383369,MODERATE
55.150381394181935,55.98335166541749,101.28097448940426,85.70948298339778,30.09141317848931,17.857108386707637,18.990302080182687,0.2768170746550041,HIGH
37.421387835177164,41.07763824547832,85.36482857679229,88.44172745465815,23.144959419696857,41.758612201043164,422.94820488152493,0.20045133883485447,HIGH
34.77816945753837,69.46574299461705,70.54692795575909,85.81133210931999,27.719901335178704,42.304128813217886,330.5117922740591,0.7854193384393401,HIGH
12.636012628719044,41.91822576274585,104.05521760442709,91.51539466986449,29.442627444212945,41.271460153918376,63.12300730228087,0.8295994350434512,MODERATE
5.956559872709118,14.705389010346526,55.723788070963806,78.04705286239118,20.0752993207069,10.300727598933666,396.8917076021052,0.7133469088214646,LOW
15.686845670094423,49.01243585474127,92.44605254902974,56.77093560632362,31.227985462837783,26.739966726054757,493.73679160101716,0.41676935323917885,HIGH
4.373956510149391,16.677760803255666,51.769167124836024,68.73287899899825,23.22452463188324,11.16861662393982,364.6606826160697,0.35930879027424467,MODERATE
47.71502212436742,57.57059297504787,82.72876034899667,83.95814004595509,21.91816955162816,14.505545458863747,17.294809501701252,0.7470137298439716,HIGH
57.10385168790621,70.11604589438035,111.48976271956376,65.20501929747378,28.36473329554596,18.913781243446714,542.1723074311357,0.7697996999290592,HIGH
58.54796604131502,74.46846353516688,100.24248567976001,71.47002964402166,24.2643517636797,37.30304777228362,152.38732437362958,0.9631822708932961,HIGH
47.778236380929165,49.69436788937212,112.37852020375838,66.62860209204197,33.660004052529516,28.49316437799615,459.6725628239122,0.45386735918476495,HIGH
47.11955623227345,99.79927784855161,139.23242604434398,85.26766209091271,26.20053639883795,30.313061434024497,268.24373815284315,0.3284563678772172,HIGH
18.79353174955796,71.85722447378974,101.27245512696472,76.82641067964289,26.8293141503744,44.62685229766113,422.7810587999251,0.2759813828333319,HIGH
21.726263474218406,24.54263508643499,64.26737630109294,90.09123154322974,23.24080894057673,6.132778512892071,207.01826784518883,0.6691288148474828,MODERATE
33.51951478777475,78.74920971539768,112.64987030382947,66.28624116870859,25.67836559797755,42.82565054445281,258.4817249902976,0.9359009047724848,HIGH
55.548683860554796,69.67496586067492,84.15050132946004,63.04658196525956,30.938709971789507,19.643279843352897,546.9903708769316,0.23957300433908985,HIGH
7.775739566785981,24.296398331402287,74.75150011531846,78.38219640159753,25.41725632232429,40.27507260783067,78.45351861865548,0.5235857442781207,MODERATE
16.87536863315788,38.597385285927764,61.12283903169465,57.987858179902034,23.419162833612802,39.470903518877385,30.86668047017328,0.4835831628601216,MODERATE
14.845408032020442,62.95615439226385,99.92286068940274,74.7393773896355,28.629974503972317,6.016771848148677,480.7190131902154,0.7250245356595224,HIGH
20.640715898613887,64.51764758528297,122.82094016536098,67.09691920018162,26.67690181649349,43.82423705522813,535.9063424646623,0.2261638546063959,HIGH
30.80262720015289,68.9664327346777,142.4116003282857,72.64019941543816,32.04433840595709,5.419208753703554,393.1823811847064,0.6777279420841428,HIGH
42.018403986569474,46.3723649818044,106.70259674021204,66.95644580692891,33.817849399651315,15.935037756243188,60.87940914399486,0.44544302088692467,HIGH
47.48167528178194,94.57483469893656,148.58644078608964,94.37943163424687,33.3008320692234,34.69417194837824,132.85293741398914,0.6539069296296655,HIGH
52.31885301253434,98.50071205880715,113.61466279187817,96.6425591048257,22.74907226452602,23.026994318279577,322.8003435935587,0.6803706178886032,HIGH
43.617927358412096,70.1832526376203,89.19298240684466,90.37948566768151,25.12692449425888,41.41927455029561,452.21256112506734,0.8476848602065056,HIGH
34.65154217841186,75.35927690331957,130.76473032789215,73.55998313635331,29.930320801028692,33.73928410591686,25.70147035402807,0.7754210327860277,HIGH
46.6241502149728,84.25931956858491,145.71616804161607,73.01957678796994,23.100161882237924,21.648179937199746,179.1117087765682,0.1504692873069778,HIGH
14.492173398531715,50.085750661476965,74.40068588203835,76.20885956222935,26.089167379304982,9.687396693146944,226.16384556875482,0.4062754876504916,MODERATE
9.03864878058382,45.604188987999265,97.58516113009664,80.3163352000204,25.801255938671247,14.691858843661828,47.01162851450078,0.23625831400277242,HIGH
14.276407170169428,67.89785008027309,109.27781170724558,56.1790676444714,28.010079761069434,15.615723375857144,146.27089186091334,0.9008704336868796,HIGH
9.52296730883762,47.64123156831013,66.34704134432565,74.88426690994785,32.824917131201374,12.773739259759285,291.2893554711118,0.5434936402674632,MODERATE
24.75050523693622,75.38536055326306,88.25039803904195,66.31001344311687,26.14530459886172,23.166696039723558,440.2017075834263,0.6792067579910509,HIGH
33.34651382195487,40.14618038705491,49.77969969607145,67.00528332966117,22.12527234422742,3.4481891513176675,296.336573112484,0.3534378563684679,MODERATE
59.87702125082114,113.93807947801281,155.36027180540668,98.40894711737234,25.193357632676776,9.932069891015379,38.141412692943376,0.41158431393472084,HIGH
28.803301765084214,67.6545915882605,128.89818108381834,78.58506407359117,29.877680208897083,12.123695987415937,410.0770756741921,0.22700751429566396,HIGH
50.178144169233974,82.05137254128033,102.14820191489589,94.20458072033202,20.054114666740233,4.09845156027963,529.7583381564615,0.9472284436145327,HIGH
6.48415485937369,15.120336306453915,18.213903470421897,56.20925031081864,23.546123920872326,41.23752974624416,67.47853416678147,0.6008146418942826,LOW
52.72598726062816,92.01415911438896,154.11700304949585,82.05065355161057,20.99409564873662,17.0445948628319,295.15149112432914,0.29214981493366227,HIGH
53.09374663308101,63.663913266569516,84.1917197646157,56.16571280986908,29.968049817461893,44.31757514529561,468.112811640739,0.996050378280825,HIGH
37.439950129378126,75.23807183705674,144.31512848584788,65.81484005476725,24.06632338258479,14.111090046484035,537.8055373142697,0.6154716690871992,HIGH
24.278266145626603,53.0618054092036,66.68450245218985,66.5136875682582,24.85860343966081,44.75745493075637,131.49724617147464,0.8467589822976798,MODERATE
52.16547686255786,73.04750904526487,98.43199937963733,98.16891100644418,24.992329546374794,25.32191693067622,284.1524685951242,0.5657069618699874,HIGH
13.244231430676383,28.09786100248275,49.982935183045896,74.71657770833555,21.57364568969693,8.5824436635708,312.59678820056456,0.43215172282659076,MODERATE
16.160563207155832,64.76235813772752,76.04898923597707,79.63144298209963,30.329196082472176,16.207172358284055,210.8918964566327,0.6601399805860486,MODERATE
8.965322764561064,9.937097459890312,55.29858634755188,91.77311467501093,23.779547313478314,39.300806598553926,129.13822486607012,0.6476279267881891,MODERATE
9.077136056281986,30.413336967184478,104.75575395670123,58.60908509081635,29.785274746824157,39.52342980773533,13.080394924816973,0.3174945855294272,HIGH
22.092804259088087,22.74713466872581,95.58645595885348,84.34967127147462,22.476975244873017,16.320134340871622,53.85144363243558,0.5981480797243629,HIGH
20.562818298347555,20.719142622932075,42.4457897952464,68.04425234129715,24.99931994936062,19.06578326694163,514.0023960900403,0.4575321256153646,MODERATE
43.02378715518656,54.95338442137055,133.20781869159228,58.63149056147961,32.33750169750408,38.867111446818335,520.6091524607377,0.7934026477067021,HIGH
29.14332597434106,76.6537057794436,150.81426540382992,86.71277596279936,29.570303456608464,22.162335622161237,301.78141231027803,0.5062527886469292,HIGH
14.920162737955193,48.36651740131762,123.41108036993515,62.68200921976267,20.49992108967331,10.779810743318745,106.1556932922721,0.6041636600891347,HIGH
30.705241058409044,32.42363556712267,36.89468651472439,88.27375074131476,20.32880566244978,35.16537486755848,193.03310587451577,0.677698904518786,MODERATE
14.708974725829735,67.94668115331218,121.55782378638878,85.23747844514962,33.08601263136192,12.132386138791937,354.49022311895305,0.9628619395717248,HIGH
53.91667581189158,96.73054627792183,132.1383456631457,90.8180376485204,21.298467719916903,13.721773933127668,29.990935379488597,0.6889574728019965,HIGH
0.30127578271580413,27.937776592393707,86.65836503518108,60.2429633706177,27.289105742393108,43.35199076820178,38.99743492233882,0.6815974318125319,MODERATE
33.37278063338124,58.61084051979556,101.89560786380095,86.1623673243151,32.49974400739729,30.74370717588455,217.36755690740776,0.7619854245446759,HIGH
16.467019292097778,27.185627506151068,27.875491910047575,93.60155454680965,21.36534411815868,11.635594062520676,2.7545523884730434,0.3555307087593069,MODERATE
53.693222770492866,68.45216893061317,91.54775432278049,73.354389712794,31.867879498107783,25.878857597971805,173.37290422356412,0.21210724956640487,HIGH
12.015655958087649,26.864980523732598,93.81576058923007,57.9432808548508,20.630183975833233,7.581990226432515,521.3801697937573,0.9867750387526406,MODERATE
44.70013764260206,99.25488112720635,130.21186721502113,56.252842907794175,22.731153261442042,5.212837140183896,523.9700998890669,0.8335494145574942,HIGH
26.29826702513112,48.41500165613033,112.77228272356415,73.39840958245466,28.915735866716915,32.44043052751892,533.8479667460575,0.8527905205414836,HIGH
22.673004823183362,38.911931242856056,69.09102384961898,73.55247644834091,29.427736785150977,11.685633658065235,230.95997733152282,0.7053538470625702,MODERATE
8.014857094478193,55.14636447763466,118.85642865962839,89.1243610911859,24.06317886020096,37.983496529224226,279.99472329310277,0.1804662924283709,HIGH
3.463181947886509,17.121356446908656,61.44919076991125,75.8686765635331,22.329749439562868,34.230736327651734,109.36750388147284,0.40255271089101696,MODERATE
51.646433893224994,65.01432209191265,133.7732496869897,80.4397771987006,23.142002724908316,38.44963702634113,324.9840734984356,0.8704988898354391,HIGH
56.41748405601597,87.27726716452217,100.81973552263791,77.66763291986035,21.77813318946994,12.719007874981619,307.78713948109294,0.7170262251298258,HIGH
30.058264600826988,72.92118330715039,126.58482806768214,65.77062095679088,32.27109786164017,41.47820656084212,333.0252819353379,0.5753840743642622,HIGH
29.897227219795155,48.04444349247963,119.63219720124204,66.36398352999217,24.512576391096804,14.572569197101998,243.37592181516993,0.9367524005372125,HIGH
7.162441693296588,32.53837249240335,53.38102006595923,57.32739866858656,24.922948911936356,14.130889372610566,441.9592630165001,0.23406864380305525,MODERATE
35.860369515833014,46.14101876198231,59.08245143284388,56.6981917875791,23.354620956632978,14.718940226149185,465.20337160075724,0.7261789066128573,MODERATE
28.586516774153065,55.792731449639135,108.0706510232467,82.92819838959392,20.855824813796904,22.572434401478258,261.6894030469155,0.7871124198277949,HIGH
47.567480964872125,75.80209161935622,123.24333236459432,71.30795592712053,27.544069320653065,40.441431929866866,66.09537735129734,0.1601633346361763,HIGH
42.75390367319668,60.750165196604684,81.00993621453253,86.89823295405498,26.58035327797811,7.988499374431025,14.39735164605027,0.9458503867832466,HIGH
6.862999233281295,51.138318383220295,127.24996069728697,75.321096414484,21.42414007940809,35.561369790976414,211.92198865881306,0.31190369787498406,HIGH
48.25062007704144,51.81609527476012,90.83343463546112,72.91606982359149,22.136452869341454,29.364203597910617,101.73960597466103,0.9817868495282294,HIGH
10.711904472088598,14.09586807090199,53.06345467182918,73.4478780018032,23.355476554643623,16.768646993698916,199.42266740442741,0.4032673966957103,MODERATE
41.09810229203447,42.86845632756286,102.41316838290079,87.78824839611829,21.240734351244996,26.89010687915601,18.01414304150784,0.41426343898666196,HIGH
54.98648891119532,65.86993116163036,112.15824360691576,86.77143769590157,26.68600662661283,30.060814123074326,309.9562693814147,0.26061402486454194,HIGH
50.17397005208961,76.27993828730482,133.01052742555396,85.90256935668607,27.34650851059436,17.409737348443272,19.023839317954355,0.17646458167401746,HIGH
13.23722459233669,27.69199538005795,79.28581402934122,95.03213723838226,23.37458400041264,19.594891101798023,511.5569741884319,0.4152058124967135,MODERATE
52.0599166167,84.92109709275323,140.82434509829105,82.07988738962709,29.739993994137993,34.64400220360748,131.66352270855688,0.2914661525192383,HIGH
33.65494167488179,47.59954632941066,122.42230915488241,85.10480688942692,29.163947506280387,10.36497332089451,121.3740860491343,0.5191652565468994,HIGH
28.369145617666717,74.21989526412321,77.8161467506642,61.188859954002744,21.25589675861412,12.096330657198731,434.0067087120127,0.5846869422563936,HIGH
13.058051206890456,17.062565480077165,69.84905853847826,91.81557412121865,30.305010376960553,14.112137020021773,343.42696666595765,0.8935225469544925,MODERATE
36.02935656271641,66.84621719529075,81.12402804175278,89.1991161797352,24.15913558630342,16.701307578036438,398.23715058335785,0.9519986941965455,HIGH
47.81873086627035,64.13133343338602,104.87618998312396,71.81129376164225,22.537271078507263,32.56593246650755,365.05072177923375,0.3893075339248792,HIGH
26.035383625858962,41.219837317358845,103.95032555371577,73.90266009842394,26.20877101718465,24.53173547303902,502.9026459277903,0.5751744844606762,HIGH
1.91459135913002,49.86654122324662,73.66648924060564,70.93675086730313,31.22004501289993,22.676514427079045,399.0956458581862,0.30788387410131696,MODERATE
29.49760428540898,42.23403338352703,71.83830081317907,69.84636419281813,27.38250528270403,42.11721090972888,178.8076107773844,0.2645986357782713,HIGH
28.383327122619583,29.98230940953846,46.414820240253704,91.37503438848441,33.1296256209652,27.385462459148524,211.20443933459052,0.723184143475266,MODERATE
24.60291560859755,45.93052907797144,124.64650767345374,81.11382805314966,26.15923883950721,34.55063832906756,353.4650006961504,0.40703835806456323,HIGH
51.39433241333033,74.32739177816823,127.54663200637827,56.1454456372258,26.123123003828592,18.56935070199876,107.88298826759717,0.7230395713698856,HIGH
58.333209295351125,103.98109614945037,177.33486622230055,82.73091165550325,33.585009689342165,25.863138294042862,269.17423461121047,0.9939357992178016,HIGH
36.342504109543825,66.50839537945735,85.38068902487086,74.06616222339746,21.59247980694174,5.478087732218563,466.92639995778944,0.6191989312551542,HIGH
18.03635111905008,31.413863515005318,90.83169649451608,73.38604653747295,31.5865487032833,7.4786090212843215,368.754256620625,0.3730112149574586,HIGH
8.474648094249652,43.776818767268026,115.01493371299928,88.90464541879143,29.54385482354669,12.976751579974357,323.69756566872144,0.4575830620127882,HIGH
51.64690508984871,66.7005708610327,122.3124098280808,59.814872381713535,25.98395001954649,37.87478745333507,329.50054482075325,0.9633658723859927,HIGH
42.051941652803585,58.13029437505378,93.14188870686488,87.69432823560447,30.452351337832326,10.50730804886364,121.95408230631554,0.9837998457916086,HIGH
38.99029597860208,76.9427448012971,85.8711629414338,89.80132034286908,28.16683034290871,2.4801292688420595,279.62775126078304,0.321134878078135,HIGH
8.672875305256653,59.25837454385731,91.96628027345528,74.84400874299597,25.870138123432096,9.408785719856962,260.5425849120775,0.6683772879367464,MODERATE
13.02678594835754,36.74157526266721,106.84015867209716,60.24847782286796,29.515453592496655,6.3827214305945095,262.5489811321201,0.3211915216268324,HIGH
7.999766596931279,25.96029794307691,50.62769726076917,63.834480486811366,25.01809705500129,2.4051241048558314,296.4545146510304,0.5716543069613451,MODERATE
18.14398817798284,52.98273123787855,64.47956256191262,89.92920571390968,26.820466872759873,2.345504669207803,488.294233668707,0.7392168806238066,MODERATE
11.73779505641627,22.57649383104777,48.44637307148084,61.75757911365767,29.92000773581129,29.3237974455177,489.25013724080185,0.34997072460837464,MODERATE
53.80701110460667,96.5952457129211,118.72008757724487,65.27438630835745,25.351475323202745,10.021291157823397,295.0006805959912,0.49343210199274756,HIGH
55.53208637119284,73.76402955977203,95.74400205977653,69.43315747429804,20.395704338904178,7.921730017918745,480.06625967680856,0.7754562016140103,HIGH
16.88117838049449,38.19734727302615,85.6438348512821,79.65393206371688,24.475846341372968,34.94945489925158,80.20142842930156,0.37346734084773625,HIGH
21.543070464269157,31.187082552906404,43.94027643717854,77.67053843381971,26.318094463168066,24.873956647817327,454.58871358460294,0.9851480526199589,LOW
33.066232854498715,78.6498234456698,139.84326661504744,97.1683566977226,28.013468400134435,17.34635387872435,117.0802856925655,0.9598199404111584,HIGH
44.11471136470216,55.70815059646917,91.66223331217813,94.15626337389105,21.527180044109972,7.395751180746543,514.5330658613819,0.15563946971702006,HIGH
59.70483773491493,102.93571805119448,175.07311476934353,67.2108874297931,29.763223091188017,37.41311266997437,246.21318249145185,0.6741717674047947,HIGH
47.15314553215678,96.76419853554806,155.64598413762428,55.64435185084904,20.43059798166372,36.91792393967038,108.6946726082669,0.40925650569157734,HIGH
10.561450887018818,21.954874194652536,55.00937649263233,74.7625814013662,31.91099487452653,5.231517523544297,94.66066599350984,0.3333266823664373,MODERATE
42.55141332316941,65.2950655023167,112.23244364671181,62.30534656467534,21.296052697176318,41.06158621192833,128.37400061839708,0.16901752598197714,HIGH
54.268063962285105,59.02931009575737,71.86425636169798,90.23186074535707,24.370354000059407,6.966618293167201,423.4549362429106,0.9407172784944762,HIGH
53.01910334003841,54.50333591759573,57.81623016409227,64.67573853245618,24.242492100544197,25.162644613246776,2.672683880901224,0.8016934691964498,HIGH
9.309706730646772,19.467846031730986,70.66502050199874,93.77257786137343,21.366703137947802,39.89984668611507,70.02479208970693,0.2828054815384789,MODERATE
47.73069177858867,72.27036290221517,96.02238190475458,74.7917897550818,31.639403847437155,34.08073658188613,345.0766724777774,0.8280010029284157,HIGH
50.1603742007934,103.41716622087024,113.16218968625563,65.29051920111354,22.102253420344663,20.32450283440879,446.3861654191064,0.7402733266772147,HIGH
49.154392628586294,52.136179469694014,77.4993091210353,97.0631726979368,28.835441476023977,19.396859420899993,336.85728156414393,0.4971008336707997,HIGH
55.451918368728194,86.20633695735901,164.49178563722415,90.0424480844404,23.776193190550828,28.572099270843005,509.17325334338125,0.25945090636062207,HIGH
30.312408996509806,65.28482676003111,142.77348322516764,56.43835720429706,31.07707044603731,40.00616866352038,308.41696240448584,0.8616187508432799,HIGH
14.740516024742385,61.62800769255266,141.015080315756,94.61773884539375,22.08402052805237,13.031354305839894,331.0055588314449,0.7510788974819675,HIGH
47.456460442092606,57.94728408009886,100.67492401594242,74.2673652292744,27.814992358199945,5.086345724684939,433.8784715825034,0.5367107449175933,HIGH
17.31459485791767,21.25374111103567,60.266240189866,66.14661121083155,26.322597653162866,23.46372526207094,18.296452908072656,0.1635819411598022,MODERATE
47.2097164509768,70.49157148415912,122.6739372826506,95.79101763760991,31.07670593738494,32.064668805124136,476.65129022116423,0.7511081504394526,HIGH
15.106467572199913,34.410063922057766,101.77013299620455,87.82474532730618,22.364063826289758,21.901298785152214,549.1802859979067,0.27999103970791306,HIGH
55.87722136183002,88.38015970993335,94.27192894550583,84.11592808745557,27.857019721073527,25.24986424172359,497.3451247188532,0.5757002939871996,HIGH
34.69103326161394,60.402913208254795,119.66460668195009,62.563950808447906,23.638730427255453,38.73907740172317,216.2562235520693,0.47998641680255183,HIGH
2.421666965989757,18.50190061238564,45.344150234156906,55.67288372504263,21.830970714827316,8.44001539029435,222.4912311622622,0.4633369124517931,LOW
11.07759511101344,56.79455615069746,129.30360577111486,56.81546012584667,29.38082255946982,38.351754003363354,5.208265943610597,0.7445972331655417,HIGH
52.76817063186277,105.60907719432544,145.11707855587792,82.12113812042672,21.314238964317102,17.032245669064494,193.7596862183671,0.2218737756419306,HIGH
51.69699677478065,62.286883459132454,125.43731394092828,75.8638286797092,29.124678781462762,6.277662969130065,143.82331683257178,0.45305829996050073,HIGH
56.782052164630805,69.43542945497296,129.32465986567567,80.20811511308445,32.13136445892691,5.364240179287976,275.0758338676996,0.23516799496515603,HIGH
27.15426313678407,40.9002406099914,91.15523610983917,75.68961125006639,30.400958996747555,9.376036831801944,184.96660908708785,0.6260451554872161,HIGH
16.74314964812294,53.46898099593615,85.57420713795938,56.17617830651207,25.16158473448008,24.183462766877412,127.70945697373915,0.33000361290851266,HIGH
52.304887180504466,87.44266964800039,151.40181007861457,84.66127086310763,27.52913953759541,7.6318851449978435,527.3837723855626,0.5322038121368534,HIGH
14.836351481414138,33.825039036464915,37.916697015742834,63.05956504027441,24.083811940280775,21.373543997488934,509.11405777239383,0.5378229831957323,LOW
18.781282720025935,57.291317499648756,119.25739452923528,98.21424323795563,24.563506713767737,3.9018182968239845,405.39980209988113,0.1965173745621751,HIGH
6.749893714479091,57.81876261511215,102.39950268944824,60.78352922142567,21.77461560774296,18.505205027199185,183.48654295964803,0.16748217247194772,HIGH
19.03957885969546,61.05666690367891,117.05140041130974,76.22987282215034,32.02299593233598,17.839949469690282,499.266464995765,0.7580190919423078,HIGH
37.262414238929686,82.0024258268258,84.83846094612275,63.71321863618198,27.54975926154819,38.88234436961048,185.47037710999052,0.8626004294394866,HIGH
28.88569938594394,50.8526145857049,94.17369845934732,55.05760310676726,20.023320786119125,7.636257112289497,351.47021722726026,0.29935480192418945,HIGH
16.800196146171427,49.391562794110314,75.0823200999527,84.25870639630546,21.3751381532192,39.16003212662168,3.9003356029997276,0.27717132680367007,HIGH
19.860782242424293,62.95291092058079,92.8389570051534,85.87836720572895,30.225588725560115,44.58947169922747,143.21165988440333,0.9708298259789366,MODERATE
8.620354763612024,22.316511036838087,46.62239924182116,55.91954586073987,23.738824564579424,14.966888969502458,352.1927037271032,0.6692815956251438,LOW
25.724909689399674,30.034169053897713,68.03064872509832,66.9959865203185,25.014389135926656,37.4546300717876,101.77682570278202,0.4505071627960029,MODERATE
59.624256667598985,97.93954978045375,139.65874275017973,75.68459014630707,32.281387795952426,6.195560141438479,272.15150188555197,0.1848833369575926,HIGH
59.472136868016236,86.88663039557187,142.87622603668262,64.00664870511709,26.40751493141793,3.261711691660257,330.27629463736054,0.459946331722927,HIGH
0.5670640061845034,16.906280951828567,75.32404990650507,78.94304267048706,28.986398140314805,30.476758337997023,350.96880600916376,0.5596153956012265,MODERATE
53.73762137129675,71.47840655582176,140.84317647717398,95.70303161552441,25.94113547695505,21.98673802047759,326.9786067842083,0.577326791631214,HIGH
21.941244113377365,26.14620997454572,86.88652786515773,89.92917762173083,21.202016496569694,28.25364704330096,142.32738068268296,0.6054921492402419,HIGH
59.36167512809672,91.62431547083327,168.07141670306626,70.08990478882953,33.14796139357253,10.899388286989412,60.46928342978317,0.17466518984504018,HIGH
25.605826553807017,63.33005104656148,116.51642384051509,86.39611191832178,23.225255865249753,40.37169453026624,48.833622943424594,0.2876895835440779,HIGH
58.21884879106121,96.299812537777,145.8449257526383,58.092262265891335,24.15552290649885,35.75140704309021,479.3126583368308,0.8607748747950746,HIGH
6.9934478135420175,28.535986015956155,50.20647130040773,93.96160715974838,26.377266871181146,20.458016775143022,396.5987557430369,0.7545309903094225,LOW
47.541322546442146,66.41922521113581,107.90552426788243,92.911397223059,30.96431416811725,33.2230663099469,400.7837374541283,0.19617392589569516,HIGH
26.061741473018085,43.82141485901005,113.47471191883143,71.32843885160221,20.493952847332814,8.812140323591985,86.64769668298948,0.1983135766980989,HIGH
6.312922857049131,18.75349836571708,84.15037720916327,85.25828039007564,24.14007274265924,12.640727796013763,112.20722213529545,0.35587593714260946,MODERATE
29.627341170896155,45.11210337712994,69.16422288419905,87.38169080629837,21.807541801091645,37.44698999399236,504.48392941086644,0.5463922709871528,HIGH
17.60404714929725,21.371032371977453,81.91165271012946,65.77831863819671,28.263537001106435,39.84285693333346,136.11102903535848,0.42493317660482155,HIGH
40.83514241293895,53.81111703723773,109.92818328310912,93.88433579513175,33.06529060305299,15.088954856238097,499.6711325133046,0.16129352234257685,HIGH
1.0580536151588027,19.15465108593737,97.3222322044091,55.27663367334921,32.7820822304237,35.86581815479897,360.5696031593559,0.5295275793976086,MODERATE
35.353863799640095,67.11450118396401,137.41707048230046,71.87794910492975,28.348438134833444,32.19291568674079,466.63896439718013,0.15684103354396986,HIGH
20.84229465229681,67.47946757537964,136.69046330286363,66.98836337875173,23.327126351006605,44.9272611247783,457.45845674755896,0.34012417222040814,HIGH
26.00935208538376,30.363814504726854,75.54680891259446,75.53847662397953,22.07974532885393,43.76830723784134,257.66254427231195,0.3722128869348127,HIGH
20.974579876550877,50.528865369892216,90.48392703721586,81.67783154150104,31.139198472017547,40.951972767175945,511.08412916087383,0.4705363675925033,HIGH
21.841570669393494,71.82648537894053,147.0493076282001,75.66250403865675,31.935318166707695,26.800069666905415,461.61716996516543,0.43931201400570474,HIGH
33.36971022785747,79.09220102796817,157.60547974593305,69.69941049883484,20.08847748908244,28.607234714209113,329.2893091132,0.8943636476414694,HIGH
57.54086733038781,77.06215862143766,104.07552528988903,78.91490452162013,31.974818339076073,8.046312379083606,205.01846163727555,0.4151181045049689,HIGH
16.59616186533974,70.7580497270708,117.79353857631197,71.22539234184904,30.092917775335636,29.148506885216488,316.70932270436185,0.6394080851495108,HIGH
18.9024780131653,73.34401494753169,151.47701290348104,86.77239303799882,21.588010651383474,40.14282230986554,129.87333923285684,0.4530347387461604,HIGH
38.102469196145016,87.1665573743756,130.68513111045021,91.10565409578827,25.820329358732153,20.766590301232192,219.55600132928592,0.9908891403446057,HIGH
44.666863988585575,49.80834621124265,100.70549899992636,55.09717756255189,25.559993844050393,29.39945869936229,50.3670908362208,0.26851857903020065,HIGH
19.86594386001261,56.11011639128729,93.1394001753785,87.33374907475701,28.604525966861928,11.845479374459245,405.24528025590797,0.8670870138856129,MODERATE
54.042849600175735,105.97697149664941,170.8978500016507,95.0855778786237,29.39903505291319,18.94346847696969,244.88705361275967,0.3828452900836109,HIGH
27.62540243396219,78.59392082443256,102.32096979611042,67.56450540601365,24.678643635100023,11.424237359934983,81.39175771551875,0.9274859001760775,HIGH
14.044746699014471,33.626664858171495,48.81071494299695,75.65492594549197,32.104285207525336,39.453172372742415,8.612012114320947,0.566190694895509,MODERATE
4.555558710781831,32.37148747282852,80.01764546460839,67.6161940311991,33.61965212554171,15.27373720408358,439.32111465041,0.7301927886149998,MODERATE
22.45237317066884,55.245615862811945,109.88155193432077,83.62479191411138,31.549383653751793,21.01727882160865,78.46283128365599,0.6061525679421403,HIGH
49.348901000069574,76.89236751534763,86.12126101245303,73.36178927266968,32.04935970921368,31.930764228820834,533.5299684185927,0.9254014003387949,HIGH
20.510193867697254,26.81494991978909,60.8132547289093,92.95264240417363,33.98025304590538,32.88375318196344,126.81527627116964,0.16325253273810134,MODERATE
1.4048974411786763,24.682363402621743,86.57713706507349,97.154736366837,25.38113710520475,26.540846055709775,46.769677313374814,0.7878633453083408,MODERATE
12.808029998779995,56.67692566363881,96.90214204080368,89.56315842841782,31.184113607004846,16.626266536262484,344.0515197845649,0.6467008902870244,HIGH
34.0222981600273,42.43114071923818,81.65641780927021,80.67786038273546,23.777333376663314,27.938761508691762,191.68435419617677,0.31486256438452753,HIGH
52.598986873411704,53.73383777468974,133.2020585487462,85.41287832953581,31.739735955378627,4.353496437151654,102.49919059957361,0.5019960263910384,HIGH
7.306766200653398,48.198048710268395,87.90676473604094,80.75075602686984,32.36408915434939,23.174246392467843,284.778405658606,0.9185063491148105,MODERATE
53.401115766832525,56.45991052728717,76.14711926072243,79.54581522439418,27.996986185732457,25.666563450885263,39.1293820926687,0.8538818891801049,HIGH
21.87852849363051,72.74720946653181,118.5468540863314,64.40033049840993,29.528337755531975,17.80541211639831,411.8432199560018,0.908622726963944,HIGH
31.880448371132488,68.92948849767214,128.92815899487033,68.7468240134351,22.580126279497367,32.74170695372876,436.0355193271603,0.27670330757399453,HIGH
25.915977335301864,65.31032348497475,67.21577771748773,58.293409407277785,27.313235794711556,29.802248759795,79.3835092559189,0.37486889419377784,HIGH
53.39908055495059,68.31245877269774,138.38023546701493,56.374097900813965,21.77155936005667,36.42756285212276,149.0774041006355,0.4523995813173476,HIGH
57.01590132512498,111.65596273218358,136.2942100759523,89.80484818301215,21.827211800305022,28.284291300327492,348.4543810688496,0.17280968892650525,HIGH
46.41934671723653,54.96276774547789,117.03319426511784,85.40136813935439,24.093945649635927,39.911830014579145,250.5149112336712,0.9152316427644884,HIGH
23.71374790971707,57.74385369042759,88.58498412895808,73.12739712777739,20.628329642857373,21.468897402340588,150.20905893920647,0.4892610227351255,HIGH
22.93781329363099,75.38779794117566,122.52301258600932,85.83096324476034,31.49305875055321,21.532351292984053,5.047756433782172,0.40393835808202183,HIGH
26.385987131992184,72.19359849530159,150.098871541116,64.48301036773569,21.285940964385123,27.796647577996357,133.9555554342655,0.7115629658632006,HIGH
3.4695426762861126,35.55190628545133,82.26469379995126,62.52451637905614,25.16820227711185,20.4179869074568,187.76791155327103,0.8118166034211038,MODERATE
1.1023601917610826,32.297299145849934,65.37743610525953,89.58305714617957,33.79301548922495,16.68745887380222,50.20229069508976,0.9411610042226329,LOW
49.2656065047992,95.25666435442668,115.73624490533146,85.35953449174079,23.977084537710667,40.14973178339982,56.807842775488695,0.4252390223608675,HIGH
22.702377169965644,54.52428775899135,116.33809352744382,74.11089091195542,30.601956790581113,36.41534230935884,77.85803825902907,0.34402814588018704,HIGH
53.46142621722125,92.05986005028706,162.9639797094996,64.64116802606694,28.25117752330377,39.76825863942457,167.80292393423719,0.542353497664238,HIGH
41.657841597176905,63.922175572934094,92.18351006410757,60.478582101886566,24.61140566266176,19.996159815683654,211.52046019326082,0.19921854576850934,HIGH
18.177367529749965,29.092944165173776,44.21771152283598,91.55970750700752,31.439739803966702,21.736376383710805,128.1382256595922,0.7386214990829596,MODERATE
53.577647797926204,65.52158838169872,91.05058751249926,75.11421226140784,33.81814625387521,30.56927460098788,270.13870407354375,0.2841621255042378,HIGH
40.27369834355448,89.48637452016494,148.18501013952783,62.84698263171503,33.76198700585582,25.527436995830662,309.5288685196618,0.4688559030185656,HIGH
1.3052792303309735,18.87036290789673,54.61103175129536,58.91596404634811,27.072483982899186,23.269734816724377,480.13795033563156,0.9241850042663434,LOW
2.5857723037234415,46.76349520600267,79.33792593219773,73.76705924610032,26.422011642453164,16.888371673325494,144.62844637540715,0.17049409166495447,MODERATE
25.355883980455953,60.86103387934264,73.9159474693884,74.19319532018332,24.950644037204256,13.820412701214227,350.2940130625789,0.3197156224449798,HIGH
51.75851444204407,70.95475253277198,145.57691058646532,78.56567345962353,31.15488369324577,25.540060436084538,534.4348945069452,0.8772252350807698,HIGH
44.38248762452162,90.85093779835023,135.5281658508281,70.0451973004138,32.89156366804097,19.00535359052543,45.696065500652075,0.5145508509021007,HIGH
4.808237947177325,36.16629913584873,48.79049453797781,60.37052667014734,26.784821961278997,10.366316320845819,425.4064683811609,0.8647621933656304,LOW
54.78400238720823,63.00748784492314,111.12058190593967,64.88751712867236,25.709617080120772,14.8094459161667,107.5330364073826,0.7224360136930056,HIGH
44.110369106200196,51.83669778915229,57.61854897804601,82.56502870579467,24.012643187196176,11.630355607948871,285.70408531306884,0.4821606686471309,HIGH
51.41209298538926,71.08590855586647,85.10693147806705,60.88040618990027,21.23550953873193,24.43782416059438,370.9046900938787,0.612662238020133,HIGH
19.528954441536673,72.67436290405904,104.9404321011946,75.8269883125221,21.436231551008863,22.110043374657202,293.83650652196786,0.6508714509663404,HIGH
49.19158324128292,61.6912749349238,127.13179750730242,81.59245921355345,25.67250209018654,25.747437063878234,258.8685434480453,0.3821889549436706,HIGH
43.741308866728644,66.21277504222459,145.66494626186582,87.32542238509097,32.95645308945439,43.43065241944102,166.52217604823875,0.4778404609804544,HIGH
40.075062014281926,86.19572637055673,91.72957178608962,70.33073965040302,23.212957149901158,19.567033516831756,147.50023786293724,0.695760701727082,HIGH
39.1784170597053,54.33425973653167,117.80121399609328,78.15893854247365,22.681278496990597,7.81146405386323,298.81751448866186,0.7079670181055658,HIGH
7.895972722179541,9.759535887111587,51.02571989345583,92.08860588024538,27.15542605748783,16.334161846474885,245.61549152291428,0.20987909389939108,MODERATE
31.261468019225124,61.05347877418144,132.1526802426614,88.5406670761619,25.8351325322474,36.72498855329924,192.840385403694,0.757800697899752,HIGH
11.0003752311255,45.19072629236027,90.59127841204581,67.570857451952,33.042382522495174,32.750093371729804,292.8510301868137,0.6581899078364118,MODERATE
41.862686536455676,62.69254091847293,133.48781652489478,62.56739141100259,22.45868867490849,39.00991303806211,279.4835152333125,0.48865657279189056,HIGH
57.810981180902516,82.58874182573379,138.88488599120464,70.8613510207445,24.715583363891,15.079623268653627,377.0392438337606,0.5696767310209108,HIGH
49.67343161256212,54.10392322403041,67.36832596315446,85.13198556885652,24.972466687477013,10.471654561908684,131.60455258782508,0.535715500065548,HIGH
18.18735887597711,48.37620146417851,99.08380286249212,58.10254217741682,31.88976816731833,16.30449079665996,219.38315153693475,0.5377199417810274,HIGH
52.6953801811755,66.92559528928498,86.65402367918162,56.010247663552015,21.82033413604738,44.48075166629718,427.11578402882554,0.5501998201068563,HIGH
42.87936345401512,57.974840162385966,114.25835548493089,55.34543607198086,23.897404825265443,25.112243932811737,79.71511905554414,0.4262812537275117,HIGH
31.907888920525856,78.05402300505928,110.31914479221463,92.90267662601335,22.512541670506497,23.5230195206625,284.84973828435056,0.9525894412566366,HIGH
46.72484429054548,94.5650847035042,110.47303816094757,66.28671680956228,26.546165846366055,12.865741453926878,380.2766743427606,0.18107133818061286,HIGH
52.886210523811066,77.42667471216359,109.4875285723731,60.32588283777379,29.95034043629269,5.047599485062774,482.90120222581623,0.2283390313504169,HIGH
55.14713138286715,61.0291280154609,68.382888386586,93.87690845256243,32.72869066415493,23.936768890461515,48.63653883467772,0.6592899365631066,HIGH
27.443665346905373,44.15285844390269,57.3443462832674,65.34222067438441,25.66055220870904,4.609034222050269,43.334440009067535,0.6808891633544036,MODERATE
17.09560378092261,40.0646604899091,82.98648340017886,64.80330916492171,20.591151346539,25.299684262144627,498.4458634450849,0.508430560885513,MODERATE
46.37329360342166,82.62034621676881,114.25822150474372,89.91508412177248,24.630592086492396,15.382798940799223,297.6201525939496,0.17969568820768156,HIGH
27.053054065796466,33.16840621084183,92.9077369053674,83.15697978712831,25.575836801130606,19.83743672885488,314.3622721494842,0.630746915295074,HIGH
25.37263196049338,68.77249289331692,77.0849537108947,60.114558658451,33.629276691766165,26.95129149840712,183.07605259371886,0.30186735966582723,HIGH
2.8259835042773807,53.98333062512433,96.14769111946472,58.98388531375143,21.665710388382774,20.351607577443833,485.3500259897089,0.5614931344443115,MODERATE
33.16374469746156,75.55553771758248,78.94465469478318,95.13953332079129,22.250024571654833,6.636014689556842,44.864892135176554,0.23617339796660614,HIGH
50.68307431919318,71.51913350781541,95.33157724807792,78.06941021396432,29.95453110457627,8.08243373130222,542.3882929019867,0.5441985312329809,HIGH
25.144183207161163,50.861842865699934,75.5301164659258,65.71530865279357,24.554140051588647,36.219189255157,101.23936681247014,0.676571021362469,MODERATE
30.09534785381865,37.97263101964226,114.07836185238378,76.63888781402272,29.780709605407285,13.760542568695493,237.97617495993242,0.7448924079500142,HIGH
57.82468738521157,63.27072590234549,95.90059174877584,97.21733109245335,26.887932540783655,10.287779155633682,302.49237645424614,0.9286810529533746,HIGH
11.737686072959036,35.297890335935186,42.635796400561496,88.11687150927568,28.935878052354248,16.54259368250412,235.0614132825249,0.29321985183212673,MODERATE
25.80409880006392,51.958455568041614,94.62147381674009,79.98567296602712,28.013730991986165,17.238268345059776,385.7571499920517,0.2722493494099905,HIGH
41.636724148384424,69.39946744123847,139.5881348557078,86.20398130086596,20.15971568772959,14.53825096699663,208.4615833675985,0.9820798134260882,HIGH
38.00479703361042,50.421056112712094,93.31632502050961,62.942019994778285,31.85352498252368,41.70192948389396,47.16610876954758,0.6251527411610605,HIGH
47.66197887142834,57.90618864041856,137.80337766584825,64.704065543168,23.09500101723549,14.364004924239925,474.72652422844715,0.5263933126769991,HIGH
13.498883092104855,41.58851169170754,119.32731402768063,87.35088120893157,21.447002975101405,24.164041843494587,22.33143598948902,0.5207928443110523,HIGH
21.39978496027005,56.836774563295435,119.60269733767129,64.07143631609927,24.498380458462194,5.43873646208495,393.5413707295432,0.6273112976070809,HIGH
30.51345449751334,78.44318012900455,116.11748549404305,95.36675981724488,29.7086647076419,21.659770956239694,444.9866096210166,0.617625280370943,HIGH
1.9344959113350502,54.35414526029244,61.674970781348144,58.39868950641407,31.01795940120482,20.204663722966767,467.3659930260623,0.6971631430792671,LOW
39.885692252797405,54.44392406247155,112.01756672049311,67.50279242739552,28.351137657588623,32.99571601037131,192.67655017829796,0.6382218011430033,HIGH
14.156352768007132,59.28875842239775,108.69212771194759,92.89393604918763,23.484845092758718,27.53159815617015,405.5285126737427,0.3236924663254769,HIGH
25.834839754505524,48.750257157739064,91.2905089137753,95.8445617401018,20.488657955503005,42.34416114233524,121.92140650622035,0.8812142995683991,HIGH
37.00983940360351,90.40597025281454,106.17090167264861,93.49988148525318,23.293722244062653,4.585141053086127,24.262885401379485,0.4268881057356516,HIGH
46.12468971058231,67.19713693024784,141.94558940770455,87.91767975402563,28.261557999980944,33.69830748036777,85.6977771862049,0.5460131693797309,HIGH
6.69595303194513,29.194326486448542,82.46528684271134,71.2930441591659,26.434028170004062,18.10735675965187,322.2196111478583,0.705644720797145,MODERATE
31.219195608712372,47.84251095261642,99.33899640665271,64.9962838892998,22.785056396976543,33.61230659506836,22.30475943230149,0.19324752384736227,HIGH
18.411844090525793,23.858444826215283,25.821517571703225,95.10712053225487,23.249730217670706,28.27925246665186,314.9722728666053,0.8427057493380863,LOW
37.179343346654164,48.146278598886376,67.53119990379373,90.89209866103371,22.786260296935865,4.839220295736095,528.2981012991664,0.2667731337543737,HIGH
20.34421617168226,40.70691151327687,62.41134258632388,56.35835223006925,24.34880162531282,40.2859701193949,380.9923986049759,0.6071966058873023,MODERATE
13.409346332510285,37.51312264608411,61.186838588684395,60.62333626604143,26.44963767945031,21.73933955261784,25.496857779723353,0.16089480443535295,MODERATE
35.103090290005746,69.37578141135515,101.13505272147916,90.8490470774615,25.218806372193725,38.435813010746315,192.2004023719603,0.9520617288436137,HIGH
44.76305603428726,98.85349823102226,147.64147029940693,68.71439043089441,29.33409156737988,23.670086047640513,513.4111664313182,0.7225928854460866,HIGH
57.90807965983695,83.17006669019548,143.14148267128706,93.54458464322812,30.8916392170245,23.085063103054498,276.7721120443963,0.7612573762444026,HIGH
22.602355667603426,41.12729832077514,111.81417512064141,75.6739483627357,26.594956364755966,37.06612549940059,74.82175335453859,0.23256921647439,HIGH
51.73977728840201,97.12683681938832,142.60676628693926,80.63785438019525,23.822125950611728,14.82992512947498,63.10004862653678,0.49866106525102816,HIGH
30.778078531543528,39.94454983194671,88.55076548656405,60.344078550327495,33.01187814874004,20.403487191874095,189.68006582323463,0.47567481275037726,HIGH
35.717876193178185,78.66585425661184,138.58038568379936,59.07720659751173,22.50723345823144,12.28844433990918,346.85107709273547,0.16599658019031668,HIGH
2.966703316234911,33.631047626639486,109.16627081415837,83.8772972071164,22.62083970120169,36.00915042961913,395.2635166965972,0.19367085568936426,HIGH
56.77609549068331,59.63784134045077,109.20186818612933,78.06551419808287,25.807437098028483,4.357205395122259,363.89150444679944,0.6123804677459094,HIGH
1.9784906314330897,28.646243087129783,56.11593140966602,89.2750499167507,29.918355777433426,2.199577798206535,374.2049107998006,0.5602269830298283,LOW
22.976016118563336,32.54236846300397,86.04500606589298,95.73035201086587,20.492613487590575,30.323503384263322,485.4316853609469,0.3143555410320934,HIGH
32.175406573791975,78.79737607060116,144.49963876328826,93.76408130345192,31.106807648982105,27.39647091549035,116.65487816414765,0.4702666425158317,HIGH
12.63447545860153,28.369809858581203,62.96222445361988,75.49303335745927,27.948014933412757,2.500865167732877,32.07221638206211,0.3516663581703643,MODERATE
7.709397511554837,19.76223245496911,46.60589594067144,61.8858471559174,20.89118887905413,7.64710813860011,443.401153897378,0.8229569054473085,LOW
9.703081533309488,12.625553698507533,14.978333805027802,73.54645120913194,22.821498806487046,43.70837864271936,435.5908206809417,0.8714020390781094,LOW
18.955254246836127,64.14864197931144,127.49649199266426,65.12320333502343,29.394950739136526,12.38255579385929,510.45712512772946,0.6931331734593136,HIGH
12.947644484554184,18.496708981696315,40.07575511673876,64.49214797221421,24.365454938549632,28.023791697182407,299.4150545193688,0.2077765074187909,MODERATE
20.18920359413301,74.21021528133511,89.52856078086506,66.10519444134066,32.916487110989316,15.312648330212705,211.1444435292419,0.9927056174616187,MODERATE
45.23637178967415,70.2175503358354,80.6726475514877,71.93738152541066,28.596754583225213,43.65880165986534,523.483489449555,0.9543271887825081,HIGH
5.760257497477193,9.605810305977158,19.952915051903652,81.51649175426664,22.773127981844794,15.93282628793746,113.67545066295503,0.4225283799002495,LOW
10.410724957787414,49.41606215116226,117.96387433537177,98.76603659958843,32.76625860176337,37.58053320678902,69.7476052448874,0.18189592933954016,HIGH
24.310923776416114,56.032865325863554,75.22002649746798,90.13544711686464,31.273692087380454,20.5156400655418,262.46020889315565,0.9338767459641559,MODERATE
47.84691596247423,67.95535819872708,106.55738393497775,61.7909051913855,30.103037847167137,15.647049815472224,146.8140207253013,0.8560447186944207,HIGH
9.794722560414302,50.316877812127466,106.90285364584284,61.80962610650714,25.592631619334387,20.89185846833695,31.543473050270798,0.5873880268310393,HIGH
31.0954891209134,44.63059774139894,45.987264012776805,90.4473818595653,32.28919527216482,38.9908240943802,365.3768729683832,0.7667965394717738,MODERATE
0.628402035952007,2.1366918771548713,45.78934000259379,90.46163686202367,33.31442767600625,36.35187481763283,43.73224970472988,0.5600075923612062,LOW
21.01092013682491,70.60536655885984,110.13918824002369,87.48809817273644,31.86924772084943,25.153280794042455,127.59563415943505,0.7662672890294879,HIGH
21.303406416816966,46.88221902808614,59.77765412215667,59.06390089228823,30.950525225095056,7.450120615596651,350.4526969386595,0.36602582808061457,MODERATE
54.800298528511426,105.91859303545152,147.23759147672445,89.36215853641043,33.11300495062013,3.834113683489896,284.482250455503,0.4987725974214242,HIGH
7.862996926236557,47.98964245420157,66.67969768768111,78.24988400580636,24.96805306779579,39.86568275008374,296.9378642027038,0.894517321114329,MODERATE
44.975271601038735,86.77931058758082,141.72481035949573,72.83442256722368,32.990031754586624,17.21310662385187,379.3580905709549,0.9524956873695012,HIGH
20.645850896615347,56.47844986126927,130.97879336089784,86.55330335549826,32.75506091454606,4.9541298851146935,351.5739233481424,0.7087881730417481,HIGH
19.755546642777286,60.75411246336657,120.88057151341712,93.17333510381755,21.476627869545375,29.799544681957833,493.51255547938086,0.6625802968499059,HIGH
43.481424115409546,74.75879591539251,85.17560186833867,78.27781740283294,32.13990275649851,42.212784731784296,65.18771153193308,0.9863010691120291,HIGH
35.37085048030706,57.36732152326674,123.83818007462186,55.834334477012305,26.088765456777242,37.12038058526181,29.043908888809145,0.6790055578799721,HIGH
45.2816885766541,90.30122587547044,157.0449015166552,94.4035524364148,26.724253904239347,8.247742471608746,465.1291236625308,0.16208219350998776,HIGH
49.51483105545783,58.05183967729342,120.53606495648393,78.73730098246382,22.498193700921316,11.418339618234137,4.391276805533688,0.768055539217998,HIGH
53.64842235462075,62.228047690785715,100.85377356139539,72.07639044244326,31.008971447372307,12.346200100889188,536.7098838501182,0.9138722604276309,HIGH
49.04443964350578,73.04606042521202,77.08667843918957,67.86486755568113,27.005155481763317,3.659969045751547,516.5104342945646,0.9122442354312431,HIGH
55.27806309843515,102.24525665007116,181.55856239568834,61.05766252291514,30.04994592309055,27.18218087271048,181.45438904008108,0.7914267178613256,HIGH
42.233215319838216,62.5123073005869,126.65964708330873,72.3819068815785,20.974042135987144,38.72982658667265,102.3214992323922,0.6171503158867124,HIGH
55.81831098859499,71.12814194151562,149.11662494192615,82.66785630771344,29.042158890701216,32.64084327345229,273.1662201756405,0.37655885309435383,HIGH
58.00028696225445,63.533396952948536,133.49938049755468,56.26038366031178,20.317458763475823,35.78780055772756,59.04354074572976,0.9863362962090204,HIGH
12.085284805224038,54.84579599797543,88.2109982904968,86.22833342014796,23.159735902142565,43.73681755966062,37.44746125453192,0.2970089675060167,HIGH
37.70270622334855,53.04749763210304,65.67051282087759,80.40176019431716,31.50562746516068,14.942421389046878,548.3975647030876,0.7216854574651423,HIGH
46.68074971401053,82.70921052882457,117.39226211082949,58.050282447468625,23.037933331240094,10.648376886190388,447.733104518469,0.9319198325837369,HIGH
7.06972013321977,40.05025331327802,40.48022883852949,96.56307051235544,32.89240408225524,25.789693688357193,202.62188112114384,0.6408691277183317,LOW
41.85737840664574,93.2208556661792,154.98060058045644,58.45568134973337,26.186941972075925,9.498615134779582,353.5837409051637,0.6643369241233893,HIGH
58.93528062117654,72.30616943210711,94.27358790371879,89.15947093216752,27.571280431055115,43.089321718583925,401.42778033231707,0.9969388877554213,HIGH
55.19186672539574,58.221701275204374,65.46016539142045,77.208603984784,20.476463532665175,43.62923651850348,529.3484666206369,0.28400742062235546,HIGH
4.174520616897686,15.010512660912722,68.60847405560037,92.957042127334,33.76328302875302,2.2013855910001805,46.7105390753295,0.6347356335106429,MODERATE
46.40564640342993,93.45130159853734,93.53325761518732,79.57101001495329,29.6938305468745,22.3749194183763,477.1185180292012,0.6862587917270846,HIGH
50.07486720800617,86.07804777298927,113.6985460397286,70.02358673922424,25.57668542765413,12.341543835730771,280.5082256450181,0.9888040501647016,HIGH
55.072685077128625,92.3837395535969,150.7729073618571,60.48506269898317,31.016690473082754,2.702551224090217,499.8374335248515,0.9428501896105921,HIGH
55.78075112894881,102.27133616356122,121.35793559426948,62.1895024498127,31.946922145545653,38.401730310636815,31.044650012490354,0.4243965134067432,HIGH
29.016232621825615,81.27467966189212,99.7176726465698,57.39375212499143,33.68473565364759,30.10267000266519,521.9155690270082,0.9446040372428669,HIGH
7.8043716074581315,27.544178208571523,81.13819054544695,64.9513617577204,31.0605946089258,23.09817581127713,169.84950905264944,0.3428740200012107,MODERATE
9.823896182501272,11.385357138454797,82.61254238334118,98.70241171043833,22.603808177767178,29.308408442426213,475.35780165840805,0.6772636751973972,MODERATE
58.30238460692291,85.7004646542929,110.28527047306359,72.72569893094357,32.500402032376854,42.62174018587694,448.5262421366246,0.31414465751799936,HIGH
54.99274578855697,94.68158132531926,153.16011968112363,64.0046796596185,26.860514984004123,32.74389826221708,84.80686415353912,0.21462586963543623,HIGH
35.639103192777924,82.94085105570922,122.41405399015513,59.33158528489618,32.775286338694926,5.883842511721204,390.1839314337631,0.9293325176839583,HIGH
17.1197127135336,37.00606743920382,95.43691072895771,83.61575307865925,25.263681125693633,18.07212177946007,383.4196138369834,0.6060790891008564,HIGH
25.252861128413958,48.79240897084649,125.96999134362241,68.9855169173882,30.196811702714044,13.733622518040466,29.526672382667172,0.9922773090125542,HIGH
44.86271942347681,50.489221458207545,85.98436376707846,75.63282884736614,32.25041817416968,6.766295455501045,311.5828954738165,0.20825119097042918,HIGH
58.96645647840684,107.09805019869005,157.291170448531,63.40372649197536,33.5074171681953,16.136304729921566,338.87241638958005,0.9250140458203748,HIGH
21.11974054123905,29.1822869024071,83.54610442316724,88.55844474402497,23.053740055417155,34.13770540726908,90.06300903550014,0.7104600852671243,MODERATE
15.69840420271401,17.471014170098798,22.383886075062733,55.497173893422016,24.992437077229468,40.26639576805605,410.3570394464648,0.30837850407195916,LOW
43.27492915900991,77.65025145537017,153.10573478135439,79.49035932666978,25.724743837222466,11.941391592894485,508.3073997174404,0.3489068659524548,HIGH
55.13594039024581,63.133313619838894,88.48717406719354,83.56139062416419,33.1212338187258,13.05327492296558,52.25242297167133,0.9682677524572485,HIGH
53.82472834071785,77.36894749152933,80.30738798058636,84.90958730660307,22.40907819333077,21.58518824144916,84.35552017477964,0.39950272496389294,HIGH
0.5483193180759405,50.00002335183102,125.6542817774402,86.20041915100272,32.716949246809904,18.707327530288126,372.60987914468075,0.7753916844018856,HIGH
54.92900161861452,90.03724026199029,113.80755433132758,69.60698574953669,31.952177551821435,34.78497776047736,173.12056953080543,0.8167534445155322,HIGH
20.030548428627064,37.880642138430275,105.12687121157722,77.77495365563516,22.66699408922528,35.783530351893916,519.1426542980707,0.496096104897208,HIGH
21.593177397359803,74.50384741538781,112.11613512112098,91.48002054853326,29.96255559388262,21.38634371679415,258.3210749207712,0.29174039618261227,HIGH
30.52152976505071,45.47471155980713,69.51240982153915,90.35301493305187,32.47305637032674,28.76683527391066,530.3626689269051,0.42615573569253706,HIGH
11.820821055291933,65.96745665808,110.2728261361475,93.74211686213908,33.509696771944945,15.749226191937158,329.9912312373393,0.9284422674011185,MODERATE
57.73084953608342,85.59538139605388,86.86495044523447,91.8459518378912,33.784120775303876,43.460233576118526,53.95458738678131,0.1515587642096457,HIGH
15.772967720805259,61.842589416019976,126.34645430271846,83.56975665257292,20.61830372330237,10.910472468443855,30.965792445216387,0.1522384508907026,HIGH
31.157476806345773,42.793762929631114,45.86453012666077,66.41040336857516,22.640313540573555,37.45812418872452,379.47528757801336,0.2085990660134247,MODERATE
41.402719155639524,44.83390279057566,110.6401843059096,59.459985533625684,33.96949308164769,6.853988668174075,305.2686372466471,0.6832725006580944,HIGH
6.113243185809489,51.40556522911774,126.29435365958247,55.01055015789742,21.826550375366146,4.0233023716579055,523.9924963441724,0.5444251923142505,HIGH
21.14048633932085,51.40535870630712,130.15349439687623,77.94463658926374,28.38169076695639,20.62497504521425,28.49316124633407,0.263914242111268,HIGH
21.079777431193612,52.98523877960062,89.52921844949324,81.06363966601795,23.448302644527992,18.776010734652246,93.90162044227787,0.5784900136505399,HIGH
28.77544859617053,58.17932671820865,72.93273009652575,79.68006997992924,30.5365735027507,41.79414804953725,479.00350305477957,0.22269383856309607,HIGH
48.508148408772485,61.215081126926464,126.3845933449992,80.89984361182564,27.316096323432504,36.13531029444541,275.82666691959815,0.8332598128360326,HIGH
2.0967630236496793,8.66525793253475,15.842418541022866,86.52737226040122,22.67314256919189,35.089769170877695,419.37892479144807,0.5806496761062163,LOW
2.114482886537923,48.72117014322277,94.80654141170116,92.13847639748653,32.94055402233606,24.578310003718986,425.85146171208186,0.5091163902957312,MODERATE
50.57927623821319,88.15300813752211,130.14826639889367,65.0265558546095,29.764780921368892,3.1009313316417293,539.6649985210967,0.34476308845586906,HIGH
22.39389420480093,76.72785206549432,95.62332008703878,58.75151317365646,22.073543111752446,44.03550640173556,367.273790915825,0.25327149504489044,HIGH
49.18136195824912,96.99742887423226,114.93632990728452,59.34347740580582,28.188339684259674,34.835348141793865,163.8475560039791,0.30785563583871667,HIGH
9.499562057392922,12.453697231419852,42.15622486020801,81.56716017049973,27.911771366976595,14.433356685505991,401.7079765517241,0.7772148284252776,LOW
50.876496904675385,55.266731383577834,60.66892052488769,77.51187781017931,29.999666110453965,10.475786101015617,506.9882399243656,0.48035619904121774,HIGH
45.05444863745323,57.76556119718988,103.64450025035282,84.35214074845676,28.459225645905967,13.524062376880487,61.91287419890997,0.8402636157620081,HIGH
20.170144943098375,72.65709896898224,81.48074341622157,80.0832594232751,28.39454211800531,12.89350291744324,468.3366304356337,0.279228136893676,HIGH
38.976754267219256,39.37202858225342,95.9890771857077,97.79696998922486,27.988627631603386,2.870905513941148,181.3871813116263,0.9047757058180917,HIGH
48.81729363655624,95.85801923415245,140.8061043687007,71.19222230032798,21.482521342446177,41.69853651783225,156.12802225921556,0.4431734575183761,HIGH
17.218311627917952,55.65485524777333,134.79374144400558,77.56891387131206,31.169650244881527,24.332285740715356,235.90845667126922,0.9739580573581164,HIGH
17.402009903638266,34.05084322255488,100.01291275195763,61.32770234369301,23.23831578073353,20.362668236891096,516.4564295501118,0.8820417533628028,HIGH
39.68678988262319,76.05646728365963,142.38721285979213,88.48288758545876,22.987928898346055,41.77491337458835,502.2966523835834,0.4235452312154254,HIGH
4.036738462429767,22.3641524791419,47.91223793102956,83.44592148842044,25.246511268106175,5.2958079537967535,311.42670639026966,0.764875976474355,LOW
46.79223874757143,88.08824900585473,133.6035135308733,56.60117124121265,26.62557595919569,21.6926822547992,370.8793877306321,0.4212931068276997,HIGH
3.76323578073656,36.95398970687473,52.998066926659455,76.80125208931784,27.306458827112017,36.78829657241545,531.4231313759468,0.6426655423947221,LOW
8.63199460258121,60.45938469398549,88.60771048578414,87.18237375218919,31.200116510051323,12.3232576310088,537.7070682294365,0.4691431968589769,MODERATE
40.51132237564621,70.67407985596826,138.709098126933,85.31018710005247,32.991038605342396,40.18944894181964,256.9448640992608,0.6275821327205814,HIGH
29.903538031678774,43.89125254352703,54.664892494896314,65.5148805528715,30.526535335699812,39.09103205137351,52.564874658833375,0.4864834398173563,MODERATE
20.885537515652647,56.87468468059754,123.34978743574034,85.68077107511054,20.47318904715855,18.948617469600965,74.96134356144387,0.770350696534901,HIGH
44.1586000551583,61.774445271452095,94.01410013741196,77.20135407374667,25.241537199526512,4.658148328605969,201.68815457193054,0.3836505706816665,HIGH
40.01577506111993,69.39428114002638,97.70776627133445,98.58831436950479,22.15199952460866,22.85914123268431,393.8955112892459,0.43169069506082625,HIGH
17.174528288095402,32.187736623685325,67.51914882271316,98.53567343878733,29.272941560125105,10.717456657930194,153.92295827639046,0.9957979063518916,MODERATE
3.597880200121719,40.87225514443373,77.25943733822604,62.75669950113083,26.895317722169935,25.4196877253336,11.367740269929001,0.3797416084083683,MODERATE
23.263983132475218,51.987412391874614,129.91633104597238,79.38398747453017,33.72984882974721,43.62165284496208,377.85042933437893,0.8218974668072138,HIGH
39.516406483187396,66.9767442434599,110.28009716876062,70.02953562802779,20.183104891321754,33.801656825585525,516.4229544308473,0.19299324122966868,HIGH
46.641507255949925,92.62985296472434,97.5473708024416,94.52240761612912,31.828600884099096,44.9295375960351,536.1821545889693,0.5793515346473525,HIGH
25.625508402298216,40.147431581540125,85.70961689357782,86.14463867844415,20.27729836562542,25.082192335542572,369.9153105562887,0.6627993652301896,HIGH
52.77212878512819,105.64726543412237,131.53899933062092,74.11793988756378,25.124855831746935,22.158376346640818,484.9088527352968,0.5511383417966352,HIGH
43.62598462607257,56.364589428797984,116.53679877582434,69.20373499162538,20.728719213004965,4.444150143275975,48.46101004456277,0.9462708349316926,HIGH
38.161562646358,78.29393714822044,110.31640194672796,70.277237347627,26.004578130967865,41.25185882994212,174.6494480127349,0.466746548421347,HIGH
50.2352228726833,79.00042801970895,137.13031850998422,60.766590941917116,33.78975095074798,23.172287572479277,511.33423843216804,0.3193818445472111,HIGH
3.437318097923243,12.645741470284083,24.91338615225352,58.728824498377584,22.965082763280936,19.859628701230346,65.28440930973352,0.5548332594612836,LOW
41.02135936898468,73.65043564737745,149.33139841343706,74.31073679823015,32.190090803894584,31.575203948307582,36.51692840330604,0.718861796751314,HIGH
45.63657980867933,78.41235131912111,120.48051190742169,56.721498595189445,33.6667593228982,13.986715035859078,137.91009975493088,0.34462409819821826,HIGH
4.009153851096274,11.097676686963718,64.8735891373353,97.42331264599542,33.858086746775506,33.32315158575665,156.61847152617554,0.9170993719472831,LOW
21.778097633318588,52.70194016199259,104.94272974965838,84.83398438849241,30.698207016594374,3.6249621949009905,75.85283709318311,0.864257563035631,HIGH
45.5833087356683,81.20835207764762,137.37141702289398,88.61395525893076,30.3935961569507,20.410881605570907,318.7087490295402,0.625586935990505,HIGH
57.28852611763406,104.48384535051986,133.49910380430384,59.815814907621196,24.188198476184127,42.993014036938966,14.631113089308176,0.9427393546549815,HIGH
40.25346288924433,74.11855291007126,123.10957186797015,65.1408751121426,21.21398416659432,9.263864718485017,316.4006763862939,0.740402747510981,HIGH
53.57355366958816,79.36648238865456,139.41335301587094,82.54886578059201,29.627337159732107,23.300406495751808,510.6726341313083,0.9637336742887886,HIGH
47.0937802551685,61.467802770346346,68.39533541778633,73.07805182255166,23.434824181941366,39.06125549350318,243.53983599223062,0.5575953421292333,HIGH
26.001609434669056,79.24670759684872,81.54356912586243,81.94518521962326,31.756302091510825,12.152163405235099,489.04659277495324,0.6484197550428065,HIGH
29.621300266788403,81.2955253453895,150.7587011393995,72.73761936065671,33.11252979039483,18.367934526526078,21.267264917013616,0.5421852584795425,HIGH
14.743792194314862,42.75319909594331,69.13090321972938,65.95392779398914,28.460474091465862,8.470427163738574,540.2109088126645,0.2289180728572754,MODERATE
21.215109760117816,43.2136491988056,88.99412966149359,86.70996861887691,30.173947661975564,10.83810641335209,44.62778130665566,0.9463588636473029,MODERATE
23.512963270904503,65.78764695958866,137.69700286406783,68.38071838922858,28.234916117599695,8.016105005170276,13.748063920951639,0.6905225321781713,HIGH
27.14708008386259,51.840526206109175,109.89154560797826,96.08429860514013,24.129965326924765,41.73720142625877,373.4295562348688,0.8152090882123579,HIGH
9.120132970615181,35.46077368798542,69.10393635548027,77.93873921832801,31.00985883955977,22.07760663739399,309.4726202445256,0.955023830387663,MODERATE
28.52203952084863,76.64021178223373,119.27897621936299,93.70717227076227,24.13710369214951,32.98718714582977,108.785032373031,0.3042439271424293,HIGH
38.7392632266202,49.58812435248839,103.21512830581517,59.56927721543016,21.995502507168784,36.17488878657652,474.4621710764642,0.5611770288573522,HIGH
23.98531264955785,35.320910966858285,59.3139872732053,72.65805407027514,26.190708055533882,18.50739934526633,388.272256864874,0.664565058044758,MODERATE
16.171838557025154,22.111190064893528,40.79881666707065,70.12267020739898,26.706349458588715,3.3750102911978717,40.95706798932409,0.3425787227232049,MODERATE
14.968479144634772,21.949584189122056,56.98725786702256,79.1092481570112,24.786736746292625,30.288506764816475,84.32465225840616,0.4322729399246851,MODERATE
58.13466633057298,92.92135549492127,149.5687098183613,80.6297153133754,29.682437639207684,18.994878203019496,391.08069379337354,0.27335605649229017,HIGH
9.953815016558785,46.87060954866703,47.284559992735716,78.9551725632078,25.96959831535809,8.819618874570736,264.021099240677,0.6814405532198828,LOW
34.87546188502397,72.40357609760912,94.57905880611986,94.31636232477686,30.3715783905484,33.81286464884697,102.68678114858422,0.9297032369131752,HIGH
44.72521037196091,57.64112384224269,96.7668704079631,82.27581689290432,27.476618427791582,36.43833447206458,352.7938883367784,0.2633914832196833,HIGH
55.04926531686635,57.530365719093666,88.35759467774929,68.12777070445372,28.618669230390168,10.884592602960508,305.6794066810811,0.6152071232523654,HIGH
37.438547050226354,72.10615508070902,81.14678654711713,93.2118262750935,29.18568279474848,26.27420306793301,48.442969704019845,0.5337032979940521,HIGH
55.072751397319855,105.7502845827986,114.08976173193749,75.89669056030725,26.576151738304922,12.2005338558817,137.57163932617803,0.607330085673673,HIGH
14.247187568931523,65.66824113109375,99.92052389408133,66.06559975188655,28.632702058477104,7.278250777957691,264.87714295811094,0.7953747634971742,MODERATE
37.9163138092144,49.43822815789368,80.16144820853063,75.39641463901475,23.899148286270876,43.57969528261242,378.1414677834973,0.4652596581003967,HIGH
26.45666192324733,63.298782797404996,109.44136847123269,95.09410768894729,21.056249587208733,44.62177297024691,332.4591218590721,0.6492144617618999,HIGH
27.747028859067765,47.636948267029,98.70240049184082,84.33769942832362,23.10652388452972,32.58643991921542,191.28561181342366,0.39703733328199825,HIGH
16.004620986455322,70.38841079978684,91.66463784641537,60.981555339342606,32.46226747782539,44.8483626021668,171.81812591917424,0.2624426118445604,HIGH
51.70226935922153,76.75695694120193,146.62508904596018,85.66967670234189,26.009612111063035,21.244851171079652,338.70460061736685,0.7340623052674244,HIGH
10.059455191556971,48.252642365293774,108.4184143180752,71.79105660802247,29.546311179256463,8.209407801070746,140.4545858243759,0.259671243120085,HIGH
3.7482429829214836,18.891721480455985,19.972192372739965,79.44773119251091,27.656098017369725,25.928971676358856,543.8248661062287,0.5364252053407981,LOW
51.072708843750725,96.31889358350105,123.16906779909947,86.12830121699663,32.63177169853857,16.220814796013407,326.76226998551516,0.6532945413337135,HIGH
17.981591478276915,42.02258627703575,101.05780110406195,79.89462635875618,23.793794201791503,30.081351382372418,137.51800593118952,0.9327259998784977,MODERATE
50.19858559917676,80.30332051383162,149.9936216158798,88.609260109059,27.923990364850603,18.411268288977475,245.8685897945065,0.2911696574583717,HIGH
8.407683074489178,36.06958448648045,102.77934530128553,61.15054646824491,27.841253176087896,43.74030198436805,131.52333377149753,0.3392393013780839,HIGH
55.06742766111654,96.814077021157,174.68960717661224,87.0166143236941,28.66413918572355,37.83787168896966,348.17253001198645,0.4011394788909154,HIGH
21.158773132842683,44.09694067476681,52.0924325575248,62.73107420643733,27.38910580000536,7.071800055042608,253.2653791009607,0.18633829936031548,MODERATE
40.3818628845054,86.36383680811969,116.99846604214191,60.20375243313111,32.73654931255848,34.05052059869197,244.91653523658678,0.4703556417531468,HIGH
10.086247481897317,28.669978382811095,63.71300760476779,80.07798223395513,20.525902719312178,12.433389998375723,257.67767272232595,0.46920432964453995,MODERATE
2.864318009305973,9.478317626116592,25.549858998266295,60.51121652044818,31.85056632527364,3.883880540673298,47.13540094783743,0.44513356191498077,LOW
17.016975815966134,50.41195833062829,76.28619923582984,65.33573427015789,33.93447014319002,37.32104030005545,395.5703165781991,0.3389457515369935,MODERATE
53.69238971906279,102.9727537315796,153.7067956952229,57.524765797691494,20.923385051476945,7.403685801767044,223.94189588276785,0.6605126632330711,HIGH
18.672010183344984,35.371237999746484,40.85679850369357,83.2321047232776,33.6077684995439,13.67598186211686,291.41707184116103,0.22668385067841862,MODERATE
54.874834417166674,68.50485329056248,142.38239898459338,57.03475157868928,31.737102819386436,44.2896177731032,20.91345641851388,0.22960174301391736,HIGH
30.759288129861687,41.40833588828669,99.904778911905,86.24927460190297,33.55629834193079,2.524791639164804,452.97839702837064,0.7272658912682589,HIGH
43.17970257314846,65.87072726433229,73.48390308831841,62.67027840539473,24.842654344377003,42.96976256878852,472.84619828312975,0.19419621544626206,HIGH
51.19217872358492,100.43889322389137,146.406448881217,77.60959670355889,21.05058061881791,5.791868631205137,486.253205057782,0.5922312568099252,HIGH
25.833060030884255,53.70392877758933,87.75658630425394,75.72747079108359,33.78695623369997,32.21359681215436,475.4429344609173,0.4006921538027908,HIGH
41.65653829677498,80.86763916888592,81.55828575332364,62.4360673854045,21.180372537032806,3.77492116410718,362.3778941120276,0.1720962437520064,HIGH
23.15780101951601,29.062019819948745,75.90983684289243,63.518320669472615,26.43520133676124,3.1541935322636787,528.6239867548743,0.24730274569201338,HIGH
7.003740031169126,12.178337531967008,84.14794886601742,76.02339507128858,22.91699880743439,10.573590824676543,438.44585190576896,0.7055027953230565,MODERATE
20.641794732232196,37.344579305660886,92.88080691171274,95.28286984990064,24.408013288952365,40.23016493394038,511.9499809119769,0.5926654690089963,HIGH
52.91869739426987,62.32450296536849,126.24956983503326,64.20817265907598,31.847650114360828,40.17605764935962,332.9566616208693,0.46116801194280455,HIGH
51.58754054920701,75.3434329324327,76.31463597719375,61.55777629072764,29.520419961863862,11.635404663692874,360.1024807756213,0.37683217954042325,HIGH
48.03649482950269,69.19245520731224,77.59921234265644,84.73791538495652,21.69762472492867,39.11004111587902,12.235818562819894,0.6220830306955303,HIGH
34.47025927299211,40.313828349059165,83.00651341812471,63.29779027599323,26.87208616437349,24.59429768788628,487.97953006213004,0.2977938227588707,HIGH
12.53880063021872,29.92544034591712,84.1723772386507,70.41522147386188,26.842111811162418,34.066837521599204,469.94457277402205,0.7897199254243148,MODERATE
9.246423433429094,34.80737574166532,39.09501346607645,77.28518622550415,29.992112435931833,38.95677941568089,296.6660687314866,0.7678029050980774,LOW
46.28799670417613,74.68784852203967,126.62686831694535,78.01190050017448,22.79582649582902,26.046384662410432,482.19924973478203,0.9727204835092231,HIGH
50.56612176343503,92.83879480672043,104.11130060875108,92.81321076308902,20.463317007579203,34.35080325414944,170.74258766409963,0.5990918371749682,HIGH
34.3209954113855,89.09590470179747,158.04815645859833,87.35165582454515,20.52802186692397,29.983757604815604,271.7833312418386,0.8836089727999267,HIGH
12.071846334616552,41.51612233794792,63.56759547260849,74.6128573826326,33.74861777543417,33.67642228866201,75.62124191430308,0.3248869949814257,MODERATE
56.892886214811476,59.47334851192547,66.94873546430016,60.30211058483427,28.311151478374097,4.976652020065644,358.9250142109915,0.9487897972337602,HIGH
39.290204849374376,78.07301746538396,148.9533593558898,56.09306944464781,27.873709634002125,41.71685287958756,371.0142447093344,0.19602353766184208,HIGH
47.0056077811203,47.74376526836618,59.68449572897073,73.68141770996314,33.64979744256061,25.05668339372284,404.0836257348553,0.2537372729057583,HIGH
1.485473824845276,15.833792805523522,39.895091402964795,79.22199126368902,28.691523926223283,12.22525580465639,7.495327725847522,0.8706103031640822,LOW
40.37428856941143,41.980270572922294,121.11633554012212,56.34848710105736,33.11067063407948,41.27032570612462,118.94252738300982,0.40794021385509005,HIGH
30.74544711067089,47.192314809135254,120.56182164568013,62.61773149872582,32.080518729828384,12.211700684179718,513.122347865532,0.968773956343286,HIGH
31.861532659804187,66.68184702528478,110.64928173097772,74.09306751342855,30.110668724031036,6.355114716641506,39.02699955620496,0.21491897168069135,HIGH
42.271246370070244,56.98566620420931,83.46059063520141,74.74317193182438,28.902238581319203,39.89489008343047,213.9201174458618,0.27444449353269734,HIGH
19.833250122064655,40.66951201343775,61.55509803628726,77.71850677919691,21.79484425403662,17.592895758819438,295.4294020493337,0.1658138851985901,MODERATE
2.3625031234461646,56.79028806284927,128.3946184519139,60.344342824801046,27.36579554721547,20.433908599966276,265.38519380264336,0.7881657565340142,HIGH
15.860570993472416,51.76166391118103,102.3804789188912,82.06626334247562,26.57606297416269,30.972338261691547,548.2635370962363,0.5165646120109902,HIGH
38.28196239613889,50.15043813985254,96.27129158622066,71.45296504497207,26.0641333537061,36.219356368616026,179.4146760386113,0.5721515763472801,HIGH
4.319799328422135,18.669829623619016,67.54247671373253,77.95237103289078,29.489335783327917,44.19178906167798,303.39195165497557,0.3756316562256683,MODERATE
4.982026472526062,12.021763690374456,91.03627269966738,89.59226379823136,22.899038153209144,7.67264416456938,400.80090727281254,0.5467878483246453,MODERATE
0.821746781949908,20.30596320642583,72.94524173380313,91.90660538122184,31.561752570190286,7.781322304388656,450.36269589445334,0.5255673147685526,MODERATE
21.53763341670279,26.25415837767992,68.22113811336763,94.89914588166877,23.929317930382883,26.952546882787917,525.4020719292723,0.2352257479401002,HIGH
55.05814547835589,77.27973205982983,149.2239825148393,72.74258192529487,24.849579890432434,17.888487987812216,25.673714324512268,0.6105138330186813,HIGH
16.800797467541692,39.82197635277922,64.37189415373582,61.84072721992145,30.07819628320233,30.218727452410207,18.746896151888613,0.217245906629416,MODERATE
16.931787853223987,68.19035879591753,77.3218319745073,69.52298856669604,29.91356191088708,3.8585810776259293,17.53062947055855,0.32953808166320575,HIGH
40.77977281789105,85.21325351190399,156.53324725623605,75.47079577359469,30.6798047076317,40.45377880169736,410.38022359878954,0.6087257355904273,HIGH
39.55835049656626,62.05118341449975,138.24421086337526,79.38365992033609,26.270768910985936,32.03035094872662,279.6930462757218,0.7256516979418317,HIGH
58.35700635747158,107.75148765143001,117.99230069695815,72.02360629358638,28.95941837161584,31.677710430697076,286.0461406964037,0.17248842493793567,HIGH
55.656166441458794,78.4993832163361,117.04773985896819,61.54451189053525,33.713281297294024,7.998280549544322,475.3168503093423,0.9469713011649165,HIGH
57.60153334810098,61.90692707547116,70.98307019743332,62.039432030662574,29.362650145975365,28.154666575758505,380.5964840590224,0.25671666003559485,HIGH
3.141487506458349,39.193869047238636,79.39585493773038,88.63744635633549,26.5154498924555,6.248741786460691,159.99172572931985,0.6302448955699377,MODERATE
20.07489155553676,55.79792771169024,81.88379244739062,70.37134133421807,21.20845659460796,37.594427473410356,242.78638909048328,0.3279764186943921,HIGH
43.14491740505872,91.01086380053884,120.79956397524107,84.79534323612637,33.34270728381245,32.730176765669114,162.90178680251938,0.5217890559835162,HIGH
41.85827160608039,45.98130230149706,124.12479703101693,59.54628071544927,32.64011734899416,12.743902324553021,335.1208442880542,0.6298482551175992,HIGH
49.8297316917392,61.06969496176018,96.86600123343247,62.316670103200366,31.320484858369056,17.47399927365315,39.17756652163646,0.6653833793320352,HIGH
3.6836209637874573,12.735578136820521,38.72268328299354,71.79585984199022,28.517632189365976,37.80195558808269,350.34327710019977,0.7641119644927071,LOW
26.60600574058265,51.430980103108176,114.51250756750193,66.90359085097253,20.110430067611503,35.93958340641642,433.4435992376167,0.26273440298417605,HIGH
17.80056282854983,53.53936350911881,133.17350316919112,87.85161060199762,24.757700232082826,13.567272664342365,178.2236937836879,0.3751144742444776,HIGH
29.676624994016642,38.34978337447535,81.32951113422894,86.31000228413244,27.227590577597848,13.5391952167904,374.39025176958273,0.3529573610871643,HIGH
46.47386785290577,75.10808431905895,98.28921861075617,75.10499916968132,20.185015688903206,11.28417184071562,424.1451883001773,0.9541627392236588,HIGH
55.575883918418995,96.48688166390815,122.39445742374176,95.14568948504221,25.082914566741458,8.00012306600929,507.7245826064064,0.9661229765349436,HIGH
30.215769368860357,40.63476873730647,44.527982376286076,87.19006521184058,22.01369698759925,33.95116118661962,196.68715504922247,0.19162093759320492,MODERATE
1.6650850329068323,19.535854717453653,73.48600648780663,61.113912413573274,24.35225162465018,30.3749812171012,27.058542936321828,0.6142164444260276,MODERATE
52.15243992370382,101.54436392303245,162.14045474497308,61.28937866998253,32.172759558284135,11.655535989018327,500.3448226043561,0.8939026828264593,HIGH
1.639319894841409,37.11271228321403,77.15746783009342,94.98996440152538,33.84636419962016,33.7358438051431,497.1247828578994,0.5416979748577264,MODERATE
11.162535282920059,51.747498988499764,127.52492666527877,62.92978089563111,20.66605626088214,31.78136380113834,486.65549296419067,0.6366082601045606,HIGH
45.49162846148185,95.58424602726558,135.66411507246272,84.68126494404572,23.418161731988533,18.01099811590789,55.49132514171706,0.9273552275186774,HIGH
54.81697992991372,98.00879653940576,144.15117523431255,87.28783705099578,20.915843432150254,22.699762511084373,282.85965007229566,0.8939695147791609,HIGH
38.09104731849329,53.006790856702395,85.94943370511695,66.10307106491354,27.359395093066084,19.92596184865551,232.6995363160683,0.7868923743440589,HIGH
35.18542779061994,72.28379602015008,114.5214402569323,77.97370504435949,23.625908654566395,34.204326290452414,312.12497895227324,0.23140714363110046,HIGH
43.74789508044878,60.41911360032043,88.9577760978189,95.14631878582613,24.72034048672402,21.147733123398208,536.5712924344546,0.8214267388819299,HIGH
48.11379122125746,50.13747482678981,94.20339169357524,71.64032469087047,26.250843389400217,9.479200067276789,537.1619467619801,0.9529537827441358,HIGH
41.35956398634332,93.88249054603203,170.72196796186725,88.84202187101067,29.121809358810204,40.590212603268256,228.80095615732554,0.8745090546493162,HIGH
28.962104903761173,37.95312757719447,88.19467867588509,83.33299088954621,20.782988931601402,42.45808502531653,444.8963050728221,0.6189404539208134,HIGH
7.421278220244012,17.568426231398767,81.05825732925533,90.83007059671526,28.94085663401494,38.3610818290462,189.76383283774496,0.9920842705466778,MODERATE
14.354893952020873,63.52341859954648,78.64652762599599,91.88878284996306,21.548038489583426,4.626315012495613,125.95874835978545,0.3064178412200831,MODERATE
44.51705037576729,70.25903684206038,84.60425012051599,79.36176739159173,32.50865647538225,26.32766210415817,183.2543303035841,0.24241004055252555,HIGH
46.515355961826664,51.2089831250443,127.05426912209325,90.76021139113553,25.20122799831549,6.470161069712345,222.04484539302254,0.3663597972896907,HIGH
51.54094481952184,62.198196611430454,136.89547716843444,80.54421045161031,33.90095408975185,15.254286649511213,60.87905542568938,0.46627142853769166,HIGH
28.45041470768208,76.03363432149835,76.4659652053891,89.39775127692889,23.270091394436115,43.83902786296099,488.4981100159962,0.7202503634532464,HIGH
25.72237924510216,49.721651814404964,120.34202549504023,97.41496672376007,21.332509830450768,9.922747536419404,434.2121396497317,0.91408556989046,HIGH
12.243459395132811,18.843032677550656,86.5920875232237,95.50755448264519,32.377520568782415,13.27453018073152,71.12896841970299,0.33520816821125,HIGH
19.930559141904112,40.04509306949155,83.25736284341781,98.54638720502155,21.50482382739902,32.88313959439982,216.23567584117046,0.9962140980407225,MODERATE
52.7875808867256,101.42652196680547,122.13348997444874,92.16495657654642,22.961998229477178,15.298696023316833,424.7010128329306,0.30580916239824935,HIGH
26.07231326030871,44.59596362626584,107.77205726462361,79.29952101331664,27.432292970241537,4.216328214290342,138.86924189430144,0.9744295852922802,HIGH
14.784767827669882,45.449202928506324,56.17896235511177,85.15335779975612,28.184403514233182,16.72580758305019,100.00564136538804,0.44722185020052296,MODERATE
46.92577215338339,65.87839436874586,77.79168658399423,96.9306267887552,27.317830358681366,41.03515352854241,98.90543664372163,0.6831967080482227,HIGH
20.13426793064847,42.05571620482033,112.4193139407776,60.36416254087435,27.843826128482362,22.936338584352118,452.264410411615,0.7267556992635174,HIGH
10.610289575554612,20.821483932366704,64.10433285033517,59.55110508446542,30.606619950560432,31.599774721552635,359.56433095769796,0.5831984229036182,MODERATE
51.77642064882836,95.35180931482465,98.28193155823071,59.21105041182152,24.857677249721302,42.86730193933742,510.22367986931874,0.6872551955758966,HIGH
4.295684996488758,55.92165967129321,76.75497933053131,72.37828452136893,25.32161108355431,4.3511232680664556,37.295664085082,0.9896710824355186,MODERATE
38.806735032701845,85.50364131168584,102.04131104838788,91.72691282766323,24.029922486802818,37.34753934829401,7.823098171851706,0.887061197361178,HIGH
59.549554830136096,102.0471323833799,119.6828408849513,68.7424011342003,30.782445580524218,23.456221419378497,38.76419344059315,0.17802992641417112,HIGH
11.871451534777506,13.70574551487423,57.010312459106,97.84027415554885,32.0635332223294,16.76321508722031,130.27724826228032,0.3898462468410073,MODERATE
23.083203988612205,66.7956098247017,116.69195433702426,64.78021060955228,29.43986974430031,35.24686320946839,250.11265507367654,0.3543184633732098,HIGH
36.44588388182125,55.634303171171524,108.88492359863119,75.78875651376856,32.54732722223297,23.122096711079067,275.6989500953774,0.4395778147357442,HIGH
20.083449618872226,63.057650701686526,81.87947278376144,65.0671319043758,23.91219983093918,31.74715874764903,288.22823994156494,0.7141327864278064,MODERATE
31.931558911044206,64.75350812786476,116.27560736910112,58.502581982442486,29.271496560368995,14.41647611182246,293.72717685319304,0.939519471646277,HIGH
34.026217146735995,80.29601774894738,99.95211768518097,97.49822201202664,27.548910625511162,41.90764444882235,206.3835317210989,0.3921778543211377,HIGH
53.626536443067536,64.10980629154105,107.88627936928856,57.98673822784477,28.353837445325826,32.542325412096744,164.92625398575015,0.3099735031154761,HIGH
34.938592807377034,86.28368850015782,148.46380780709052,66.24282718601712,29.563863573167183,36.71458923745317,390.77719775853905,0.8297338165397011,HIGH
55.60628191138009,73.94431944452015,148.15739616834395,88.43996061848219,24.95596995307675,18.673544031350747,485.49103829942965,0.6607781975597428,HIGH
59.20374242892967,105.78181475767258,170.56272662004238,74.03565778873235,29.04808875269407,37.46519008464532,419.35296526070823,0.28984859755313297,HIGH
36.05055955277329,38.685851119531534,44.33989184336826,92.30456238681111,22.106575175268517,36.249997032181824,450.42003953186907,0.26955183873765287,MODERATE
44.54448350515252,67.8337125974355,117.00430226792302,56.47234625116404,24.007318841275243,40.92783428975836,256.88276690159825,0.45867162090704605,HIGH
35.88350287007506,53.386888036341794,119.88176425054456,79.45497107625674,32.761567948373354,6.554672265572541,406.00046283107343,0.34290240030043206,HIGH
25.38606712038974,78.66202998633584,102.85281992911487,68.03276653038634,29.22505954582003,7.885839297171124,227.07602478146106,0.20373910228090975,HIGH
39.96835481229514,86.75588446768276,145.04198198750558,97.7797659616902,28.54118210012117,4.709267223913491,358.8599985719201,0.8815707585988551,HIGH
17.506795639194625,70.56264307583446,86.85474956729308,57.149297077675605,33.244767556188975,27.03055056687022,355.20722245989265,0.5155248494313024,HIGH
35.59430873857578,74.58980913166934,79.42633480358067,92.62418322660706,23.412828222618277,6.884291127393876,522.0147970598565,0.880234573115756,HIGH
8.006134969081483,37.90994086974919,102.68433054131717,59.835298843001276,29.589322416983542,4.740668275201479,402.98298835784055,0.8853152633762473,MODERATE
26.22293569549036,70.22215097355479,133.28173640947352,71.52686719179827,31.74347927163959,40.10048055471183,242.50520604900598,0.7089038610264278,HIGH
57.72046511172945,60.79071110400686,126.84072708525228,80.99439511996792,22.643224806015375,23.834898163610017,315.7859141205205,0.301314249807919,HIGH
30.815116320954758,70.33942448414714,131.49782776531723,66.07077874021033,27.30538677549909,22.882077889377758,115.7763628838568,0.27788864182542633,HIGH
6.836475246607733,35.95357024859641,112.8278099990686,71.2288382478435,33.97988389316435,17.36603255076048,392.49254840361397,0.8080805660532947,HIGH
40.86341245676595,78.22145084132936,143.15538467610776,55.255284876330954,30.273975314145524,3.116831791764391,427.0943795324452,0.38024145314127034,HIGH
54.221185289383676,94.48525716125248,150.7134868596578,90.56842383292705,32.56651954266347,4.834348306785568,178.89597751147127,0.3230200021072474,HIGH
3.762753990588763,51.48803486163132,73.00262726185932,84.76963705666944,23.209218958998488,43.673631135223616,528.6955205436024,0.38047445903738936,MODERATE
37.861401957861226,57.30302585550593,70.81571519525524,91.8441131247239,21.76091963052574,29.387302666518615,194.1045347658764,0.5583828379971439,HIGH
16.53750100056492,59.44114186021264,69.84574656770987,67.72397237785802,27.63320486401993,21.610022115434447,454.2431032953921,0.4387296692653888,MODERATE
42.28169668156259,49.83857717856361,71.9360525799155,64.1340063482817,25.15403329216965,23.04233415850002,276.6629845928302,0.7020391453154455,HIGH
44.36383733309183,52.00313032059913,129.18474311665014,68.27959589806322,25.415131417962552,38.4005984908984,219.51116946108746,0.5822320220417228,HIGH
16.45889177488789,48.011019755841886,73.29229912765142,64.03130849466041,32.29239125899964,36.291439729623214,499.3246146738626,0.699387289207978,MODERATE
50.54650974590185,61.84556245360475,132.95589686039435,62.26495443435033,32.527024909818564,38.61625249176115,143.29995512567268,0.6957022625443045,HIGH
53.70538871485886,57.811293071474665,99.35604343981308,55.79843760383633,29.639080690523393,44.535810318099436,241.95790437772197,0.4488780125984342,HIGH
44.20238064926271,47.37008323295093,88.4298688594152,94.63555411012915,32.25956057876905,33.79628335095127,265.53811820209506,0.7121756216801111,HIGH
59.72826647932241,87.52758694414894,116.38399335346784,84.50377416508043,27.566547801819432,29.375350777246364,488.5940638785639,0.2708040807787652,HIGH
4.747324368902142,46.70480175993991,79.88637146263021,65.70688707199776,20.384655695137393,8.500248857370918,401.3090518515926,0.8751935803354023,MODERATE
52.38044555572344,79.89215095665115,125.91055940362476,88.90528845936896,26.901364003790196,3.112358397225691,24.386642829487037,0.3329498196046136,HIGH
46.72929564660834,55.496631698242446,76.60809142138675,56.418775135683035,31.523687559351742,23.72371905358654,211.73484592978082,0.6170369690549193,HIGH
26.17860387141191,45.54775785699741,71.3966040893293,57.261559279665015,23.500359449480626,31.961294881662475,174.17548741710618,0.3375915290718686,HIGH
27.719363628879858,82.17517407795631,97.34840899771636,81.66420227426894,30.6466629753999,36.47900519831393,391.84045156399867,0.5632185887034322,HIGH
22.800567459875083,54.44687085123061,111.51391269823776,73.0528499409176,30.860285934551165,32.805435172251805,438.35494089649944,0.6223395484037878,HIGH
40.40365723385673,64.93972428144383,70.87027499154617,94.60048638323886,27.478708199919474,43.526606280748894,148.98050264352875,0.6099978001663554,HIGH
7.527016239679232,28.319495807106442,76.5546731384282,64.24731020338815,25.113982801346086,17.183422559518867,347.0747849760499,0.7767178737874296,MODERATE
14.073136389179886,57.05650702716174,124.95027361283205,74.8274847097161,20.37427132791213,21.965772458166196,65.26988629725,0.9811710991357355,HIGH
42.00871263610088,76.33732947859335,113.51192510023971,97.98717365607475,27.128987764626036,26.746500489988527,167.89690434753675,0.636808728357662,HIGH
11.375676188837495,36.41251710924829,43.70068164509874,84.44343772213577,22.42756535671704,13.7048261987233,318.89739634456083,0.4418409593850138,MODERATE
47.60938090142192,51.69439750602119,125.20377061093981,87.67209795449565,25.148609129607927,23.720064769357112,422.9614702507512,0.42369085010280416,HIGH
55.973556231527645,69.10372414836137,99.29224483450642,94.00338532746335,24.932936489105852,43.10746175473916,60.857624211725174,0.5563260552797491,HIGH
42.153816002585216,91.82259328976136,158.5004035112766,80.12219376144657,28.331102973103434,23.830929677294478,48.793804363600664,0.5922558485096082,HIGH
39.692268577105295,92.26208322596884,158.03121500381576,97.1209968984393,25.776200318041134,12.20405710008746,313.33037698755146,0.7036573638479512,HIGH
11.336999720423183,53.15870478215541,98.72623179579377,97.0479599192447,28.20179646408728,5.236773266355555,382.7965444882096,0.7102674343707104,MODERATE
37.99380916656343,71.8090812701125,116.64008970133719,68.77163854572402,28.65340074701499,4.321671592282044,141.34946312123128,0.9824616757971859,HIGH
31.309836471118892,43.199453621692065,107.25426620537527,55.07115842428798,27.230421270104664,15.281039366573149,452.5314258128399,0.8755210281988719,HIGH
50.23988387293963,70.47593264753641,107.8262035182814,93.1727234596603,32.03012837948331,38.478230268409,184.96157838851232,0.7089640884399894,HIGH
46.55752462695428,75.58492979138859,86.44997752393012,98.3106401567164,23.54744296593693,6.775773454523591,228.2882700663918,0.915734571223669,HIGH
30.929732477006688,36.93491818930085,95.60178967577576,94.83465999815789,23.514911571325396,26.692751356014867,186.61375246892626,0.26647869051468726,HIGH
31.31831526968913,43.39388591932728,104.53407578763378,96.25773645563433,25.336401415917596,44.25642677199719,102.32929934897471,0.4717829672493187,HIGH
28.459524643165107,53.4639370213552,124.18783682968854,84.36105638940555,23.999624720629406,30.756140376755386,66.73851526390754,0.9516578924833639,HIGH
50.18457497415502,56.03238553822514,102.56539041901623,85.45125543551629,28.446443207750576,16.128673950921197,420.50258179179684,0.8345763748374246,HIGH
45.88788964200255,59.266296572129576,72.46906165319686,92.18615968923771,29.53449932953724,14.882274494844118,252.32740599997697,0.2845628849099941,HIGH
3.497166672368135,30.98691054255755,104.90816331696983,87.12039843532591,32.6774406891329,39.08062466680679,384.04081936725646,0.5827916539710724,MODERATE
37.12854564410728,63.998861342753486,126.09955639284381,66.06480293669574,22.28723784080371,2.728171262889682,278.43680030511524,0.2183442308471648,HIGH
24.430664946639013,51.295780084350724,124.99130414761417,76.31447140828854,33.79964042818545,27.44747649286974,528.58873171021,0.6169037282790792,HIGH
26.978090140488067,51.288837450935446,117.08757016529177,60.348870675683024,25.613285921195132,10.093860600594684,138.25614655801704,0.6534521121785186,HIGH
50.7572236529315,103.02475015742519,171.51858585763821,88.94060076326835,28.345684257762223,23.096806048911255,394.3351482666812,0.5556659424924939,HIGH
53.54526850218635,89.5711386909244,130.03426895186468,85.01467031062205,23.416677546052693,37.97767546366138,202.31622351292035,0.4261771790504506,HIGH
18.990746959112897,25.92884320228528,50.33647091876314,59.13841742775478,33.846491806583956,17.773399834712873,92.90846928800234,0.222860958910614,MODERATE
50.17652305209913,102.36745964883032,146.83183124007928,90.30281530551618,20.80528611176453,4.0011832588822935,107.96984258798788,0.26632068488392213,HIGH
0.8358509079399967,2.637161642311882,58.635833087179876,64.92092437282997,26.585802303343627,31.392687493389595,24.348884091253044,0.19469393581764768,MODERATE
28.57604641686178,63.676524541621134,124.26005278831548,81.82340850823694,22.991008383444342,26.33163285818526,35.24183389992331,0.5320066573161141,HIGH
58.867488614903216,113.54354599662253,126.98887059621146,79.51543364484955,32.37572233307766,13.015710203809236,549.7664189541666,0.8547401206339473,HIGH
38.024765654827966,78.72470058301195,98.81992940072382,84.22324916164273,26.99823020039051,11.163206816390662,385.8662718746282,0.358440508836095,HIGH
18.08133753243746,29.36571210790563,96.18323839211146,88.98007261688896,28.813544828183787,8.840933923628196,465.2273268792786,0.4703778538984461,HIGH
26.521845100420588,73.98557731768197,80.30345896758557,86.72261704115026,27.90644865237781,42.752432715335715,5.768963096525733,0.6798314243169232,HIGH
16.251416321443948,56.44916620730535,58.53163022376803,70.58580831639861,20.408853857608957,35.77211094742948,490.378273092069,0.2434382727887413,MODERATE
6.122522617156729,41.68112253526341,86.69852138223912,69.10088357678875,21.018361812748296,19.03698513777144,161.2298113805791,0.6337014878097826,MODERATE
4.054890578653529,32.608991664717195,87.93527000476561,89.98762645131941,21.35805266754272,31.527837144471455,360.7627684584826,0.5070398693493574,MODERATE
15.3165141997313,17.168357940439098,57.66015278525023,80.46228464063722,24.171648438376053,19.553321921094778,536.1238622949799,0.17141819532083286,MODERATE
58.96603707117125,82.24449437281122,148.59595687684873,88.87967675076803,20.191272172818085,6.009569473493119,469.0999803445924,0.7498792294641166,HIGH
39.51757696744462,85.2047188549928,90.39058194485987,66.59750450923733,30.98810654061713,13.142705304420032,65.91528689673794,0.4456458123696294,HIGH
55.92552268416591,102.1681562364397,145.88503245901555,93.24193993468107,26.3090769430893,40.081942831607755,372.98523816720274,0.40292312580444456,HIGH
31.791868982315254,72.71405082043934,79.48685368363539,85.20444087133659,24.585846504949316,37.05300663006695,402.77933587199203,0.20730244163409312,HIGH
23.22516642088044,70.62344023862039,118.16676048911964,72.68443603682101,24.405740135511255,11.677831090027613,418.22730577353224,0.5568350405954049,HIGH
27.50722445653011,51.34036407321724,95.18740147664784,74.6660515284448,22.939926939421525,41.168629985237665,310.05403858747127,0.6505602456169286,HIGH
52.570609188096114,76.41027361039221,152.16690009145506,64.08697265511597,29.732158294639795,14.510503552130867,307.79890648271345,0.8423277980380288,HIGH
10.577104018978904,55.99294121154122,97.12827558831052,84.48512143258752,20.492574133314587,9.142983768821335,510.2518989488262,0.33384714516785435,HIGH
19.863115136088652,61.76413627437351,122.81876224044912,74.990797949937,28.148909195416024,30.515837440717384,165.65018038992156,0.9885015501767075,HIGH
20.029695150360226,53.76029084272855,91.2493717629842,60.43158881313841,26.567621789145996,33.87965319798904,305.0696024465378,0.3007066666430946,HIGH
16.118531757403694,44.73760525736877,88.56345419352087,85.63805587921526,26.96352861847438,6.4129812973885825,427.19227302696476,0.25419358483113785,HIGH
38.055783677172286,62.971312170735615,101.27120069254765,66.37394363526424,32.25210806258013,35.08043491734611,90.83699089238476,0.46219296285445755,HIGH
9.120248078032931,11.25817434670622,34.8315735475103,74.94402014606992,33.16067065304727,19.49456424427822,235.72800163255047,0.9499465704903666,LOW
55.19303917260943,76.40234244770771,107.70366313643704,82.6115290572556,26.9557635791627,19.16911706925275,90.08537126863766,0.1974100393081742,HIGH
57.240422374789674,108.4027436180966,133.42055493777605,73.10019097144422,32.77037920236159,21.662732759431826,114.06962182685578,0.8599765388798332,HIGH
27.51334894060284,74.24812850159806,148.4665866012595,94.94309520871687,24.29082536511401,18.76210189412685,199.25235690890275,0.8063293962649543,HIGH
51.758073122437125,100.79207893433588,153.60241994551336,68.15062537323847,20.593286781272568,18.55634191145761,90.63914692144918,0.47476606607293625,HIGH
24.718880113641973,57.02803966111769,132.6056743473771,55.2800760915663,27.76362176018596,19.594136287207498,417.5133359813633,0.9927070354534012,HIGH
43.68902220468498,66.40733060951177,141.840356992152,81.44400615019941,29.38078266678794,40.048043774485855,13.52202646401698,0.35251360249689967,HIGH
4.692990776603709,24.82849207077153,81.23092291122174,78.32294776105823,32.956078033153446,29.802336804346655,362.25136824351887,0.9050033020221045,MODERATE
47.7603004155264,88.18942362039586,130.84090933809117,89.226065596784,30.725644065755613,38.04146150394525,526.5259913125295,0.8560409965912354,HIGH
7.712743664248498,16.634075836771476,63.47015972369692,59.733544828514184,20.63737584588985,20.381836560219405,279.5911468227657,0.9041818691656693,LOW
28.972894192302782,81.08467444017188,140.66741413440218,76.1777619602614,22.695090842869647,43.970983890538164,517.2331819961737,0.827811142128984,HIGH
46.48960999327279,51.37705225877603,125.06382971175688,60.92790932935964,30.005799069389425,39.31636312966883,98.28561387697238,0.6130033258956289,HIGH
8.059936100863183,40.90950110416018,97.90324286661973,66.04841514159219,21.47600228988184,10.697760880734439,145.01483982957654,0.7428859334731415,MODERATE
40.115367447983076,81.03427332477847,130.79064942535342,77.89386807932931,25.502541593956455,37.48247837161799,378.42116608144596,0.6340107077960797,HIGH
25.39173769623039,73.84542070530304,142.1504879244445,65.57039305693456,31.659793039663192,12.747299614500957,460.6062843207005,0.36751456176440234,HIGH
43.803566976230925,79.1568318455831,152.756617384808,91.90282046459338,33.606483150769996,41.562520525942986,403.25419098023707,0.7070834067116799,HIGH
42.84437762337245,62.67200252506184,139.94809494048025,64.81376687928712,22.746036240751955,34.941395905287706,297.0929447685904,0.627160864492586,HIGH
25.690648071852063,63.23734212745734,96.1667881651617,75.18576676166175,25.414474286215572,26.195478491479,463.22862502057666,0.2500674133634295,HIGH
49.71441930386949,65.00601472820281,119.45455501616223,56.116004010475635,33.41889509720321,44.65514647236798,392.6192616138099,0.7656399518382516,HIGH
51.850299348022105,99.374390863675,153.9001341779841,72.87696529649995,31.77160005281307,38.85941004671286,188.73258978619933,0.35859216049528947,HIGH
6.364429778847742,37.7695715135081,55.607455115535274,74.1824429523942,25.34518046286079,7.780476781479063,471.8335651633874,0.7623693900935589,LOW
3.042634931516688,11.690146191758078,64.16858617624754,73.60128111689922,21.358956478837914,37.77817270543308,335.74814667316303,0.9274985814859648,LOW
16.6542675540584,28.43936589495658,35.582723214640126,84.30189046008888,21.250734936377132,33.12626588034748,37.06085299634323,0.4028004718925611,MODERATE
32.389607504059434,44.98793627133312,79.13002235691232,68.37215312023014,25.41937303455343,26.06167535905579,439.87465597269465,0.9354533918669757,MODERATE
24.706998374497722,42.91339624050389,97.02160093375022,77.78395397346705,22.266346885718495,37.565500698902625,293.0828094676336,0.34571281693281314,HIGH
59.37300431753307,71.28281821882229,149.29271975626037,73.21882708015741,21.716130558912063,44.72407818743815,5.270055279515301,0.4045020762994126,HIGH
55.495107883177766,83.13441627331724,86.26997797213293,89.70847685542572,27.71683712063792,39.51499476976865,256.15291441187765,0.7701984896108591,HIGH
27.436005191904304,38.44117239873957,113.40705555604595,74.91136020224651,30.855049285848033,25.87109470203472,387.72555291418735,0.8804819230332389,HIGH
49.41611866931042,99.97202613204391,143.1305175449699,88.26347824973291,20.039553482781194,38.45292996691064,220.4742540674371,0.24880174945233602,HIGH
54.918491290723,84.33254069993603,104.52596945861436,84.70527357863784,22.315450771762386,10.589339044380289,47.03581462766767,0.6870557632175164,HIGH
9.396889831312798,20.889126174305588,68.65055839060375,64.08486601648426,20.265469295203804,20.25061912712014,245.04462070377787,0.23039338030869394,MODERATE
1.7329291622095622,17.238973137276428,48.69856270854042,84.75355177529852,27.82566178377126,28.200162656516262,493.3566315715117,0.2982184388813416,MODERATE
28.709298004062976,70.81978691323138,98.84213646044842,71.83117232107793,26.205033192240492,7.199920366653684,516.455066281773,0.3086779868360274,HIGH
22.660708715170912,33.42758834800033,105.59934632788278,57.13382440494497,25.58544769402137,26.261280930506015,116.38261722728095,0.41614886046936317,HIGH
24.114947662931478,42.48808902487467,77.49599554090621,80.27728282467615,27.02945871681051,39.26540832202255,366.9494586176099,0.3787603933403251,HIGH
8.780047234597426,48.01107825389474,52.43272757612663,55.20180569766581,21.07855118759449,16.3152629634196,400.9206725423657,0.23114289452985473,MODERATE
39.93870907615715,79.6383898672498,122.35651209625003,79.21635583836925,32.625034982515075,15.90918498345953,504.4571197515334,0.6726668111908154,HIGH
34.78274048584739,37.30534833248071,83.62594573298998,70.00701587338355,25.373517513250736,9.449143370717128,362.8913154976949,0.48626258170052106,HIGH
54.85091696512355,94.85362618539861,150.11421627804154,65.4602289217834,30.515228667894668,12.455889774404302,293.49058169993293,0.9904958851462387,HIGH
15.616903809553143,47.407587622882915,51.012312561158126,91.58312190637446,30.87289941647495,15.292463092619828,98.46330315739836,0.22385142471674907,MODERATE
29.959896785716985,43.13908062606732,103.69893060424027,73.81423785966473,25.17583979221746,40.09589121247833,548.0581548315216,0.5883151998443663,HIGH
3.504736647539175,46.9632872900908,97.50873227356558,61.672050576956686,29.149564162837752,40.44928558710007,255.72218566738093,0.8663256101915031,MODERATE
49.27630485624214,68.83420243404247,112.56436955377967,89.25011363607985,32.51954458370066,8.91143114204236,276.0828859428146,0.39041061820753814,HIGH
6.005047164749138,52.941257876630864,65.64518807952328,73.2234254433795,28.805998823021923,7.6014091868523215,41.970451592874554,0.6375967374976337,MODERATE
42.257648949130605,84.04997671907424,161.26335223737433,63.802406460011014,27.771206297709128,6.685103271259339,97.865048206671,0.4950926177690077,HIGH
57.51985368238004,99.17130070374958,175.30380890829144,61.81437090953994,28.198872087716637,44.42882551476321,50.81171382031959,0.9142348638211144,HIGH
6.230178560428583,8.46082555362612,73.90099996454836,97.55647762955749,33.66910033537121,33.19834624174801,117.51919717679125,0.6701074015867592,MODERATE
39.435102050844804,77.08423772878291,146.55088835848198,61.37514202911353,22.391189121890207,13.413797121542698,104.76912243973666,0.5005270190300335,HIGH
20.695900230120195,72.9030884073571,100.11330005105215,55.77970120533618,22.450861800389713,3.296983150031684,449.93337116731533,0.2936179275528899,HIGH
3.146494058204241,35.45368164974397,85.55411291771112,82.9638337054369,31.337033302486592,33.55424465356707,363.165616901106,0.3803369659421194,MODERATE
12.790499116336457,44.93716562473474,50.99227347591182,57.45872155813302,30.3992950010898,24.474507023966577,349.05041910322694,0.4360792592084626,MODERATE
46.14796747858496,47.54943778885553,89.01782453606458,78.46271024258924,21.654253611294994,19.449690536676158,47.93571953227301,0.6918819978733461,HIGH
53.33262894875201,84.93178827634637,115.78709900202033,69.88440643624396,20.095778161282265,43.57756764621939,226.31870174060163,0.36321629638355124,HIGH
4.818713312704785,32.928560550721485,56.36811022783678,98.44953089877829,29.590176387040664,28.958903988605776,482.0023348969482,0.4422237812710391,MODERATE
47.850184524326956,58.22724729174055,77.06122469729942,94.75510633388735,25.718641225922664,40.19464728383173,370.4076902197736,0.4109128768553003,HIGH
46.59708479841883,72.2891657153944,122.21732360877465,65.20178666569385,25.325076119839153,12.7050502103276,364.00542864432873,0.2497757669614146,HIGH
13.997038436651133,62.40292632737983,97.64831326071106,63.6435230435315,29.387932129203293,15.690090145075924,532.4534608906224,0.6142497277048549,HIGH
11.64008297592648,17.594964835589536,66.83125790003106,74.7856803694636,25.646147948575468,27.664995277422076,408.79590586392703,0.6677210705293323,MODERATE
23.698649336043097,63.96803223376891,142.9692523927829,88.0408852001411,26.694962197032233,9.228103746672357,240.96516309752639,0.22431710423176876,HIGH
25.013679923605135,60.46306058162007,87.52861088875076,59.53538062527268,25.03660422250216,6.6655588829183685,261.8325058064966,0.6683434306235049,HIGH
1.2520598460410315,37.0827760204162,100.69524150534423,80.99559728009602,28.938269365579384,14.244550326554233,496.73947648483534,0.5117456783208681,MODERATE
47.21564476316472,64.4518471302852,112.09670134054093,64.64249504282797,31.798898207687973,30.621608379706437,117.46687696313468,0.6164911389257566,HIGH
0.4475126810654051,32.91594453315823,43.0733803619541,89.90485675423216,24.946439588580787,4.971843721664295,297.4272273913436,0.1599776999530754,LOW
41.91557250340811,70.95080074096188,124.0695796876346,58.909439978717046,22.418064680144894,39.40164338765359,80.69054490936206,0.1761445540030633,HIGH
10.467016013786983,61.152507072754446,61.99196658417718,97.91163175498562,24.155200294863825,38.64280666808261,21.788911285179587,0.9270362229530792,MODERATE
43.73578052848037,51.87749987792158,60.99242326413011,79.77841275904835,20.231065085509172,8.09286811486102,403.9859037437572,0.2777265142426639,HIGH
10.378425851406515,44.09922019945668,121.0181830980927,94.74260592778691,32.33207574939963,22.748765420342888,338.1673560207993,0.4609749935490888,HIGH
43.75657097363396,84.61694913543596,130.7492761277349,63.83120084324534,32.67947227705513,33.139306199441364,506.9389054540311,0.46781683462104906,HIGH
22.329219261676993,70.09285917503585,118.53318197683929,67.22249806427945,24.96321209886613,2.037528683177176,147.3938650954306,0.45095881796805315,HIGH
13.811248976675348,33.03004422964216,84.5496281004612,98.928614257091,23.574038963361687,28.529151324879237,364.13379185939493,0.9996000673011367,MODERATE
7.561532402058406,20.576306720922247,26.321128792674976,70.86473983598687,26.50862097703346,35.06789773547444,199.47978362332103,0.2133155003561244,LOW
38.70156679128514,79.03399941732117,115.09033832652278,83.45649184057297,27.079973446778844,5.755163057492369,156.47888181009236,0.6483833398439781,HIGH
58.239581754668045,64.88189265332646,127.20597312427925,80.0648490707962,24.359672643632898,10.008781601805062,49.01491962218116,0.8110942775533285,HIGH
7.870249805748307,61.447033936087074,90.25334986530312,69.2452244726765,25.04450683245663,11.30614729731038,425.83245062845833,0.7205677632944323,MODERATE
39.68358856705706,86.67875559639367,92.18232707011965,88.21527277231448,29.90583426529505,37.13440420120976,356.5824344897435,0.41991898478889145,HIGH
23.029264821462093,66.85231580628866,117.58856740024603,87.59119488831536,33.43147777957046,39.464418350727634,159.7884936792522,0.35489464222704614,HIGH
58.25026816613709,74.01405670102241,98.23459862044717,58.186386992063824,22.56187244874828,21.895991375962957,343.3415634311853,0.4760914179460448,HIGH
27.698313813737375,41.266297448035445,85.72924531520728,88.11505809207208,26.228839630957907,7.32522570637185,321.7503152642708,0.42807722549387495,HIGH
21.239003852066745,42.99658246517869,63.79430292247082,92.91800295809463,33.00982190473431,16.54633499962192,484.23355097837924,0.6515675722824796,MODERATE
1.8098468381335575,56.19945601371469,62.978782663092005,79.9566680670224,26.294865897435496,28.738830329553863,43.9058780524342,0.5811777467294341,MODERATE
27.298200749329233,39.82501558393021,71.54533376194651,82.96282851623715,32.150993795906075,22.295408840420848,61.790896153350765,0.6545881493136584,MODERATE
35.79850900794878,67.67686495166133,117.79448173714627,80.48756861028842,29.148492609407803,10.45523878826722,39.1225137942226,0.9750242697524948,HIGH
0.44953430137465444,29.1429927857724,44.29048862824975,62.228685626998356,27.870270356569158,20.7605119647015,549.0079338343122,0.18696040460089577,LOW
21.876070199617615,37.095086000536206,92.2580927402656,57.42987307262491,25.456443169642014,2.8582139073974693,153.90232683146726,0.29138475139887626,HIGH
1.5098412427868713,17.25634342378405,51.29121151458992,63.06170978153678,27.618087167606827,9.893481868062779,153.37389632975584,0.34439851380048575,MODERATE
45.33412665214242,71.54830626264953,111.59865260228983,90.78405501396624,21.989064307324455,4.368151166134165,28.418418463060977,0.9224006396552317,HIGH
11.322382567234165,32.826553078753605,103.86828982675527,61.16074230204843,25.852815238987116,27.30710675377951,306.27869499221794,0.8928638125509175,MODERATE
24.753610398397786,29.174057522385166,76.06158402753856,94.01883027564017,26.681048845137454,13.834629621642415,414.4118643335348,0.49308975459938487,HIGH
30.884109831493642,44.96954388700499,82.41586008790324,69.89155305751908,23.071527666032683,22.64990431378192,216.2749754289813,0.9625275199969435,MODERATE
51.400095039998064,92.05533946602333,110.25860024212136,86.64744023867267,33.527582495855945,18.812925825036118,12.49457758838351,0.4852197275793737,HIGH
31.780693437633964,36.35410755306421,98.58313244404457,89.18311645442691,26.177079053203062,18.994950641799264,353.74548000760046,0.7512053868330594,HIGH
45.35833765425542,95.61424465007804,118.76532057105791,88.77690408301213,32.464836114530925,22.312049541197872,329.6316970396547,0.28023010050490316,HIGH
7.92421642902724,33.09120519115565,83.46070460269402,58.537377251640976,24.025559752943554,33.82550310841727,548.721095987514,0.8039386238426437,MODERATE
8.295180207206096,28.367250758019388,90.70428680068764,63.937148139459744,30.012612307645096,34.86595723792623,427.07462970572254,0.9565052210923698,MODERATE
52.710211072399474,77.47967850298284,85.11833682526887,73.15036204766447,33.03447959684766,2.111767388621412,270.5072484636886,0.25821827197300773,HIGH
40.124778685623944,58.63460703057301,133.88161833674437,79.47181633105174,25.757518971524906,27.168852237109125,135.4082757406592,0.32583772352551454,HIGH
54.378748481957736,66.35666930783147,124.90943749129711,75.11430811555675,27.252268055868477,25.427865123700805,261.22659380376473,0.33158948207560046,HIGH
58.30938549242552,109.56004097646752,167.90087238432034,82.05594773593643,27.397838423495863,41.34700698779955,121.75122325108329,0.26727972427247076,HIGH
40.476768548049215,69.00587402016754,115.73161026274309,61.11837566819045,30.889056670856828,34.98774033338454,524.0526355926884,0.6953697800718956,HIGH
55.50297170516993,98.42889220755129,160.0066474052639,71.14856785846169,32.80272294359675,22.144481314778403,305.9493194227557,0.1861999633871087,HIGH
48.29692942413398,86.79529565881973,128.1302827139106,90.01004101861443,33.26430035912302,25.171226983044946,541.2095126347615,0.29094256296801657,HIGH
3.3396501130277567,29.026576595454543,35.578514799853345,87.13205512708643,25.541016552518766,4.95753511955058,327.394977375024,0.3286863442734226,LOW
39.72477065772645,76.89000859978302,149.17302950056688,97.12305413925327,22.417433752996327,22.893996878238486,187.39609444370848,0.23941505390644216,HIGH
38.957837256269606,46.01010222385254,48.86937385414077,86.48242501137327,25.099836327254692,31.438327577183543,151.962757170674,0.7349877004043555,MODERATE
2.2620847308208636,16.91080903306359,63.05563799281407,98.97946423957859,26.623297138300643,38.758608557242894,226.31792205547657,0.5145013928286033,MODERATE
15.243607732849485,19.71743396400651,89.36088152653593,61.45467720809826,22.040831437452248,31.0156727879207,292.33280480741485,0.9066175885936815,MODERATE
14.009492388182077,34.91938978723118,40.82617472805469,91.4613672035143,32.53771853820343,12.253016321358766,431.7138052941794,0.9451552129057491,LOW
51.56676607745359,101.89009015170652,140.060768584067,64.43643743340738,20.626797421976313,9.709471159665615,405.9987139725288,0.44502905228996037,HIGH
24.580301427929587,48.98459690547712,53.851136958840385,88.16609778948927,26.10433964355836,31.29066762805225,24.82292592816038,0.6822124913263101,MODERATE
40.92565390330119,52.826234904428325,131.22087036437614,92.63594889697451,28.45323610112021,13.938813991410848,282.93299447066215,0.9160290778965564,HIGH
11.650654602742927,29.932717988643205,90.7451089501026,77.9359159525998,28.41415410408146,12.857358758668381,340.42480363399216,0.3520204140600685,HIGH
25.313963075706994,40.80067575378465,113.94316142481702,69.92308444241402,23.2621111173557,15.806222623654964,359.7465617156034,0.20477949045723956,HIGH
28.7143761911114,29.015606022626578,63.84126840578611,96.16857077374453,27.465201143467095,10.147081357269387,64.17629761497022,0.18146405337281135,HIGH
53.953174374554294,65.89892798842739,127.0213833181495,74.9644417043192,21.730719635464506,2.481111482537105,84.62324558631308,0.23715425998016854,HIGH
19.297677600233182,70.68602836496352,114.45484613270878,81.85653983229017,24.68750731208371,23.84163712431641,265.60398911425193,0.49513155101625383,HIGH
34.99192267677499,83.8945878189216,100.38447095726535,74.9331836709673,32.11992764942279,35.33956604627658,468.7670870757912,0.552864001589437,HIGH
47.161577782433355,98.65514836587207,164.55474211159338,92.28825193778614,20.367291813451736,35.08807486447509,437.3995670463998,0.19121522400728466,HIGH
27.957695341566875,32.08804119535026,62.894622045672605,93.05484071192156,22.99068714110593,21.61906863044371,123.57328035765526,0.6121689616478074,MODERATE
45.06630369404159,49.83208307923038,127.30476659978734,73.0075695118177,30.786050363268252,26.514828374985235,143.86864776658186,0.2526229219915169,HIGH
35.133331889575445,53.324751358037545,93.37729308073168,80.67129051605714,23.430245437029697,23.729709910541686,448.4043285120066,0.6427754895239624,HIGH
12.568320276701861,49.01190146570236,59.239573142898536,62.605636536332355,32.93579813973812,4.093813443468178,389.4185764316226,0.21697629193445994,MODERATE
13.322235533695984,52.006582454956856,58.53851527961149,55.01766825195664,21.31869396439968,40.0168161315508,59.27843480809319,0.7620405981952343,MODERATE
25.7470336669154,73.00823922742043,127.00542260773429,98.61060641434057,30.893064956366892,19.27910544611146,255.0049650821895,0.4769983115919303,HIGH
35.37062580684826,59.735420348998524,64.78074513736998,91.12278346476394,31.44194285843387,41.46271111515565,301.08117968687316,0.30329993675825234,HIGH
40.555613854918846,74.08696127763938,87.93725241082592,70.69965888171613,20.12270292856511,39.83243426641029,495.98102595486205,0.6431063556589238,HIGH
40.26550742811425,83.24814095183048,147.76008593664568,88.58083353119733,21.864586658503082,23.898478178083774,442.67876660019164,0.5456521370999025,HIGH
6.026751440459119,53.06192378700828,54.96699450295871,82.58158067356949,29.536027606813008,22.99145877127313,433.5757256626329,0.29370588238889084,MODERATE
10.486992352041344,27.221100512902783,105.70875925988751,68.22661343330886,25.405344173258115,37.89511637185018,520.937995738671,0.2940602620629973,HIGH
9.987848539364233,49.1705102526291,96.35277542637002,89.87854088721858,20.768122866711778,9.629398297882988,360.08733388617185,0.17987032591559576,HIGH
44.4904257171592,45.17858790172265,48.45546273744054,67.29707855924634,20.347114644629865,40.569027669167106,352.1307397874874,0.23544979002970157,HIGH
28.061018398423812,30.761665418261472,92.85535003590606,91.42010504017424,24.308084673534676,2.220695547697761,396.7284404988416,0.9301750314807382,HIGH
36.692685406819535,71.30807214928562,134.96919488297965,96.03491708528702,25.305184902765525,16.906900238122546,182.10230470264793,0.7478961234784083,HIGH
59.899358076285345,84.00999602737966,120.3637737392143,82.87213247102346,21.539680249104993,2.685937837523449,150.12309468108865,0.6979966734426011,HIGH
51.459461712405414,81.59243420657062,128.46930678505373,98.52798549714144,26.087955173578337,2.2691356589039957,458.3413117197731,0.7105305884209483,HIGH
10.61627496227067,47.86586827108931,124.45686660590756,56.45409160851425,28.87907947102571,7.478113581667975,27.563422041130075,0.329676221069426,HIGH
0.9031146605757878,21.461723262202817,93.91545332480194,63.62198282313778,29.40284865186318,5.995472692909232,198.86307325440725,0.39255640546963155,MODERATE
54.753564884051976,80.17937438083537,121.00314680545713,59.18741084277785,30.65727616767854,33.55720854361668,327.7665117630764,0.45603880989785184,HIGH
29.38366657625671,42.735809465046316,65.17642243866365,97.03114604813186,31.818717126559612,27.291779227776413,115.48080542804507,0.805515162897688,MODERATE
0.21417557385141395,14.875200585217137,29.728226212091453,84.79090331181975,21.78861753398946,15.431170226239207,26.82160060245242,0.7526432953827832,LOW
41.8660507420169,49.284799735687514,120.12491469801836,87.27454767836034,32.977911923031286,2.132714392176314,247.838298715062,0.4317571858988827,HIGH
32.09227614636025,74.98423580712782,124.91941220797668,97.71452355543377,24.28472472926946,4.859901697583139,527.1988458044029,0.2571663972373575,HIGH
54.597104596436715,63.42753087775361,142.08131558079327,72.36406698252542,27.535690016317226,16.859736257084837,389.73892432330246,0.9753694451365367,HIGH
32.60363973150249,38.222625059439366,52.207658641632705,75.42290678637103,22.192006992138896,9.798026293104158,505.81257567994203,0.3931075212368905,MODERATE
35.86188853906846,41.44851527468243,69.76977039776051,79.24963660198325,30.618927655040345,17.985055465870964,247.9809844045888,0.6288752680757984,HIGH
31.638670519912445,39.24267733794262,43.711600374601666,95.99974297133724,32.76242931268912,4.091997192942077,405.13368107720345,0.44298708357618277,MODERATE
1.2312036679892913,7.812019449396811,43.30004919594501,95.4647472101253,30.17592340431689,12.202996280419939,37.23753324312064,0.21910235086354823,LOW
43.50578793090224,95.38082098359737,127.68551867315914,60.08254107536295,24.416314849085797,32.717379272380455,180.0812673726124,0.7736214529591813,HIGH
14.74984106132925,25.694741235545024,91.91646655332262,88.93177832853942,21.75845583624463,21.45960188580167,313.85114990563306,0.2455912300357005,HIGH
18.515423218605665,71.84289945206349,72.39232915829135,86.39852246713309,24.02679444981827,17.203586215616827,62.28512639604965,0.9660235403745397,MODERATE
16.192110488721447,34.00461314203382,55.244258050023916,57.798651923762314,20.308559281068764,17.571647918709843,272.3678579523326,0.6906598716697884,MODERATE
41.08864853833431,47.59276492535679,111.61060086289635,73.92647579446677,24.42868845742442,18.37179642674335,311.95421368228756,0.7223777189535251,HIGH
47.03760477979731,92.11915383914834,139.8565662422817,82.25872467981372,26.80410030488718,40.515171856694124,311.4830172405665,0.5151853896590323,HIGH
28.531374591742498,83.15481499604388,84.66619831953099,72.41208187818714,31.100161013274707,10.30822351269757,74.89758307039989,0.18692727925837765,HIGH
35.00914447206461,48.010104464232796,70.23347057388386,58.97943398083353,33.663395550816446,11.773889343504948,342.19043643853394,0.27085128074123876,HIGH
14.277007594111685,28.705483450084778,65.59190789939207,86.49217105257021,20.30838753108042,38.260095801374106,507.917892832615,0.800310702562649,MODERATE
26.74041742118783,47.560834184497665,63.675496281761994,70.75662609804732,20.346241739362377,13.517661384782036,11.761496362000988,0.5671542398921271,MODERATE
38.70439346895464,80.17692689956183,108.58691968565634,89.76485013239663,21.433763070422906,6.5260551326808525,399.1746603429845,0.39217002270125084,HIGH
25.59569272953834,55.85590040751519,71.80130606333036,61.10005868964154,22.475935921013807,10.297136615532686,286.2147956414758,0.5067304494356422,HIGH
7.496719920023183,26.17215704108713,35.40261393117967,96.65537702793867,30.893547100946627,37.5670011545889,413.06947687453265,0.27821059680893356,LOW
10.022789596011316,15.19329680165275,22.507112777923364,73.68773322493439,21.446652063609264,33.46642266624254,496.9497035864004,0.8577016073704139,LOW
11.426282701646507,30.580353687771563,101.25663395032802,79.22510249243437,24.792885369243876,18.995564020607116,380.9882682469711,0.6482596502723967,HIGH
21.921079667828298,63.06154124601167,136.48550363755353,63.322425483979416,23.812265279713166,12.5603704771698,489.9046169589412,0.6554297553691911,HIGH
58.03040617710557,59.88983242045568,131.40768693223643,75.75510545232794,29.837294899694587,18.644891388146135,453.37862402113313,0.49114131251403037,HIGH
18.875225353255797,48.9486008898498,80.74217596122682,96.4519697267288,26.63507103133314,4.868062703228237,468.403485066852,0.9374632572683324,MODERATE
1.8812864647947514,2.7636210459802473,61.57356317073052,66.8131606504151,24.563248700088316,21.157099021302297,271.37653832277283,0.5383630370729428,MODERATE
15.756344721304352,47.16992454465979,75.09087596575647,75.73502468570068,26.762973340872588,29.69420934690985,246.2233525096082,0.49653559950460036,MODERATE
11.055545644607324,20.750659151901097,27.12959211022432,78.1968241867308,22.50666341109818,5.428952298321756,484.4147922360263,0.2673097172361935,LOW
25.289442233043083,32.26066476456046,73.66635439480117,84.44098455052611,27.01944033212913,44.96122166859264,3.6819352389710263,0.29114138536574174,HIGH
10.943042863271513,31.488618587919888,88.71260234492235,66.69444691338695,30.95155766718881,35.18303954490604,478.21714817981365,0.6337217671771103,MODERATE
26.912454994718956,80.87698520896114,148.33952750730228,63.82193033396186,20.99512654702894,9.932093358035813,513.6302221117351,0.25082347070567107,HIGH
50.522641549317356,53.72341135681151,62.19618368394631,58.5692535946973,28.93080286520003,2.0482308255425106,527.2269753966332,0.7997994476368214,HIGH
1.3391209478019328,12.057956653324942,77.19630385384126,85.6866599686286,24.349873448684015,24.001047108553124,241.49054502001084,0.6584620680487628,MODERATE
30.94371527224219,38.52731848344288,88.84714885378557,92.39607690767544,22.784924381450438,43.81785998041114,283.57496644400464,0.5007837444379165,HIGH
6.499557696978268,11.988917254318476,21.909062474525534,78.8754191942115,30.827958680398922,38.279722034023166,504.16246781914765,0.4509300381289296,LOW
2.588249040375743,14.417112116197305,89.9984305236737,92.78841073675727,20.423355653702394,5.230814742919106,288.7806511073523,0.9270798983281875,MODERATE
42.856515841029,64.0545141636427,82.91089141533543,56.2832092234257,20.978561262064574,9.919077529003907,248.70474411595202,0.5910073131050981,HIGH
50.32428150142495,61.56307528431729,112.77588113834611,86.50127231413246,27.158308128860575,39.18987658252453,492.8788127808531,0.47176712578448743,HIGH
48.41069522285481,77.74231867425559,92.1902739109469,86.15698097393052,21.147582498754016,19.833999328194775,372.52111260826297,0.22697347067031873,HIGH
17.1512107048719,17.925011985601977,94.7850319273617,62.81386258957992,29.925242903108764,38.19647895350371,507.25971120947287,0.9111502728517271,MODERATE
45.798777149724316,61.991732921164356,136.98500409454783,78.82953976376677,33.81039529701934,35.35402721678982,407.195126048713,0.2926793989534805,HIGH
59.362410549936634,71.65697461811484,140.17606559471156,88.85433002252422,22.420722896152917,10.4403395428308,358.23777101111466,0.8566871297547817,HIGH
49.078105902186,60.017899076439214,113.19867048473789,75.66822734156628,33.02624172622396,24.189299779467152,242.72115556912826,0.17941660840027024,HIGH
6.203297177986428,49.52239517977391,78.48126618144079,69.22744708118793,28.096312784023954,33.30533652955118,67.75808671355234,0.8276053340147917,MODERATE
36.62475371991022,38.794173460275104,71.60144778234334,76.89200319646,30.532494314060315,5.837304804299855,77.56391472364913,0.6650405483831471,HIGH
23.262571241639275,45.99726801398662,55.60960924388222,80.06467594476827,30.105781680972953,8.020789018272701,159.79826361812255,0.8992836955337936,MODERATE
6.424661306780548,53.65511886638742,57.281530722784446,93.43167562724871,30.091622634761904,2.080887682994913,94.05815788734054,0.8603113886616521,LOW
34.832568150193524,80.94776283452477,155.5549100914211,55.871269791893596,32.338535103934255,40.10229327108716,46.79744729769273,0.7448857229815006,HIGH
39.26115074008714,71.13352323610766,108.58187876689344,76.4463897552289,27.897726654541845,39.01335454011271,103.17347934293458,0.24059275752300857,HIGH
36.23573670639455,66.88393232802497,137.16614566262626,69.4011722110814,29.88247680284352,31.288039981694077,414.53759904061053,0.6738700042144021,HIGH
8.677162613541023,18.16052300234733,65.70833958143389,84.47022105775334,22.27551182236446,37.72532688835814,379.8856247785117,0.41913199217119534,MODERATE
20.547062896366423,67.2548463114848,100.9071733829619,90.80657733865493,22.76459945775381,28.77780206674615,287.76766224814315,0.664840260128575,HIGH
8.8782043921323,20.236505876727875,22.389717175646567,72.79929322354003,33.575231813007036,7.900073990951684,257.575363800992,0.1909257595849907,LOW
6.287580659258496,45.246690971679065,87.42764784634437,69.58546200608087,25.308849741185767,18.83169230627433,425.6982676807009,0.742087758142171,MODERATE
9.849324948943588,17.31300492309241,93.96882800486345,98.76894867706369,25.454976099836674,3.354763687415661,298.13600489177185,0.8830694225948977,MODERATE
52.271074295791124,52.827319148982895,84.20343366799119,60.16587470746602,22.333411109653603,40.15552857738923,236.9968698625786,0.7838483054243977,HIGH
58.04657017390538,80.56828593095565,84.13622543791561,57.822625260370344,20.314589336647337,3.259879597269406,83.47843857567752,0.8881054316670391,HIGH
16.043875075765722,23.48017296729422,84.81537204078282,66.1162756348817,32.03184976048489,4.067153273386671,315.12180685088725,0.2970320588191179,HIGH
17.073643614902153,55.461592329489086,80.75364056190172,96.9032344161998,32.31600527201846,20.220505578287412,212.02575342809573,0.5649800289925839,MODERATE
5.175801593266273,38.393339359261454,113.4268279733204,75.17971200180969,30.50354873871865,41.92253292965131,140.60595595185032,0.8084987813595741,MODERATE
42.71371923205785,81.61679095640017,134.20175119691507,87.48833402518014,24.665932146040888,30.6419254331824,267.01743863180707,0.9426207648981623,HIGH
18.60554091936583,64.85993369786951,84.61758192027784,61.68440265460781,28.431062048449924,21.312945512518677,180.6426317360315,0.4109491411080609,HIGH
35.20985117750406,87.25863594835155,102.5912890386269,84.12420714394645,33.83389729843191,4.180498982984945,408.12437591100166,0.7264583011720238,HIGH
10.957644428247077,33.67767979937083,64.560435774464,82.89843381474135,31.74283769674898,11.825323652580527,226.38685443062224,0.20131243650681083,MODERATE
58.40111223173461,69.88464798641414,118.36653828750684,85.8946436307107,29.680048707764676,38.95136228372837,161.65249872312498,0.1813902713572762,HIGH
28.9189813052835,68.4543320159377,137.1186612473645,94.75629021741082,22.79329199978943,35.45266217203673,409.27487006538183,0.9877401258367988,HIGH
38.98512652027665,86.26616279601608,101.67454517489264,98.24046123259475,31.09545340703377,16.54608755424676,514.7461195358289,0.42733341595104,HIGH
34.87600790814118,76.00575849052424,152.5786913000831,62.073919304163915,32.46332797721778,42.11614503176513,392.4178850416468,0.7071409429824798,HIGH
51.77599859220185,77.52076959734205,146.0369490145359,80.97803116054429,20.555706950164456,19.91402684493076,467.1306770228809,0.894770085051331,HIGH
50.38614223789203,66.74845438644658,78.12251273957966,75.34017119058373,26.5013558333085,2.3586573594587907,300.22172526352176,0.8404123423398612,HIGH
22.627346811383777,36.40598252369408,45.50344895191628,64.3796221149716,33.04697326952966,44.94329299901483,438.11561806758306,0.27156127947750863,MODERATE
58.78541675998222,97.67887154241639,110.50586644748645,93.69891154367888,32.73004468233845,11.582760282715407,443.63563347583545,0.3801041359939847,HIGH
10.639590670448374,57.62684668730917,120.56819196753273,94.51262521070709,20.37695962625957,32.872003162531605,457.37797802864594,0.36229664525778893,HIGH
9.421148127671557,37.052884623443816,45.36241987166549,65.5548646985449,29.54456380747164,23.271989885109523,316.42726935525343,0.7717287707161002,LOW
2.871342053333048,28.537667998112397,51.90662919789312,98.09515338709016,32.93174993769733,8.346739318425483,383.0830543335366,0.5224801409006364,LOW
55.10435126784029,61.09789979952117,80.07500090489442,87.83881895022309,26.88594352641743,34.651754542419994,390.97880079719647,0.7975647409276573,HIGH
21.0932034155156,34.32802351367322,94.51556555476526,90.29662629474757,28.986747325703192,28.559083336645713,340.0347476124556,0.5788621446394974,HIGH
6.325263036164266,31.033823650285022,34.35362155567718,73.54861046553343,25.269146709448002,38.36505899615788,386.21880817421277,0.5156053345881375,LOW
31.081058975410937,74.74614678969324,108.32410195160116,98.2795820655096,24.904158921590188,17.784667107341818,320.44043164187565,0.2588013746120702,HIGH
40.29187293153919,74.43941350541179,128.97964659118105,72.32480291615977,22.592591486594735,18.845847035057083,290.04125502849695,0.7484685176074647,HIGH
10.15177864676989,30.944341855957653,45.307211608153295,96.36270720260939,25.799727826679153,33.732689247017674,325.6729598328031,0.1529669641903843,MODERATE
45.93762053943805,53.92745632599516,103.69358075217716,86.69689637509128,21.090186426053165,10.86867632839839,92.56102851078072,0.675059771076334,HIGH
29.745380539930736,42.013807402684705,63.96529818223056,98.76854516364415,30.61476000065425,34.996309430379576,142.89918659798505,0.6630438334795009,MODERATE
40.86938391567437,75.99982243686978,108.18904870972358,78.90623909063493,21.390017433772076,41.85463004639561,483.80399876193957,0.5305223757362405,HIGH
12.43458144978762,13.413669759577239,80.52969509717352,64.55119734759401,21.004843320997427,6.314041184341632,488.53162736715416,0.3007662461974707,MODERATE
37.185325874220176,82.87106665780456,130.01378919891394,71.71142193018133,25.395820194028865,15.904211076262222,409.8155832496445,0.9916469966190239,HIGH
37.9470791686444,60.104437217254485,128.31772639614272,59.497975189823514,30.90955989985057,21.762121705870335,267.8639777780589,0.17572108308669432,HIGH
45.4905354251642,99.960168863537,165.89270195483488,68.42999441717268,25.428549199572878,7.493556433136859,466.2493735760851,0.7648100651561444,HIGH
26.3307149318906,69.45096391272642,87.03847622662764,60.8418598223014,26.32322757007848,12.051598708515243,489.854269998427,0.1810614114256757,HIGH
7.581540776537228,31.119123179137087,77.70753462910437,58.13027489568561,20.252333529577662,11.485158930018448,20.470991793740097,0.7233753893023623,MODERATE
30.461570469945485,52.364185192750774,85.8228062513515,79.68318401556621,30.61301076380213,4.044697473173361,51.64222344660057,0.436703085734528,HIGH
20.536245889555207,22.407193721337606,68.42127311711138,63.04303132986112,28.10898116966239,31.881309878763197,328.2059959144164,0.1904573342886211,HIGH
8.424118413647,57.442989421593914,133.81875594256766,70.29349731898877,32.56536003077296,10.103378582505274,151.79916533314653,0.6858114972537304,HIGH
31.468062460978015,47.93785089136159,117.96907541661163,59.520348202219765,21.51841771870364,31.296800299870075,230.7477071931067,0.8128729346123353,HIGH
47.5280634323836,52.153693364812085,126.49665187478494,63.79878687882132,26.550660891910034,4.327201994867478,515.918896881878,0.40175959231090896,HIGH
44.68729921782972,50.897909721158584,114.79954693816809,64.33390010500304,21.515515119582698,28.01530718739456,459.1615058474656,0.6325557769437938,HIGH
52.881573614275304,97.2252657520335,170.70768958473832,67.40777049866556,32.27849034559774,38.646394895391154,451.521266105868,0.7780378059409954,HIGH
51.98180685116217,59.894729365694005,103.07466283488036,86.84092734661924,25.79226663021218,12.449954752436248,252.79011636282408,0.21628223208147962,HIGH
14.25912586556382,56.48446146887518,62.361893904822765,84.53772800297452,21.227454764078562,42.14927944268645,336.0275270588644,0.8366569543783926,MODERATE
50.71523409375481,56.63684455487213,60.54862811546648,87.33251816797429,32.79198846599052,11.948023469290895,146.24126991401602,0.5272144113877523,HIGH
45.33618847081881,52.294569453262696,76.05918022032958,91.68591406985071,24.69332299573704,28.90623835426026,508.72283971425395,0.5672954381725325,HIGH
11.988712484396952,17.13138502222594,79.10594365168662,55.16790156883654,22.006251199102472,5.890532065418643,502.0575887563836,0.3723264471954445,MODERATE
30.40011461344197,55.33943232732401,114.39388506233973,59.91348629059233,27.439935690777865,20.289686853895383,44.475195248234066,0.6921897779933426,HIGH
34.89868590509648,54.81016181503467,132.45120705479235,59.87597084317255,28.44742320726676,24.144757894645874,419.7413793197414,0.9700378263255233,HIGH
25.923563977675883,66.26767295230039,118.36594984696782,78.13670439947417,21.339917915540383,38.24402540474948,372.7249683633126,0.8551680496338812,HIGH
15.0849005719949,42.97838704675341,93.6990616693567,83.89926877139413,32.40197768987944,40.127145698375635,227.75000851727341,0.5113675417723493,HIGH
3.087997017439461,22.991794328431247,34.65788193362242,97.86388239571889,23.643123858728742,40.77994751834701,477.90619983177316,0.7858051212876513,LOW
58.17899856136335,97.74906761730227,140.39164958467714,77.1878542330578,24.7667473110659,16.31867200420473,219.32086456832243,0.28777270629232904,HIGH
57.263083082394175,111.05053383228153,139.55813294595595,93.44920456834728,29.19472709166509,41.39749271711872,28.65004431452924,0.24810195112017103,HIGH
57.114462529341054,98.2033318896891,154.62438610299716,70.82240825357383,23.641748711897375,20.725538901142208,84.87549249975434,0.20407157005862137,HIGH
11.94001404168494,41.53913948117248,113.5846769787766,67.91580035522463,33.978755349195495,44.156324197167756,476.7609721816402,0.571879113795482,HIGH
31.030614961902792,64.96497663878299,140.92897493124184,85.36557601986058,33.46385028346711,25.238994855705304,15.069764563700412,0.5747472187032192,HIGH
9.610261078393146,56.00515147782934,67.51418614685744,56.35413719265204,31.980932694443197,37.83960495779154,296.45704980806124,0.7384990601448961,MODERATE
31.126360560177176,68.9153316373141,98.72381155180949,97.8455313919614,27.376077559758258,19.443437926830285,133.30227769433006,0.23471944635042152,HIGH
31.256657721079588,79.84673986351751,156.14829779644128,88.19950554131768,32.3586306683489,28.720637604211568,328.54559533270725,0.8693906480232657,HIGH
5.637016663921135,15.361411721007318,77.67031832390236,80.29905015225074,28.181366859797542,22.802981307614065,473.3706483418918,0.469599821376796,MODERATE
38.75227683432488,65.95530748542596,127.18145168255916,98.03802428033342,30.377963697245818,19.032716504053095,425.0262428895198,0.9472801220112476,HIGH
39.512037307083716,86.40872135350114,132.68402408588128,70.67839727523778,31.640964029871416,11.650414591619226,421.6849154078229,0.6082591056379325,HIGH
28.737459190429366,77.31964835536155,94.30983385207753,73.8312452831821,22.209477812217344,30.749769048560715,14.770337682148687,0.7916661664567332,HIGH
37.91569738094179,91.26397906837938,105.48506376125677,73.81288004190067,21.03001849483122,35.90642509989901,407.9604579070055,0.4942482683117527,HIGH
32.40247157475946,62.956320030919535,108.66058714872577,82.36500250853294,24.366423983155354,12.333004684408111,472.5532979029619,0.8164298837067004,HIGH
42.678811903379994,85.48499821110747,141.4084062373213,79.24964376534082,29.72363449777084,12.310655911737857,101.81747611763909,0.2739092893547405,HIGH
6.861847052682945,27.82612318252179,47.05642533802286,86.40365677123984,33.685282290765734,21.113866532234958,253.7671771287635,0.24233585124051543,MODERATE
11.587127676050654,43.350172399585816,62.8408516226471,59.80990091941405,23.09449639953784,19.696170310406995,31.239577510807585,0.4495323596519635,MODERATE
54.71182634573063,55.00600026230349,61.59493046350116,98.55204519165534,25.109465684978193,13.154925707070527,202.60166505132275,0.7004726791603941,HIGH
51.95371226916292,70.64985764769605,145.88060036975304,90.07619775132551,26.046601798552445,39.48609568330109,5.764684407689089,0.30175333508785795,HIGH
4.346109552437696,43.35565054265002,114.89042166828435,93.84507129468759,28.83231424106626,21.89741547201551,387.3808808007878,0.40001754588045557,HIGH
39.446113610664206,47.64743397046477,107.4236511698983,76.41636032027557,20.235315970087125,34.97492811259831,359.79564564083097,0.637711094262604,HIGH
34.15155914823094,67.71672735776714,70.836249402529,72.48433737363479,24.361250555152573,34.907246600284786,501.6818793583179,0.5321168736367728,HIGH
1.5309409708913768,45.71823960848687,49.19720828195916,81.24282389853651,26.420325623340737,32.61041608435566,539.9055537848658,0.7023192829213049,LOW
35.319382066881396,43.93624876366211,95.28211098957348,78.33953707422867,21.875686133015087,26.00251306945891,500.4128229018517,0.6955753786637199,HIGH
46.20901834112493,61.649294825871735,61.94140766784162,91.34292363262719,20.32375408292443,4.962158609735365,71.46325224888031,0.9292337683791405,HIGH
30.23453335771303,34.17896882646556,89.73992748981625,77.70090095758344,33.95955324493852,23.423145667621004,504.1074910415498,0.5610237418879774,HIGH
42.934008675398815,82.36869416644225,106.60723383829094,73.55423455098982,27.57371430616754,21.12741848055316,52.391354676691975,0.8818199681006724,HIGH
41.60370357006749,52.99801907581291,84.84562621315554,87.6634536133003,27.556605369460346,31.563605735665384,515.0240034628692,0.168094894826298,HIGH
7.3024465762614525,27.733326685672935,28.445531175185707,70.3325441000803,31.944279550656688,40.82743698437021,509.7740895155023,0.17330367923721332,LOW
0.09185205260453522,19.852138131042132,28.61806819771692,69.8971020365801,33.56956122563135,42.16937645557783,132.0712044471072,0.7651504140108714,LOW
24.4928675730281,64.4359264139964,81.0486368004598,64.91176743478812,20.25572151918739,19.92903654507287,495.30856403445887,0.6891555158328644,HIGH
17.380141350287673,51.746939969588844,82.74893324490887,88.57536005290531,32.26006681374542,6.368298931503033,184.61680703879216,0.5624469633120152,MODERATE
20.136342689419994,20.701973910612185,81.88705522808274,69.8747835671727,21.71173776167633,23.483660206296495,165.69804404493956,0.5898474163984168,MODERATE
32.12058492281482,33.53002936579694,87.709270860831,67.49836113187318,24.757676914930084,37.589801632758856,31.71416554440079,0.309121594969394,HIGH
4.573617020493542,48.68826355833756,92.74671143477804,67.16760360729947,20.350697156113487,27.410591139990885,310.74508551980364,0.7735188854409539,MODERATE
59.87391930528963,80.0344607373446,146.96513671129185,74.29925086140142,27.43390688872998,29.94677344702704,157.70358478141605,0.22189440928882223,HIGH
27.152372441906444,60.08188587740195,83.04440612896633,67.318451227253,24.08420862777814,14.537560103464555,145.4392106494066,0.8761293416141148,MODERATE
48.96062974722499,81.18521777161968,118.60120252005898,69.34549912023991,28.80034303632174,11.64309947557706,333.2744014349661,0.322178387413776,HIGH
30.548524305358747,45.46604477904279,115.34719877318507,95.54991218644291,26.928584119657337,5.263579558088951,273.8663387325267,0.3877914217654188,HIGH
32.9681305936935,48.535375373531224,108.10878442293148,95.79365304724399,23.636196528312425,39.10979992116514,50.141044696645096,0.17747632881479017,HIGH
36.95016165874108,53.59237990139032,67.6651650984602,55.77281539440026,24.777101856553394,25.203252493991393,200.80102475714517,0.3173511778347731,HIGH
12.718710918287444,21.748052195778833,62.020767921809885,72.12363792155531,26.769574653219603,21.234810832558413,110.78441888195985,0.24962624148542917,MODERATE
47.83319809041909,60.16623350150472,140.1358403868316,64.22257253478915,27.037118728373528,32.16368900766484,19.629391661452182,0.8277637162879781,HIGH
10.001400441182684,12.104886184081952,18.79344457057617,57.198511359092144,23.520972976537166,14.395070176106096,424.3373035024502,0.8266477745596804,LOW
44.98836343960188,54.93114242567866,125.3299450723674,55.58352691194588,30.692623287771383,4.843256907013604,401.53428332753487,0.40760141336939226,HIGH
52.726988370347755,87.28964806802216,99.54191553148377,85.74631671334237,31.35971993073686,36.012913791746804,96.12293477210794,0.7084757862587617,HIGH
59.29023552014767,112.69066454940821,121.14168609032903,69.41883816174202,27.048246993085574,4.901882835286003,269.8417069887486,0.723405297738492,HIGH
29.172259312526897,33.22765383802458,78.06358689047067,72.74594713865508,31.00104305316522,24.926040670711757,3.7265323500400824,0.16093822147877312,HIGH
46.03254546925133,79.07946334167758,141.03974672756684,70.82639539084197,29.45782796244424,25.30447603119614,237.49395235156675,0.3050753911560535,HIGH
13.15783817461639,33.25018718786259,39.44784875051424,69.70989581233356,31.11483358424603,36.366876141675796,224.83665118088115,0.527639803821794,LOW
40.19325880531334,71.86053417807648,148.6633609870217,89.85277529564104,21.28738421732647,19.17217706221974,167.59940709839395,0.2233147802114438,HIGH
15.064182127169385,22.32349119589048,78.66324476152892,67.39600371323081,23.099976357653986,42.63632640724225,181.63223973691916,0.9981866490695162,MODERATE
31.926303940585456,83.97891770598999,133.14036725450256,96.90082178592898,23.951053691855424,21.014647840383812,263.2848328092823,0.7681242281517059,HIGH
9.388886217797346,59.719562845813826,108.70217926993274,69.46290480621965,32.28204170090281,26.531178152124365,59.62368843652725,0.7885200375483152,HIGH
22.470327945572922,68.31531044860554,73.66687218355307,61.2826135745653,24.213092847460473,18.893998286183493,41.064872079309126,0.6223567457303373,MODERATE
2.4420177478355853,19.71451990718204,36.176446447360945,95.23968544051236,25.676679825490314,10.263088855283195,396.13564469520543,0.3303858655261951,LOW
38.3047150698952,43.492061157129825,63.28554420240217,75.80884528114228,25.68112588472468,12.141206350295853,289.00636759409144,0.5281084686479668,HIGH
28.774915048128065,41.85305004811874,111.45527277825462,78.49567966602066,30.173923895623386,13.783284086555394,66.20869441077599,0.5169601658058831,HIGH
44.11310017773928,81.9951568786167,158.70447482350198,76.75613237571108,30.43561914413064,32.72506721232009,194.0877272370447,0.6128547808584637,HIGH
40.01664601189339,82.96738956675932,101.18362711952139,61.575112588370054,29.224196151070664,33.86681867273833,173.01944617864115,0.9061883988976248,HIGH
46.81842680264421,100.33268333004122,178.5681795742055,63.42211408960078,31.98414920158065,40.59606803810836,490.4748273830242,0.784351748451498,HIGH
2.3700720891493554,55.45111127587096,57.50448710670018,77.14786880626735,23.52936139559236,23.923532018951587,2.6184437202746715,0.7916167123698097,LOW
14.144698244144232,46.26027738357573,74.1470702839573,59.25191573794817,26.599287178678505,15.07154490235274,199.9270900913888,0.3847884508979212,MODERATE
16.887994550802127,45.33624135069809,107.79652767443412,88.49187218143526,26.16970562295849,6.010946970582347,534.2529570154985,0.2345118520926511,HIGH
25.048743275848356,40.13729640604642,107.940296095542,96.06600417236129,20.611906513900163,41.05357319332078,540.2665407213832,0.20378099906321523,HIGH
46.66784935977562,53.253465555959636,79.565175219073,65.35652536556597,23.61561179936501,23.655873564208967,219.74248480737472,0.625643526129104,HIGH
17.290183783526956,57.66218457363521,61.64593519213309,81.35018544127374,32.47626373412615,32.595098206299525,458.93125174032207,0.7727193172252224,MODERATE
29.109554408819818,61.53524073120864,65.88925145846267,82.5931292509499,23.414808542175777,38.94008757079996,439.27366378689356,0.25382458738811714,HIGH
48.90649303292465,50.4247867952887,94.0834046866234,79.52556076251058,31.020077671444888,9.846768536187314,386.2085094897787,0.31149135770036873,HIGH
47.32329557462329,71.45019719458628,146.82504223916789,84.34507966743743,25.57342785807365,13.189593347533108,333.98312710527676,0.25420047243970567,HIGH
1.244765846165421,1.4525690310573058,69.64727190978064,73.22241262695891,21.515111222065347,34.42910874817325,75.22810691888857,0.29979600665683304,MODERATE
22.67799643899243,49.82357296194894,88.65760342985233,63.87129043788468,31.325919928783023,26.333852409434964,336.45905377480244,0.9189084754449327,MODERATE
8.104129507538273,29.949899328061974,58.75111754954327,83.78853695608726,28.581334930028525,12.015234509632084,71.57467658752084,0.8586356854897663,LOW
43.13362393838529,77.8137619478375,144.90077817011462,68.89705412875779,27.36991286184035,26.090729863708958,539.8820024744514,0.19853905193773438,HIGH
20.346104422503522,60.68477525303097,85.36517310347949,91.29152717258748,29.15725616019661,40.54339505958441,480.98936211941526,0.21333125276864895,HIGH
47.205223148141265,54.77823140922888,103.08650064983084,89.05811090660492,22.121824957454173,20.287882527828895,541.2967498009729,0.6972299475567005,HIGH
34.313574922577416,64.63387382730156,69.77439138289704,84.99943411232599,28.94574331552854,5.72719636502786,95.3872187163397,0.6884103670806346,HIGH
42.834878765660584,81.83531624873885,105.52254819836723,55.3155436093384,29.560163781704567,34.492596495692155,69.85391132237893,0.8324763126175319,HIGH
10.499491382738954,39.95603163528455,54.856908513134016,82.02227482657064,31.559936736282257,34.98093131510282,172.42747884949878,0.22824533041178713,MODERATE
45.507959198525256,46.99269103699001,89.50836435640062,73.07858006409157,30.800582903959437,22.54739635378969,178.8753258171217,0.8469350425822787,HIGH
50.62511205604403,87.12891593612552,121.41966557623027,56.99690750844994,24.707438482196114,36.483368258705575,354.7744186150802,0.2747690420779986,HIGH
17.32871155803941,45.20820431439523,98.68882285717913,71.59438816134022,31.37701903061994,31.572707678543583,99.53101331647136,0.7810065240625359,HIGH
20.426589243006443,51.85862074828231,65.77141852056764,68.58122716709613,33.5306456719882,11.228746089939596,56.444290754938635,0.9438348011995542,MODERATE
7.329741918573422,11.500582036332045,38.10185629906821,98.44152304390352,31.14895555279962,23.782097309780383,528.2009590431433,0.697565004201707,LOW
1.554637655694029,33.44211348270651,69.51629925951605,85.81188685963482,21.344815944362395,34.41312347468429,403.77703356845893,0.4725775994970912,MODERATE
16.066498689951842,54.20185336895385,104.90728709917624,64.58442996382045,25.07014608183705,40.239000247066684,497.82872573933804,0.45759128872032917,HIGH
17.675431213095116,62.39895988777596,123.95294535473833,82.91313515108214,24.396192438951143,5.26609402627554,426.2855057264963,0.260238634701203,HIGH
30.72077051526392,54.08407538506657,59.44067124766545,68.24244453167921,25.48619778174185,5.688396825387095,474.90603758919457,0.27534332762039665,HIGH
2.6236956843684567,18.991744136801255,23.259589968971234,55.86259270889277,31.50219490553954,43.321217629725254,454.81950300198156,0.32476135562099107,LOW
27.440636038125565,48.06116731524705,84.82682361586109,92.66486017812748,28.399808331777997,26.660252567427232,385.3716517678823,0.6969773189600544,HIGH
18.31148846040866,25.900694876047375,50.73829452134678,98.60355959317815,27.609943873414593,34.58424345233123,330.659715048159,0.8676099063514819,MODERATE
42.96071744226827,52.359685939583414,103.76187042759747,81.47108362236051,23.967487047032648,11.827007104237662,124.56841584608415,0.2498805278466253,HIGH
13.641185544001873,51.34317757428807,123.11188598511407,70.34762467645636,33.133775818395804,11.583451623363146,535.9860647928808,0.3386646346453488,HIGH
5.015917784977564,20.342475253705356,75.01837553538309,79.5682508582277,32.621975048320294,25.32516133325206,110.07951531948527,0.3862273932574197,MODERATE
23.351033575692554,25.808646267604196,99.83687083413295,83.05908047072539,23.436198395843938,7.28513882990803,540.9336039983945,0.7546287366323672,HIGH
46.05595824491112,80.2992049983745,121.71742931521433,57.80017818653081,31.642581193667755,33.47504120093734,298.56007407623946,0.46529331037342825,HIGH
7.17786544945503,13.533550562896334,19.18960545280893,56.13620465622321,31.5588774496322,6.293712810711814,350.2710237030654,0.21789963860081046,LOW
6.018667917370475,57.88096961220269,111.92390775994068,98.05197075435154,21.98148124384738,26.90239787885607,239.78821789869923,0.5710461050093976,HIGH
23.037565516417143,43.73734023522394,48.56712282179036,67.4313488487644,21.374442257359835,3.521879286799346,299.1359125122003,0.3408311265381689,MODERATE
5.724899832328639,40.98058681239285,107.9630204147378,59.980857240405214,32.90484901024696,42.50413280550427,280.1431253735198,0.4428600283854358,HIGH
18.05009520363982,62.9895651832123,76.23764800579666,92.3987352288648,30.683602967282138,2.6933920685491133,88.03900270616205,0.24797859156916993,HIGH
16.17698662772646,21.394825940037805,58.314208608586604,98.34570772771796,28.585136963382467,15.420580350849937,409.2525068548212,0.22437075251123118,MODERATE
54.22012944507861,71.50272406264115,141.66822888518158,69.6158832577619,20.68478376877352,5.210024400413581,117.54408677037509,0.35472593669968117,HIGH
15.230129988383519,35.26195640480856,47.802019114576666,57.864446622236635,21.40545052789,19.67983919378467,515.2198755588223,0.5722574883066556,MODERATE
52.50113931257249,69.87433571271995,71.01309642090561,58.42193460983777,29.56088800242624,25.708006348636573,288.81891376358425,0.17982684449351016,HIGH
44.90771567779975,51.506306255902636,57.59162116393166,87.69595089906403,21.628937505848253,38.07236303838961,443.58855184870947,0.5398484953056213,HIGH
45.13875031468478,73.90331095807802,99.44324587847645,86.84972574196526,24.86886911827127,5.807019280732877,88.37055999588574,0.15724111367141225,HIGH
15.958630141084619,53.47009714882123,74.75233510804631,60.64199572242948,20.673098025004016,36.09658635479388,58.19013167835013,0.4713280547260851,MODERATE
5.744032196633359,15.284776076041995,67.6523919356791,92.64301631367374,22.70117954517952,12.400076036420238,324.6010430726961,0.3773055269919024,MODERATE
5.523819336287534,42.483684000537565,78.80539551146994,96.79239867726321,23.69267193855076,26.306986933585527,406.9353038137537,0.8356440996762098,MODERATE
14.345884598874044,22.094850678894122,93.03187441146501,86.54445136293583,30.274864509449763,9.751312293202595,433.68308705017057,0.48007059432902566,HIGH
18.46544050860142,40.63454131397007,72.63048345563243,95.41708698315897,23.314643521750845,22.04268484398206,371.52488472668034,0.6690192713300176,MODERATE
51.34528983825943,60.31591090435337,87.69940922398668,60.4072687895075,29.9606528627994,34.44491549670936,499.2030923232556,0.8884698589840772,HIGH
59.219888282535244,74.5051241946243,152.71483165549057,65.86752654536475,31.274260651180384,11.803815736200097,72.4779443094729,0.4743561390304313,HIGH
9.201056494164852,27.7106064912771,40.489601211294605,62.72306469265819,24.996924531168716,9.790309806450738,484.28898835194894,0.8861206661227171,LOW
25.235129277918254,67.14292054478624,69.04286555327768,82.76243425512652,29.52401664208511,41.30213823584217,24.108811702740596,0.20420788352392663,HIGH
32.375365216357906,42.90079340116715,89.73334488013518,76.04205858976879,32.217608672638896,16.17861861361947,383.84666739228135,0.21791355592414147,HIGH
43.41404607579196,87.83833280646317,97.10683453043774,63.71479251396704,21.266744581655104,43.43520250331961,209.31375936531518,0.5896489551626097,HIGH
11.3847478331712,39.91105432465251,53.71496464848174,96.41263674360268,31.8773947746292,13.84269486927513,297.5250135609524,0.6694620037111547,MODERATE
55.82586634862182,66.0069928552236,105.18040779049872,68.58581902986602,33.97334713973051,41.90620867825113,324.40441112779945,0.47148653757046044,HIGH
13.622520949403981,67.11124097174843,137.9236096408025,94.23352536376147,24.379583297040696,12.66132762983529,47.93455475744881,0.22975183456615506,HIGH
8.628477724092207,43.92794821491762,60.858675978905055,88.43159079666313,21.61511393840047,4.694056411988075,422.98693558909105,0.5156947025483157,MODERATE
5.120366507584251,39.24258812373413,73.02327896792255,70.80553894693085,30.135886003212505,6.907100267692603,282.7456798125331,0.15064481048175424,MODERATE
37.41489639718423,50.76068079033749,63.48697750145267,85.38373094183599,20.259561910539308,32.796038039924994,546.3150940941017,0.7871904737548302,MODERATE
17.39762622484963,70.86916480782217,90.86423713722604,74.16625669504369,20.578290981614902,38.12098696729566,279.79822392477456,0.6122296521746722,HIGH
30.17936361928832,60.77702034054086,109.9053193906438,79.02475707576752,21.226521950953146,31.255871001886085,496.2347433054034,0.9439992244879796,HIGH
10.448731869356326,14.993028351796802,78.12013017601494,65.05865713483246,32.46809199544917,36.62843341057925,481.2520511515417,0.9754631891897284,MODERATE
59.301456955695,79.55101921463978,135.18946772491657,65.31274500313012,27.40276069646902,16.749397880483272,18.251416271006832,0.42044259634265335,HIGH
39.66494860950964,46.71617961390314,60.57479041681425,77.42379415825638,29.564887439631292,37.46172652697448,173.33498754960942,0.6405627310784632,HIGH
29.365247651595773,35.28281481130032,75.25608154228479,90.32398991693002,21.83272882696712,22.426776502239004,181.97022682178073,0.3454570332928497,HIGH
17.007258825026994,32.661865721458696,76.74345099012986,95.1134072185919,24.19438746655853,40.626818481771075,286.4010102452431,0.6456597365159416,MODERATE
31.931189219203613,83.39320867377823,142.88856796265958,72.06742586838588,30.463074749157588,18.7257338001141,522.9779250470366,0.1769078644585328,HIGH
39.64560650412496,53.58195975426281,97.28600420497929,85.51731478835168,29.89495739927318,4.3075421593096115,41.731313107330465,0.1873252900934465,HIGH
52.81849123743425,101.51603097184241,136.8657159237635,72.9494272385823,29.612435333918125,24.723295680949875,387.5217892412581,0.6376976911695921,HIGH
57.90229362978204,78.06907644206073,149.22552355703908,89.5585271370446,31.21923835293217,28.485177994379047,513.3238762931899,0.709013146571309,HIGH
34.55830203998237,58.32133578417583,92.25523227638743,81.16109105376297,24.493828855533483,22.91971431748054,291.3568099345227,0.4594899121627981,HIGH
29.859517415902687,30.741009952191348,44.1412311438132,64.83205879934144,29.864504744637124,2.5017002984254564,506.9739562942644,0.7837785318178725,MODERATE
26.835815924514048,58.15741102222569,63.722129082137755,76.84547122123459,30.694053963627542,44.863103657702645,31.291716016809527,0.3482610739665107,HIGH
6.787975653832616,33.61591371632964,46.390379110357955,75.21923899538028,26.20283886659492,15.183015242918886,66.76128875598835,0.1615078806045351,MODERATE
56.373916742187895,89.06461610350682,121.46191924935772,67.59452328841431,21.619716532726684,40.829354415269485,433.9979690144298,0.8115440173892107,HIGH
59.65529454727471,78.42743194683474,140.89964807927163,86.86681862038043,29.71111696955885,37.533753913895325,381.8232725965056,0.4575057635116405,HIGH
23.971586645458196,61.89081254559413,129.51966475026015,92.87402566992724,29.12008725322547,20.40694716195788,310.55911706386996,0.9226704965467423,HIGH
55.450034238488605,107.18617300673367,141.97445023849625,91.42534848224221,22.209416165017622,26.743588453648428,209.8757551958284,0.5607292589602758,HIGH
6.335657941620754,28.547299534132833,56.003482865386765,57.64669466713585,25.668234784192514,24.01069824339066,161.64495959322485,0.7655425244262943,LOW
24.967458532737613,59.564344347015435,94.89715606120535,78.26778356913367,32.1390687750316,19.770004324741638,21.453696801753956,0.8708072617066945,HIGH
44.08004435258808,46.067223989134305,83.67592249574257,58.21747220960185,30.882029952890232,36.001368915349325,206.2183135048936,0.3284913500671318,HIGH
59.048328063759854,106.9354658737733,161.29991972416582,57.53656013890248,20.54335479906759,12.75857768845219,180.5397679065182,0.8472037111983687,HIGH
40.40895171994476,66.44828755287364,81.93756917856349,74.54865772556693,23.59352461298115,41.532169909445,66.59771494194716,0.2941244860227898,HIGH
21.063396041036164,60.53162199127123,78.96905376353489,87.21786377412724,21.735153047565245,31.03016363613692,527.1897258470913,0.4674884762132804,HIGH
33.49786850383847,87.04691280510323,101.49208005486572,68.76998751005479,28.555443372776566,12.941059632134252,496.9103307172428,0.8301162196464893,HIGH
38.72881955475171,40.39601529035239,87.58848153915459,72.43811714547685,21.233974165929236,12.381133952031005,393.31756032536134,0.352311758241433,HIGH
23.13403125593727,36.79920060786806,104.12997013033986,72.28658753026545,23.97551800605129,38.76640968071613,189.64206923331187,0.3653381191445885,HIGH
40.82771427649517,76.91166126285414,77.36996589851864,61.61121853853429,20.654835671637407,4.577771299780132,24.266797095405344,0.6272077790779123,HIGH
10.614584170351002,44.20334813229425,56.28623638019564,79.49544787987188,22.832408858872352,24.20989758951258,79.91505863838213,0.6298742278753703,MODERATE
22.66244375066829,49.999879986741405,75.94931259052797,78.78430468806566,30.775164534164084,36.29855901553895,297.35416454173685,0.4142379754544736,HIGH
37.44079104828134,66.21870427475261,67.51403461243513,96.11613771979484,33.92531512713171,30.302556728926167,143.20355206248232,0.19055502810642172,HIGH
2.8087512119840485,40.97456972863709,96.50969075964164,81.25012214133326,22.740027681506593,12.904385396845225,380.6135500246724,0.6861031215166438,MODERATE
28.330616468989614,67.37866066817948,75.10982514493213,62.18443835548091,29.625769611551362,4.128623348333391,62.31903874736095,0.9175560376887834,MODERATE
42.06419420057928,92.92114112786768,103.39503138497726,69.91870521334909,22.976953537571312,24.983749991629228,400.11797114516986,0.35789745901401615,HIGH
56.360116354073796,73.61032361995007,149.688645758427,60.16826775673915,28.758739621405986,41.23955031367148,312.8660781880438,0.7584855526028093,HIGH
1.434203621589658,40.927634543774126,89.52095734463143,81.39517784823484,24.49955980060688,43.04858611415149,236.5070068956715,0.45919560927671166,MODERATE
9.146819078451276,29.040406055910157,34.65359830006435,88.59677509480625,22.790494926117724,30.760415499843965,58.173715992668264,0.5994534433773097,LOW
38.26202605145705,46.90907345205562,63.15396461555301,57.52763055590475,27.057257978798777,37.86858446893589,339.69267700887633,0.6823802538823915,HIGH
47.89103965325325,94.0787983141108,105.12934509979314,83.2661386202663,29.950074187670836,20.570277946665488,143.05205604311465,0.9668253603914599,HIGH
29.36955553850072,71.91219725609511,141.05398783385806,92.13354319671637,33.934265788574095,24.126708804594838,499.69944575647327,0.6835322496957102,HIGH
14.706137412842018,64.7178591941433,78.1190305365869,70.08485978264511,28.611517155011335,7.09583837414082,341.3761614641662,0.47306498712880474,MODERATE
39.736820252426874,49.02972333076157,111.7569780230859,70.14452654924355,32.962399984300944,20.716405631939878,84.91118131821621,0.4580627447695321,HIGH
14.266983627808113,44.79963301157772,49.77900341313469,85.91862676076533,24.040759769551972,4.3995442785854415,386.00548713844125,0.8724519536294518,LOW
18.887533842552195,31.14470419400655,91.46538081611541,58.73745033669068,20.986701150864626,25.849950612559045,322.1685353355808,0.7105791461739178,HIGH
54.25022895278586,94.05875523582392,137.60939082249342,98.45511112533265,28.78683738788377,38.53157545475635,249.6016703959553,0.4103104409076288,HIGH
5.6626705981345715,58.80633596454034,73.36579701704468,92.25921357892464,22.021055460004302,12.46348966086879,333.5848739268497,0.3691079150758343,MODERATE
6.900668235004577,14.406191654679573,88.49568169856228,56.85905071882773,29.439538693217962,32.78528390398458,108.15325684570988,0.5337348891620726,MODERATE
41.09370677250666,77.91371908815196,85.6375382502487,83.43152703041903,25.207555664202182,39.87739118140952,73.94359310162983,0.564994268595322,HIGH
8.932915304700055,13.099759354172305,50.09696377747565,89.38861429453365,26.33663054646781,22.6366910329698,427.40905352261785,0.9997895401632247,LOW
19.15246520564854,55.191317700967566,59.98000870860517,65.94898995739833,28.5383653416501,3.3425801033198255,298.8649188334116,0.4979805457075934,MODERATE
50.272276221366624,99.92540525967539,137.80744993098966,84.51465688767716,22.66732562075049,33.97451218821715,444.71815838007916,0.4905184447268154,HIGH
10.609837902766461,22.415440982233257,42.721344971563866,85.66173979714264,31.441057871188498,38.35994134384961,193.658579578957,0.9421906034979192,LOW
15.815515759350651,26.627529049761954,79.85164079131128,85.6429476274696,20.699499089881368,27.62841083869881,515.0230011987026,0.6469956160395134,MODERATE
31.645486609115714,79.28418323530474,85.03827268471554,56.00161645014332,24.559714343817376,40.862433184273364,2.778315677334936,0.4379315185640549,HIGH
43.16610881347573,45.374432295198844,90.92539654181465,59.843443781414884,22.467216769306823,13.3390500600849,488.37675338040503,0.7671909087028451,HIGH
36.03532941280254,83.71576178016846,139.4842730388086,61.1476000614334,22.95950976073433,39.8216904536356,534.738304102107,0.8411421008857212,HIGH
33.44325016914187,84.43141539709069,150.3863739952335,59.01149695514982,32.500923844110375,11.255455550501063,174.6739746147867,0.9772482084546901,HIGH
21.60486200686055,64.2018004906761,96.5940816789876,82.7180058746516,20.357662758242924,34.10229565052011,88.82657614954357,0.5049583542868189,HIGH
48.221745932276164,74.80612925465176,95.6228902253906,67.81820350662105,20.953764755636506,19.71768757721021,107.13759570760908,0.6610013840594032,HIGH
47.01585713530451,79.12628252651561,157.57028931759766,97.63755578821934,21.41266407153718,30.28160324996309,35.064634685699495,0.964165558979185,HIGH
35.40660512688536,69.63290361081974,70.42586662022266,57.110283082739,23.84368167203307,9.405808609985813,42.1893456447404,0.2700948132408286,HIGH
49.71932243119452,97.48587698585698,110.87567257102921,75.51798742962085,31.57104555550695,25.197584542650112,363.74870915763523,0.6769233365377703,HIGH
41.19357172853968,45.64245947046845,93.0211721038149,87.8747147825308,28.787550508881743,43.32209239781221,424.5389428746612,0.7592137633879259,HIGH
51.18183832527971,60.4160084158089,131.7743116975028,76.78286580723723,30.109658673828463,4.1980071429438635,331.2243421115883,0.4105904011396835,HIGH
