rainfall_1h_mm,humidity_percent,temperature_c,wind_speed_kmh,previous_rainfall_mm,rainfall_class
35.168473915183604,56.07546247457468,23.85041045716767,11.598061740399379,33.14120463738056,MODERATE RAINFALL
37.21847180826012,93.36372141130835,21.217143656811825,20.14263824646663,1.3408748747131654,HEAVY RAINFALL
12.025088614198186,76.73027738844459,20.371503575574092,10.550018979525886,29.244799700078545,MODERATE RAINFALL
29.97178143317692,64.47894674774996,28.24971957426272,36.80550963714654,0.29244418551274576,MODERATE RAINFALL
44.320058850804436,85.01999398449375,24.763507231251886,8.685618491906606,43.07458824930515,HEAVY RAINFALL
18.512699981194473,58.98807126534636,21.354029275668495,38.44225775294077,27.1676714115101,MODERATE RAINFALL
44.39205503009091,86.37846682783417,27.50719328036581,43.84397785111294,17.034046974375908,HEAVY RAINFALL
30.362234720027484,90.66440056287878,28.659276533099444,39.05339671336342,25.980846536554292,HEAVY RAINFALL
38.75145099182079,56.97044849719347,23.190575859121655,14.443682434890608,3.5906389615632373,MODERATE RAINFALL
12.80349874985666,59.34306146461835,23.89163044354129,29.33443110336921,16.41744805365379,NORMAL RAINFALL
20.359953191428545,64.00880232317397,23.737689508687588,42.27614727163724,29.16159233609671,MODERATE RAINFALL
33.50220531168435,62.35896187251817,30.20777517130489,9.026307231762921,17.07549487909415,MODERATE RAINFALL
54.42378428501274,82.51998967372599,27.797296412845046,31.43841279256461,37.92833640854143,HEAVY RAINFALL
42.67999513504346,64.84906709445649,20.44940341465653,15.564481066540523,12.048339418906624,HEAVY RAINFALL
11.604056397247955,95.54511771640733,32.26914677061737,15.53114887433455,29.494739938269603,MODERATE RAINFALL
21.759754558336535,94.32554635884337,26.423925936223583,13.389847159416256,11.098237846229255,MODERATE RAINFALL
30.87524737897329,66.29788916648621,28.184203863129568,40.60638399490651,17.973022731317876,MODERATE RAINFALL
12.062641753650583,97.89411707928974,27.133368111470503,5.9091047234731375,2.120236894113056,MODERATE RAINFALL
6.030702169286253,81.98017979323288,31.0891111010815,20.152878572386413,2.8587467768380708,NORMAL RAINFALL
20.989060757859523,97.83321935032416,27.407600831387917,43.75637023738558,38.735086600552414,HEAVY RAINFALL
0.63145620685508,85.99103823248836,29.543945166372048,25.089724207578193,12.007133547864425,NORMAL RAINFALL
35.25289892188945,59.796743464622686,26.08671350936747,21.510119372155877,42.92171673844861,HEAVY RAINFALL
48.17191172080067,66.3257291822969,27.00820558270418,9.68203086279565,41.06825277051692,HEAVY RAINFALL
47.87852134102218,67.83312603229122,28.945292928124072,28.18571909184141,6.877767084733566,HEAVY RAINFALL
41.93809400413332,78.1932982951439,30.900770700827813,24.80520790439263,0.02573532575745774,HEAVY RAINFALL
17.82858313525702,55.83749992259079,33.00738062770464,39.78504074639692,37.424948821253075,MODERATE RAINFALL
16.91327689714638,57.49078215925007,32.29213438885657,42.71882614781374,3.854405343054545,NORMAL RAINFALL
26.729475482413758,57.9761382941405,30.648430313601242,34.93088046020047,5.777615902489326,MODERATE RAINFALL
26.140530795430223,78.64155452028258,23.71079280516083,39.51462076666607,19.041207309039912,MODERATE RAINFALL
11.648901299314513,78.1897318175167,30.219034967259667,10.649495725756925,14.027233108540273,NORMAL RAINFALL
54.73321461634921,82.9447564784965,26.133401174803055,24.255761164530398,5.445188814071957,HEAVY RAINFALL
12.358353536735654,69.53767917234057,28.236322058401267,11.894933501652812,9.909782300320176,NORMAL RAINFALL
3.9046197304967896,82.13742716261424,23.20518497335616,40.9330605592635,38.683593011418594,MODERATE RAINFALL
3.8971542438759394,65.2341992778668,29.36568889614793,11.21218271692886,5.954033192626125,NORMAL RAINFALL
51.45328323193691,79.55485301298722,26.61739436836512,35.7386352445024,36.33736489949895,HEAVY RAINFALL
10.472545289903273,59.168025011839404,26.034716553689286,20.213880789856592,21.016110061650373,NORMAL RAINFALL
40.099171720291785,83.95467553361196,33.778312959123525,6.231968459534232,18.117957694602094,HEAVY RAINFALL
18.661643296722975,92.05191906317002,23.481188674884,10.178983062954895,20.187609652490934,MODERATE RAINFALL
23.20349019089223,66.97744122067844,23.497290270349406,41.700420768868554,19.940883527405564,MODERATE RAINFALL
47.37420076190068,78.66398843534347,20.708236613348337,44.969146141747245,37.62124132859783,HEAVY RAINFALL
53.29479415066132,94.83378026934949,31.881740281800276,9.151377755968301,21.853850645282332,HEAVY RAINFALL
11.756101455954992,72.24473257962646,20.820895599610505,18.29584411600739,44.338897970087665,MODERATE RAINFALL
14.586168199468357,88.71503588378849,26.370117142748008,20.189321897577006,43.079293838685295,MODERATE RAINFALL
54.74824792209926,78.89803790644159,30.05771585414856,8.656263486784757,13.35185214725539,HEAVY RAINFALL
53.27901507330373,79.90475250509903,27.59073281923984,34.162949096299755,2.5724372808367386,HEAVY RAINFALL
32.129767695243416,76.62256646553908,31.938078488675995,8.76960730139778,43.23505064735026,HEAVY RAINFALL
4.406130588232278,62.9904733221711,28.33049149030039,31.034139804975876,10.584175275041904,NORMAL RAINFALL
6.59376376709183,93.28235450756581,23.44701486904075,27.56432360193797,27.87216796494464,MODERATE RAINFALL
23.057370343472986,80.09790843952266,27.318958017447425,42.192369082666374,9.19166397405914,MODERATE RAINFALL
39.39054904341781,65.26349596248139,25.541001855077564,30.882679587278766,13.4998685909443,HEAVY RAINFALL
17.38974579495197,87.33017317381929,21.015603602904203,21.706277472599204,44.9304498384499,MODERATE RAINFALL
54.7853046320302,58.15021100728422,22.984160371738565,13.403617834267259,41.99667200971691,HEAVY RAINFALL
48.447529552754176,92.80862042683535,25.173379242344375,8.783113791360975,37.518522958791316,HEAVY RAINFALL
38.6946958798054,81.30214392621585,33.82126289084106,30.1209816615615,0.3520398218471077,HEAVY RAINFALL
44.94072743135039,67.87328634459905,29.287442009525083,42.37399016886547,6.043100147701547,HEAVY RAINFALL
6.348576873050622,59.60254704150496,27.74513097238742,13.710973129537102,27.217342216360077,NORMAL RAINFALL
39.46867029263389,63.754684430080474,28.87933142439112,13.351307770107605,21.983933346721944,HEAVY RAINFALL
49.79350700936278,91.38245967167879,21.292178547978267,20.213758220240233,12.450610078751325,HEAVY RAINFALL
0.1950128998280265,88.15812658984396,28.919587282219315,13.264076284676973,33.35539087565689,NORMAL RAINFALL
30.34242316195152,73.39053751616922,20.135375794516758,5.235485983171983,39.73978769850643,HEAVY RAINFALL
49.71607143579412,78.46038243583746,31.684330278404232,27.047911359061143,6.664220350536719,HEAVY RAINFALL
7.009503560517632,68.25510904699576,32.58574084239626,36.23325911018579,38.731616190040626,NORMAL RAINFALL
49.4408550089561,64.03329114860942,23.493416349120942,6.420125731886782,35.10523088421492,HEAVY RAINFALL
48.62740857980549,72.47422776278103,28.689261142109977,8.6457935482848,41.84464570621535,HEAVY RAINFALL
47.55331329209802,96.9768594160314,31.350804079165556,39.90089680052295,1.1153862854184926,HEAVY RAINFALL
40.511045946529514,69.28397512169643,33.03142240467656,36.496110974296975,38.882881276887574,HEAVY RAINFALL
44.59121241159139,66.4726455125623,31.023243127896595,6.648111935327156,39.24750523077404,HEAVY RAINFALL
47.22262882357799,64.56464985446357,31.432212478357005,21.793039091194508,13.733589030237026,HEAVY RAINFALL
43.7440024534074,64.78660595853412,20.331302085820322,10.304580898091473,14.771787803896792,HEAVY RAINFALL
47.53941181166575,96.57623147407952,23.9077498981062,29.58371476012799,17.98552729620274,HEAVY RAINFALL
53.963232795904304,78.05727649658505,33.149319964546024,6.959695329611386,43.668027496000256,HEAVY RAINFALL
9.821229889485501,96.38897557774689,23.71652907532156,6.661309530232577,19.555369135408995,MODERATE RAINFALL
40.06997833589874,68.48812451038462,28.486923946286005,23.99119156578756,17.333794500512724,HEAVY RAINFALL
31.712342392312973,65.95306776395903,29.922993973678388,2.072724963401067,41.65088244745872,HEAVY RAINFALL
29.614859840103556,85.93548996322835,30.387301089752672,30.83702569061898,16.389966230156887,HEAVY RAINFALL
3.84855961194706,83.56222045118471,24.62280050459635,15.498372737509467,38.1606875777851,MODERATE RAINFALL
39.586484465767256,67.91385753308435,24.329985270921146,19.560895070626323,18.10801741759761,HEAVY RAINFALL
16.261036138927086,60.47337535954359,25.886248672820717,42.43563784139787,30.47930753727298,MODERATE RAINFALL
49.654305015292046,81.46714138590936,24.213298243917915,25.56130016483502,0.01826728637793873,HEAVY RAINFALL
15.780254427790995,73.4851904495629,28.119786936739548,30.15234181923208,20.92446856111564,MODERATE RAINFALL
24.318788961764408,64.18916024253132,26.624606602730566,40.75077551061493,35.821114205705115,MODERATE RAINFALL
9.33302679089301,58.646208079180234,27.21632813881303,29.216456797929215,15.08347149344104,NORMAL RAINFALL
45.01329054951653,87.29893991425149,29.41913938780034,11.659548637883395,8.960846972695949,HEAVY RAINFALL
1.3433963249754488,65.52822939536905,26.651908819063273,38.53872086886347,3.2772703133056096,NORMAL RAINFALL
22.794255604874564,82.07991137172169,22.72209331435593,31.94323277109171,22.24697260546966,MODERATE RAINFALL
13.419144176814136,83.21049447780672,20.077627453932443,34.29147249459433,34.652078485831126,MODERATE RAINFALL
5.862301310994641,73.28128633953756,22.462413543891444,43.19253981802021,23.308098769968336,NORMAL RAINFALL
2.7620111827352507,65.71552602537878,31.876708862923238,21.62785849521742,36.0637470775019,NORMAL RAINFALL
36.71677529224942,97.47937548185726,28.336332458571874,42.8517031630557,40.11416666146967,HEAVY RAINFALL
33.69587775189696,85.92878033486659,27.066894307541627,37.714474298020846,24.65423777748728,HEAVY RAINFALL
49.34644567782942,86.97718401286215,26.645442115522748,13.145236583995832,11.12578818793468,HEAVY RAINFALL
35.071379022688596,87.92998842477812,27.29819737959175,28.950182790216594,12.356885111289223,HEAVY RAINFALL
4.26158446256047,67.28631048711556,23.804011499150583,15.747511442006779,24.30685001333054,NORMAL RAINFALL
7.610573383388565,64.94424362831204,29.715297372186733,32.37602309286575,2.890298282124513,NORMAL RAINFALL
22.41796533166227,78.33227904166836,25.820839277444183,10.89387874911964,18.906458299804154,MODERATE RAINFALL
49.766116308709734,80.11541481078169,29.73732181097155,38.839477389069174,34.45175592531313,HEAVY RAINFALL
20.92095659102414,55.2535315941117,24.924623237405545,34.39943037755359,38.40515777560971,MODERATE RAINFALL
52.438668615855846,73.01791515308234,30.46521936569271,25.48368931855508,27.14636650235586,HEAVY RAINFALL
12.12962818781004,64.43513028872175,26.101703664652913,3.2480672577087555,15.12582946642721,NORMAL RAINFALL
37.35280367655923,72.3856167729184,22.310626236849124,22.097776416989337,5.7432508776522315,MODERATE RAINFALL
34.22413285357356,56.15955743192092,25.516283588755865,26.268855270065288,1.2195920853140596,MODERATE RAINFALL
35.351230640513464,60.83507795091426,26.463778216721163,4.162239240010985,17.059673888466282,MODERATE RAINFALL
11.641315631631484,69.05436960989627,30.657215910516378,18.30242726925786,33.84044205996532,MODERATE RAINFALL
45.75583568353999,65.84767586664236,21.146687258662997,2.8334813431504595,24.273857156514016,HEAVY RAINFALL
54.99493056800651,70.0482947799679,29.10201730549825,35.59302113326848,29.328959485975023,HEAVY RAINFALL
41.48282622327394,95.83330450678753,22.79104955307546,2.876340744774291,6.857205560315567,HEAVY RAINFALL
6.942153618081344,83.78673031865615,27.89557414702027,11.372475258979657,31.475923706076788,MODERATE RAINFALL
42.17939540959324,62.2149331648155,28.501464914473043,34.16080303407729,5.1539792120503956,HEAVY RAINFALL
45.06156458710968,96.48299324046576,21.513382495206493,3.104172296391039,14.038075997761283,HEAVY RAINFALL
37.25410077677248,96.20143204285353,25.553162181232782,32.745632317127146,3.4198415029376985,HEAVY RAINFALL
37.98379287631392,81.97142301084492,21.426618276243673,35.21667805290263,38.263195758995835,HEAVY RAINFALL
33.022638814926424,60.20536779789455,33.7738209212054,35.65331989352384,15.624169438880205,MODERATE RAINFALL
23.560790727910945,70.93454767737641,27.08345105547909,16.672940519035176,38.230903214980984,MODERATE RAINFALL
45.22820049495319,59.538171437691936,33.451025941004104,29.330159562362173,37.29182899511062,HEAVY RAINFALL
38.90197540383423,73.72594723533011,30.273134256187486,43.51537044323734,12.153707837433037,HEAVY RAINFALL
44.45095703437158,78.141434977275,26.768965054364745,20.729703199167453,32.896179643730505,HEAVY RAINFALL
14.761754592707394,91.62366588083127,31.63023426446845,5.726504616393999,39.67340328012474,MODERATE RAINFALL
13.412489155502579,74.98246406393896,28.54464385922729,18.296540077515353,1.2914998996540312,NORMAL RAINFALL
46.802405997185254,62.81911385778075,22.969677902516345,36.30679134360815,15.315247942392764,HEAVY RAINFALL
48.4175988867024,85.15090126428467,23.86776006058659,2.4364979208631157,42.662815999966405,HEAVY RAINFALL
4.70871290769117,85.96321055648036,26.840089855883022,34.601080099746056,31.077420275093537,MODERATE RAINFALL
35.52465948575237,76.10531740837921,31.101060153852444,6.001294073850882,9.971838021263856,MODERATE RAINFALL
38.0482935412361,68.1668592955938,28.141778194653142,22.350201016659565,23.891486901559553,HEAVY RAINFALL
23.40270969878681,87.07522377868521,24.631078160743023,32.222762513988066,12.191239213928835,MODERATE RAINFALL
13.827202191051782,60.18820304434915,22.696180108321244,7.140853873967272,24.113878442268742,NORMAL RAINFALL
41.92042852162567,62.96144322481946,23.02938495830048,22.820539250146474,32.60632504918732,HEAVY RAINFALL
53.71338625856812,77.55938537167015,23.96198184584937,6.322622647904003,8.735291014098305,HEAVY RAINFALL
12.511573991540509,62.715986378472344,20.198077141584893,24.967808838509523,12.344009705247029,NORMAL RAINFALL
53.586221210650585,78.79443557234015,29.763843500742723,7.430018197211583,39.08075387683248,HEAVY RAINFALL
26.998328198807837,92.52694860493699,28.03689907476865,22.18406863201194,19.821095916120463,HEAVY RAINFALL
10.140001871454494,57.20919883889385,33.174890354753444,22.542355052424572,36.99520403847437,NORMAL RAINFALL
22.038909323856686,58.18553332099251,28.812239897327977,4.305190194578925,6.713891301314482,NORMAL RAINFALL
30.956177839651033,68.0649270092158,33.91485371794308,7.093417175092848,34.399955039678744,MODERATE RAINFALL
33.34747081836295,89.00185568326704,23.159619918910487,24.470619010599368,20.27315091999394,HEAVY RAINFALL
24.34965522106306,91.98716663052573,33.860437646535175,15.131350505732497,27.946229448246683,HEAVY RAINFALL
33.52970017348217,86.82384013583544,33.266262804555296,10.934879950412707,9.496133788742684,HEAVY RAINFALL
36.323547545562015,61.75345501537772,22.433389676570084,5.2277893627502205,0.12040751712985798,MODERATE RAINFALL
24.777703753973633,80.53388139014122,24.077630046434386,11.953478085909111,31.813012344556498,MODERATE RAINFALL
38.66431569515444,74.52334703550287,29.623388880997396,41.728174912749594,35.452261199102914,HEAVY RAINFALL
34.3781903940322,83.43087084269482,33.07135841823718,20.2809755424811,24.50530704197604,HEAVY RAINFALL
35.61990978713644,94.06169214414206,31.572836235100837,5.070622984800009,7.46652551493261,HEAVY RAINFALL
16.91864969378279,87.2051820489938,27.96889869046729,14.410255297151195,5.595914617861871,MODERATE RAINFALL
37.87728951666516,85.08854845395584,33.197467370416575,23.520303616070798,22.220784870528792,HEAVY RAINFALL
4.424301854461554,56.71401371989536,26.048401298250816,15.8598280844069,11.266555608540175,NORMAL RAINFALL
5.022978764704186,96.36217739429198,31.703420594686538,26.73356169645701,42.78538250128586,MODERATE RAINFALL
54.97648292825983,83.90810812503929,23.773154363538755,3.729961945218496,34.03209736856507,HEAVY RAINFALL
25.877545278839847,83.01490804564851,32.825019030974744,9.804033330594415,26.339833137503447,MODERATE RAINFALL
34.91315956997478,76.14420949421357,21.27739368811358,16.96232542066997,14.99887771492914,HEAVY RAINFALL
36.8573430236652,91.88252305921516,24.617251290105514,31.827967981287596,12.96980079126551,HEAVY RAINFALL
51.98564467597659,89.98333949373281,27.70135252560496,21.557514069874365,14.153272072657558,HEAVY RAINFALL
17.780058245179706,96.71794325276882,25.65845079801044,24.12763885015152,44.46536466517894,HEAVY RAINFALL
36.17132125657209,78.33152455735939,25.7854659911905,10.066049279964666,16.280071161825386,HEAVY RAINFALL
41.604373473056555,81.89257591223539,30.639867504854237,10.753004249061776,24.714883758839925,HEAVY RAINFALL
51.022001846444624,73.83899208811226,29.77550040771041,7.221321584592653,43.79160671197625,HEAVY RAINFALL
33.48794168950807,65.28979088008896,22.217294293273255,25.686077301114807,24.851313407417987,MODERATE RAINFALL
5.12650607048374,97.66705699399444,32.78101829877835,21.842259449687685,5.2859767090300895,NORMAL RAINFALL
45.767874557289566,76.43014670240939,30.032446563885074,23.881496647989003,12.304120352097339,HEAVY RAINFALL
45.90981700671819,97.15051920194514,23.412232685051936,25.704398305860195,17.261370596121747,HEAVY RAINFALL
50.7027482462359,76.85435833849445,32.310567572050665,39.15315818042929,12.431133126991844,HEAVY RAINFALL
43.45034001017124,72.84252421270784,33.07947751155528,23.832720059815227,36.92472629335103,HEAVY RAINFALL
15.556144080555466,67.83790154018598,28.217128113798253,44.952800328861564,22.033815599506546,MODERATE RAINFALL
8.1727480110534,78.15896484126657,24.831735183702104,25.73244893404487,24.454352833140288,NORMAL RAINFALL
25.043953927657558,68.8364260598486,22.641133231899474,31.992432387684566,25.73089388932055,MODERATE RAINFALL
12.84593453318412,88.34841242926814,20.611062187362226,34.022321517303425,31.735254646125114,MODERATE RAINFALL
44.62748964106823,71.60138635711223,29.291643612783485,37.292144723510866,44.136816239690326,HEAVY RAINFALL
27.243075728903293,56.591843287859774,27.03207610186152,27.377758460311384,39.136514101299696,MODERATE RAINFALL
48.08047057298696,73.93316702013911,27.36331521530586,21.647907202392414,32.50997224067892,HEAVY RAINFALL
22.548824086050043,83.15559703639255,22.161057062801685,22.188095842343472,43.61416337583977,HEAVY RAINFALL
18.620867872828743,84.78629773923592,29.097713136109817,38.62590757107973,38.35536014546519,MODERATE RAINFALL
47.26382012925466,71.34040409347416,24.433256155067596,32.904849284588266,34.173081420046366,HEAVY RAINFALL
47.981065956919494,56.54366129302052,20.95789046054172,29.139923724749544,41.44180944511335,HEAVY RAINFALL
54.85842576259184,87.11095376973086,26.07560060692376,6.233054434477513,28.518652295135606,HEAVY RAINFALL
47.99185779338999,74.07817772145334,29.716016279105283,40.8472346681709,2.069593590474574,HEAVY RAINFALL
43.78789058392165,67.61481436650398,25.247775256854407,8.259501215074133,23.902484316694203,HEAVY RAINFALL
31.126043405376524,89.078337376881,22.37977108695336,5.395639078379769,39.187781939018464,HEAVY RAINFALL
34.08407026955784,65.35568104982146,32.77960622432977,8.154061965525916,20.75174610097489,MODERATE RAINFALL
13.968753667744826,65.97904845084362,20.131564040368193,36.59922230993129,40.55442406194974,MODERATE RAINFALL
37.26859871344937,61.79295174908684,26.184216970453402,16.859321851052513,26.440726730688965,HEAVY RAINFALL
35.14162862980067,73.2452843538186,23.50137514170782,38.348068781131744,8.964764959900155,MODERATE RAINFALL
21.158128693204002,75.77794662554629,23.320879826986044,26.592675771081772,25.866536858039026,MODERATE RAINFALL
54.59806239947937,67.69492241698057,33.691222784076075,30.30388208493327,12.351617108020248,HEAVY RAINFALL
31.126095932563445,84.48937818756252,30.425363776314555,4.108902783367998,27.288292188441353,HEAVY RAINFALL
27.320000758812867,93.8786775084302,24.006718120428722,36.35098513882674,27.317924917391966,HEAVY RAINFALL
19.37765257094241,82.37456875425335,28.692476283824256,31.143871720804455,32.441776950181904,MODERATE RAINFALL
36.25498471742145,91.04849602938822,28.795473451616576,40.846359275137615,29.085327400073528,HEAVY RAINFALL
16.991308617394985,73.95539717700089,28.114033275157638,33.491470021387244,4.056001908579852,NORMAL RAINFALL
16.23107483960354,87.14167719234997,22.458960986220294,7.682871303111693,24.27334915429895,MODERATE RAINFALL
53.43192696662369,77.82665206921976,32.78881764274376,37.710322641398086,11.563653805346805,HEAVY RAINFALL
45.3579396898324,75.71945668457087,31.29083891311273,34.102052080832934,15.242186421084883,HEAVY RAINFALL
6.334333909736768,96.40441159336174,21.970598210082358,43.55950900689834,38.706326860446985,MODERATE RAINFALL
39.8319191641535,97.13751643962185,33.54177646220045,36.597268692884164,16.459877223250487,HEAVY RAINFALL
43.48750827239156,55.59850216933875,27.512012315766828,21.55579919255661,30.277277184318912,HEAVY RAINFALL
36.978743854305726,80.13608394104314,31.51384221717484,42.43255134652083,4.875574598965381,HEAVY RAINFALL
12.860204621637074,56.07605993479874,32.37928783300793,26.14051743674479,41.18651589344218,NORMAL RAINFALL
12.175196004069452,57.718332769888406,31.533974919466267,41.10366845239936,13.59855785381626,NORMAL RAINFALL
22.4562720687477,61.010411537810505,33.247661460347246,15.087677127308224,22.168107854019265,MODERATE RAINFALL
5.345559924200188,93.1521502667256,21.89929668188871,21.50668154622238,30.171879848257706,MODERATE RAINFALL
40.87270668377443,95.67688568851558,25.86777454780612,33.91756763490858,6.953530608442576,HEAVY RAINFALL
22.81864900902438,59.25793029255273,26.850858529054605,19.548983085001122,42.81846864214768,MODERATE RAINFALL
1.7993957770275797,70.93278822558072,26.207363204849823,42.87387230361136,38.495258698767955,NORMAL RAINFALL
5.464504353337167,84.48425141569527,27.62252206075003,44.04722876643801,16.140322854554306,NORMAL RAINFALL
21.89768035094052,63.16176817292642,21.710236067221693,38.46542710393828,20.46228158567327,MODERATE RAINFALL
36.45228059340879,82.59329209102836,28.36004343327363,2.9183705536639373,35.405756570457754,HEAVY RAINFALL
13.3962893440213,60.414727068245845,27.904091662711487,4.950236571447304,34.4320819149863,NORMAL RAINFALL
11.393655369066217,64.28590813250301,32.17573597477363,16.12806079758591,6.639938097364967,NORMAL RAINFALL
49.5292069597467,55.121928713640706,32.01768576932247,8.221583153781843,5.849645914954656,HEAVY RAINFALL
13.785980820046811,62.503376198759916,29.254806996362433,3.1085464408065295,0.6687147253818981,NORMAL RAINFALL
43.449156532911466,65.23105906188991,24.532800467468313,9.49258666046562,2.357955803752943,MODERATE RAINFALL
40.79449313247822,77.62167764370828,30.43931385047594,22.478576513199762,35.010766769139124,HEAVY RAINFALL
28.22808766850554,59.689322430165355,27.0537416570015,42.65287264771457,1.9514266604627268,MODERATE RAINFALL
43.077484778920876,92.28017903367305,27.300317005983178,21.695828450200327,43.381178240491295,HEAVY RAINFALL
3.34539741219782,75.59622217292963,25.622641563175847,31.502192330676007,22.06209843649014,NORMAL RAINFALL
50.033545601337615,58.16010077795737,21.131066683751087,28.156789216237918,2.9557004994051264,HEAVY RAINFALL
15.125879975687425,82.22229914494366,27.676990076677047,15.982974062702722,44.75824901374156,MODERATE RAINFALL
29.18062605872285,74.50976295574529,28.47597508149438,6.264673852198805,31.58007383457298,MODERATE RAINFALL
46.90360055125662,82.98941658989614,30.76547822146634,32.99611641627676,9.676037984737361,HEAVY RAINFALL
24.835520378090482,64.82522369767713,24.745042663692452,21.500452825020236,18.719534261767286,MODERATE RAINFALL
5.229721160159697,73.35085226922119,29.311510082844325,18.094944007728085,6.868751614592569,NORMAL RAINFALL
50.764176965391144,57.886732249875855,31.64480643864796,6.008894373258128,4.3453994654603525,HEAVY RAINFALL
40.63377991687936,89.90607926692786,27.7891902986149,27.217998557797507,25.27138862964326,HEAVY RAINFALL
18.130528977891277,60.25594527024605,24.950373114872747,30.609642360125363,33.76279126131652,MODERATE RAINFALL
47.74506818779857,86.00560918608443,33.55758075436064,27.817633922661113,15.824078356191704,HEAVY RAINFALL
31.785518511442017,64.14776864389626,29.19430824183413,11.64252937162532,4.869827186726998,MODERATE RAINFALL
46.495538023073976,70.80512517646005,30.676478847115895,26.686300186252897,36.3249617018555,HEAVY RAINFALL
46.4835338730597,96.90550389140546,31.457976033569373,28.383651063024985,28.92146237234241,HEAVY RAINFALL
1.443960729947087,94.95062451278227,31.61245105943528,13.500252181626758,8.118723238238449,NORMAL RAINFALL
38.648432507608256,68.28634161968614,24.757545194881615,2.2625489443573237,39.14382179413972,HEAVY RAINFALL
31.147660211875696,72.23372679197917,21.98624515811776,29.226396544187093,1.379569427140766,MODERATE RAINFALL
41.03614691031387,64.25071384144097,25.877654912703044,16.65852721608131,16.652389161465177,HEAVY RAINFALL
39.687778225847026,88.40393165856986,27.94630979260156,5.65315271901871,2.3673971891484804,HEAVY RAINFALL
8.657544340893423,81.5670418228193,29.435561948583583,13.700422272487415,29.787241176371754,MODERATE RAINFALL
26.711393769004793,74.0079000280045,23.82433582110677,34.46255517773994,5.121787864959079,MODERATE RAINFALL
23.64524983688397,67.17959821345931,29.49880756664186,22.925208394662786,30.02096514313573,MODERATE RAINFALL
2.497954943243514,71.99632603176805,28.39054939722231,2.3305446936949634,13.563871290829654,NORMAL RAINFALL
11.617868857117175,60.90109662606506,23.57727305630043,16.109261305327166,0.3478457956190373,NORMAL RAINFALL
41.08577678863723,62.55487648066122,25.322904240013308,32.257864325454534,22.511805595029593,HEAVY RAINFALL
45.834481133093306,89.66660802237084,21.00905695229021,39.05586756697131,1.9036017703256118,HEAVY RAINFALL
1.0307845122105137,94.60998468360373,32.06954019056893,26.757643911683736,25.802985639862936,NORMAL RAINFALL
39.02244288629138,72.96084027326967,21.612427217293174,2.8968320380641988,14.614568075048123,HEAVY RAINFALL
44.07271848707487,81.57938632208233,31.6483627830039,41.55009932487954,3.965844658404811,HEAVY RAINFALL
46.44663978980833,65.46260841737755,28.244198036240768,24.53038934902716,17.809501358669984,HEAVY RAINFALL
17.06510090097237,69.59907108938395,24.662960714903846,9.229706445964524,22.971747804396674,MODERATE RAINFALL
6.27146519112039,76.9279386798878,32.68291824212071,17.02313641531235,32.73205975532569,NORMAL RAINFALL
45.04217308386686,90.0465912472506,23.30776388525414,8.29710138594086,8.877231127079247,HEAVY RAINFALL
33.13194419002412,87.68925770851635,29.17712614726235,9.617283544730853,34.77816401614021,HEAVY RAINFALL
27.176436375956374,87.44117048562039,30.638280094508477,21.302926050787708,41.58694162735467,HEAVY RAINFALL
31.04704808715396,82.31782771960552,28.743304912186527,39.162615617750895,28.22478331048973,HEAVY RAINFALL
8.30265707661923,57.93630911531751,26.19091289370799,15.021278710977555,12.360315036877163,NORMAL RAINFALL
3.089466611719293,76.81548606746045,24.345709908488352,21.432296139129335,2.560052287527857,NORMAL RAINFALL
45.74331474147168,58.29943305045857,32.099500474953345,38.777614972611886,27.675377478700813,HEAVY RAINFALL
27.88872995336753,74.89660133387271,27.760429198736254,36.048165282410416,40.31445445005612,HEAVY RAINFALL
24.735353700799845,89.82208446101276,29.125724365080536,15.82565080385842,21.40330625743813,MODERATE RAINFALL
8.29735921826012,57.66056910434733,21.449026281785482,40.66245386009826,15.454699912722043,NORMAL RAINFALL
39.28735520421044,76.69560706454116,22.41582476010911,12.652980114726223,19.699122343915484,HEAVY RAINFALL
24.168198546944335,77.47816551641846,22.222446911741578,18.032635230357066,12.730211037648806,MODERATE RAINFALL
22.48231684860262,69.54978731418105,28.370402073361852,35.93675805723758,29.12874106361881,MODERATE RAINFALL
3.6251519853844605,59.06375574314906,29.497310827761133,14.21831987675889,32.56801447511078,NORMAL RAINFALL
36.111024752576284,93.97273597803812,32.225915268847544,16.334567550603936,26.223278156388883,HEAVY RAINFALL
7.778560932137481,70.0422938640413,33.547751107698424,32.03463840091088,17.638109295091216,NORMAL RAINFALL
32.72726754833661,95.33409458132772,24.334146423823455,18.19721016042091,35.62478810385946,HEAVY RAINFALL
44.725163109814055,83.81500519977307,31.605425620522503,33.76731090156776,30.84364981249093,HEAVY RAINFALL
28.95163368537957,82.77906729153997,25.927689128509453,17.558608142911737,16.316895104191996,MODERATE RAINFALL
9.914460758226456,64.21028443198271,33.267355745480856,22.909649597527274,10.194437094024925,NORMAL RAINFALL
7.566094424739362,58.31809862493768,31.821997441602367,6.349052837719449,34.68936241633955,NORMAL RAINFALL
45.93159046490058,92.99833311618015,20.528464893005857,16.480867994464106,34.48384220012587,HEAVY RAINFALL
7.207697278622941,71.19895444536856,22.271460969238305,37.7478374376324,34.69940161789448,NORMAL RAINFALL
44.49740458016156,62.11818412699452,26.127427671936854,19.666920294350938,30.43633149848398,HEAVY RAINFALL
13.064161079580877,74.10054452162686,23.988991055887016,34.18707027810376,20.201758336500315,MODERATE RAINFALL
29.370613233404363,68.30711955219995,31.320734195271008,22.167671016386866,37.580102672656835,HEAVY RAINFALL
20.231252702376807,95.72659732049729,33.78215710944208,21.852239072962536,12.679727971669895,MODERATE RAINFALL
21.002983880489076,77.68077090384375,33.52775414488326,37.126323301993324,36.05666508681964,MODERATE RAINFALL
7.6119194031887165,65.7501380983273,28.97650650686226,39.58702863724619,24.954333544099406,NORMAL RAINFALL
5.642435246162514,91.37336789953785,31.916324673186903,14.257709604551122,34.34025736312609,MODERATE RAINFALL
15.003521477524615,93.92816698606437,22.06288118388246,20.811320088384175,42.58859683552923,MODERATE RAINFALL
12.212090379883934,74.39850357949048,24.894191093941085,3.146818204526357,2.396559922698351,NORMAL RAINFALL
27.610391308127948,65.1384571761276,33.92335491733608,18.121244956964006,1.2684395487667528,MODERATE RAINFALL
51.195424761247416,91.08458036729905,29.099449580118545,36.02936741173357,6.191981447664225,HEAVY RAINFALL
15.77836685222975,90.67974807557137,29.74500784006377,7.968085748182007,31.74912788800862,MODERATE RAINFALL
24.673081069023564,55.22580152714157,21.109160797790096,13.004728922792921,37.57333946770714,MODERATE RAINFALL
30.18423349941095,86.27109576897206,27.38880108241414,6.781034993942252,12.964571011765374,MODERATE RAINFALL
16.5633157022421,57.0532262046106,25.877557612548202,36.13766167149584,20.57011274864019,NORMAL RAINFALL
6.097184240950825,93.92131608346594,28.35434659946526,2.7067201448534606,23.191907859423274,MODERATE RAINFALL
13.306597393154632,61.17380413058918,26.009344503446673,28.436812059365877,10.82539074629446,NORMAL RAINFALL
22.91121773646969,83.56796597490639,21.198595369821664,43.91014311094553,3.0455695308980717,MODERATE RAINFALL
28.93326949271938,76.81509095293083,33.836640798350544,25.828533953982404,17.570417965202886,MODERATE RAINFALL
25.857429298716728,82.3338440331511,33.734551915721845,12.906961225976147,0.7309003999026431,MODERATE RAINFALL
43.36860089537334,69.82650720602582,30.261174300308983,29.015049386453228,34.71756183494366,HEAVY RAINFALL
40.43528416467712,69.29830015999535,20.620699636132915,25.478591043930734,36.607898950023966,HEAVY RAINFALL
9.629901987843963,88.5031315195661,26.50472059645853,31.90173783583075,28.428113149125203,MODERATE RAINFALL
44.63237250161835,57.71332309238566,30.866665595847905,21.68022183023619,13.204915702876406,HEAVY RAINFALL
2.4093451612517702,63.5772028497531,20.586683187025347,42.13495213786708,23.192261516452444,NORMAL RAINFALL
54.40174862628679,78.35031999913,23.546392712836642,34.39150950921119,8.59965438302599,HEAVY RAINFALL
19.633579681944987,88.57618738007227,32.1211758790928,16.272761514397814,5.601375370997253,MODERATE RAINFALL
20.241054587307016,93.2479202315281,30.4063078772747,40.46941228306729,17.399014571731147,MODERATE RAINFALL
53.554797137342,76.33673874109198,26.96532749491078,41.74535006495943,23.36741340907239,HEAVY RAINFALL
44.06314480709756,86.26449694673333,21.10497808477655,27.90549184969977,37.0053575792949,HEAVY RAINFALL
30.001091853955035,68.81209141322755,21.120964755049933,30.419526522699876,13.79231352408386,MODERATE RAINFALL
33.14418952518299,73.32299113397096,29.65670731823681,17.11652030219566,1.9059823282558286,MODERATE RAINFALL
47.85204462810157,70.16005034326474,33.974108368822684,13.805880483218877,44.10122756374256,HEAVY RAINFALL
52.13474082316974,58.226770094490846,28.925175530366175,17.62237861799224,36.04931890029765,HEAVY RAINFALL
37.367583429807944,95.96994404002314,21.998912557075695,28.125634842796778,35.159038638455996,HEAVY RAINFALL
1.9139431189198115,57.891034611670676,30.899215229096114,17.752124343607388,17.228448075994997,NORMAL RAINFALL
31.198455294826573,81.01907764075577,29.50686879678753,42.79941175841893,16.740602031180767,HEAVY RAINFALL
41.96964594892187,79.67863646835751,27.412438341508057,19.115463975955347,29.23023315177142,HEAVY RAINFALL
13.728640920136886,59.878290341155775,30.299448032711986,23.458890291028073,17.414432101766856,NORMAL RAINFALL
30.89199909178059,66.25639709326232,23.644056795958647,21.189743833441497,44.83643004696423,HEAVY RAINFALL
15.706728273398689,94.4085931103009,26.87680273355914,7.273409141870747,38.37718306729452,MODERATE RAINFALL
24.862347688496854,93.64319832380791,26.23155669839437,5.775001867503436,30.686816711278674,HEAVY RAINFALL
46.50366704360847,68.74227420029871,24.863954126339905,4.7923803675910595,24.397711255150305,HEAVY RAINFALL
49.02324252946389,91.6085681823844,29.96532745610098,41.87495163909664,28.696501015380733,HEAVY RAINFALL
43.65330111147515,76.87649704249493,21.699074371098398,10.642155960640487,6.249459241726458,HEAVY RAINFALL
43.4705183444262,56.130213152755424,27.756300121634332,17.863180116552492,36.16477768298639,HEAVY RAINFALL
30.34058136595351,81.3137795926824,21.207016743127056,15.299500853723872,44.98177697704741,HEAVY RAINFALL
39.53783129398957,77.60491315770291,30.76830370524577,37.4035941788608,3.318782081005756,HEAVY RAINFALL
53.480885233257126,82.62055934361439,26.299642939281945,31.24468659793198,15.503165131621486,HEAVY RAINFALL
48.28780834077265,88.55130594004726,28.957115011133283,9.824414871741906,43.48190762703481,HEAVY RAINFALL
23.794005756508618,94.16062765071615,20.775779900248878,7.338928187477524,6.885696006459028,MODERATE RAINFALL
9.056139393956826,68.8744122996459,29.930649855409442,16.878992540700544,42.34068247191906,MODERATE RAINFALL
49.220925425161845,91.37514936470222,23.508474325747986,29.307454929673074,24.787863696741287,HEAVY RAINFALL
6.884366231979648,68.02145806268167,27.468692416757328,23.610645223874297,7.588615578646807,NORMAL RAINFALL
51.78838433277277,61.63035347582122,29.22226022737256,32.98720904280274,27.231250853783493,HEAVY RAINFALL
46.33915022623639,79.23557548054572,31.553307742572848,3.2200599796517375,2.0457811481103887,HEAVY RAINFALL
35.279955360339805,79.8011629535273,29.115819684798396,34.979237039401376,18.74640526484608,HEAVY RAINFALL
35.14451557148787,76.415636585853,28.780296144173178,14.455881242469049,43.049257647948224,HEAVY RAINFALL
26.56196499964807,89.60159063127652,29.58987177673947,14.789656471478919,3.2837861477405603,MODERATE RAINFALL
3.295216811406794,73.90303649657767,26.77951582150303,10.772989583226144,27.299711826928636,NORMAL RAINFALL
17.192037458581318,85.88960405983481,30.278796567263655,39.013426727435984,43.89183575616961,HEAVY RAINFALL
7.192138335381256,70.93322851616253,27.86311702047717,15.721983115335762,20.99126551682864,NORMAL RAINFALL
14.710942094980032,65.66051194859847,21.355363135848002,14.479116213705765,17.28674250757227,NORMAL RAINFALL
33.84575942901828,65.67562205639102,32.114305024090044,8.867085471596921,14.734611936053772,MODERATE RAINFALL
31.772787084147804,68.44674159707775,30.6836992519408,23.425418308576077,23.1626177654168,MODERATE RAINFALL
27.431783961870977,68.26724072834045,20.324468175028915,42.6450105749772,22.74500083606972,MODERATE RAINFALL
53.16776468038615,64.25121016862838,24.940531243988975,4.173237398999351,22.270239158632936,HEAVY RAINFALL
48.52867120025106,83.13318158625353,26.58821594715474,25.077702219423863,38.122756442706056,HEAVY RAINFALL
23.70102731411473,92.94559642949949,30.185112887031487,34.84584085896555,16.467180863290334,MODERATE RAINFALL
22.031989155811612,79.52211068688426,22.725174226428067,25.788585844709523,3.3089287384278823,MODERATE RAINFALL
27.73405410177626,87.8693769324113,23.91608948673575,44.53090012669107,30.617938805348732,HEAVY RAINFALL
6.534606084797424,96.92856106279271,25.5146519782005,36.18058082038067,15.258838497865439,MODERATE RAINFALL
51.642171182545646,87.46350240859013,22.7868103417343,23.89226819768283,22.503505660678975,HEAVY RAINFALL
2.49168438568911,60.89256406340338,24.66256987493874,22.37099846699317,20.564485167729327,NORMAL RAINFALL
33.34432873220923,77.16674648233192,24.591521866911368,28.361929205781156,7.312592064462272,MODERATE RAINFALL
54.48386556586271,86.79073250466497,24.189280795396456,16.46405844252217,37.27302236808192,HEAVY RAINFALL
29.2786906431732,85.47581167672382,24.19706790632379,37.07719982948444,16.576101443959633,HEAVY RAINFALL
37.05935158601591,97.13561534070396,28.171829985883008,36.260456998996325,32.639589564833486,HEAVY RAINFALL
37.84240081615244,56.14582766344483,26.644262997190847,43.58403993539819,35.230679614413965,HEAVY RAINFALL
42.688911384463964,79.83827902215987,30.099601572148295,27.091500913048517,7.673042778599671,HEAVY RAINFALL
34.596388262995,81.64863963654685,31.776339749415698,8.354355456914268,30.632710277280548,HEAVY RAINFALL
1.7363782338154654,95.77282234372495,21.538537298671756,2.8143068027843405,14.116161755063484,NORMAL RAINFALL
8.328719196563998,84.69151121949659,25.74528373051787,35.323808977704914,41.42344274537448,MODERATE RAINFALL
48.00497399017762,86.6410026645533,20.871938004202047,7.937546888764039,9.330376723706012,HEAVY RAINFALL
17.877724393433013,83.47575238771701,27.356680119600497,15.491361745726136,7.793209073579749,MODERATE RAINFALL
50.16682885082057,69.72006176031938,24.96001784102738,35.19556071839585,32.44160525972817,HEAVY RAINFALL
35.38200049997038,84.8124723312823,28.541072121102523,10.267359272878677,11.093361098731217,HEAVY RAINFALL
30.69476579440723,64.66928263369113,33.62074878626797,14.797426306907038,13.005186183158623,MODERATE RAINFALL
11.400278717005214,85.31449516882846,24.438570430258274,16.998536490656182,42.016516864686025,MODERATE RAINFALL
43.74729458012835,66.75867408048319,21.70623748025801,31.094756568649466,17.086238341847213,HEAVY RAINFALL
53.90882955267492,90.19023078561418,33.36452408748046,36.598480860132526,13.0703693396821,HEAVY RAINFALL
15.819668788777696,85.708075362431,24.849089197338632,21.02217281018792,11.539978896306694,MODERATE RAINFALL
26.349359465906574,63.68892430962565,27.54009093192114,42.120029152682235,31.32770852910702,MODERATE RAINFALL
7.550012514050762,81.47411247982316,28.215626979991413,12.425695651642332,30.14252842018968,MODERATE RAINFALL
29.207281935303957,82.43161665657142,20.73487549575248,19.77195874007512,32.281112531260966,HEAVY RAINFALL
5.529969762754135,88.14294049822601,20.07254024969982,25.665160328523516,41.809485607649,MODERATE RAINFALL
22.37990983507859,95.20638023963451,32.297594701199195,22.53028637895855,8.975518860042076,MODERATE RAINFALL
53.01527213900147,68.81021119112417,29.042570850463775,41.041289225631765,4.025732423018234,HEAVY RAINFALL
31.57733442464553,78.011547906425,30.123647495393925,42.27678332927692,41.09533765514336,HEAVY RAINFALL
9.62856265145297,92.93653384608783,22.461041905544075,41.54429690959016,44.87273113898295,MODERATE RAINFALL
21.83470158530648,76.30150758483559,33.11252242688868,43.37164934358373,41.67178640533994,MODERATE RAINFALL
48.22087423548579,55.39848824464429,27.951466161302935,6.613929703262134,44.23472497669529,HEAVY RAINFALL
15.650890879252545,97.5312772138151,27.606206769797648,23.238234074698223,42.235222578339254,HEAVY RAINFALL
46.808285621789814,75.12489306727048,22.699359575833338,6.843810723866643,7.312241814288239,HEAVY RAINFALL
25.240295906779863,66.06238984986932,22.60678696779295,33.674569506167046,35.5845448991365,MODERATE RAINFALL
31.227967233151663,87.56315826107513,22.456928793738506,38.814299683758684,40.36692428027888,HEAVY RAINFALL
45.48444039019703,77.15706833527122,21.214328777876982,30.77800169662803,8.3151540471303,HEAVY RAINFALL
7.733653159886415,68.91487181365856,23.47265917134003,13.213766913814085,10.598456376069025,NORMAL RAINFALL
41.45661584798014,96.02349737416124,24.227241755682606,33.08394872124289,0.5146080387375596,HEAVY RAINFALL
35.95258518886093,84.78904938817777,20.869740645207507,7.0836684555708205,13.80628539016289,HEAVY RAINFALL
22.29791371326185,76.60838026325075,32.53165717742756,32.252952509397005,13.994007677309714,MODERATE RAINFALL
6.4578660214626975,94.39360659157731,24.130526402187456,28.428894270185506,9.860787042090477,NORMAL RAINFALL
7.346283020824227,61.586979281634704,30.46828772011199,28.046774767829984,18.71305269440511,NORMAL RAINFALL
30.207897985010064,75.2456073058104,27.52524762770481,30.556060891605544,9.828523019579668,MODERATE RAINFALL
13.610598611971776,87.45380063816921,32.223890818828266,5.5204231783508195,20.10365898734175,MODERATE RAINFALL
38.70713688357299,58.35841705233993,27.898362111828646,4.655596044937403,24.644216191991916,MODERATE RAINFALL
27.80178808509277,79.62617199179817,22.0979333393538,16.109058422914877,23.415369353315416,MODERATE RAINFALL
6.3932012201565325,63.83226387819255,28.164067498174248,5.910490711422577,22.966890931477554,NORMAL RAINFALL
44.478064574748046,74.49758890773063,27.18546980482298,21.64233445561067,2.5981551419636144,HEAVY RAINFALL
25.430806815640803,89.69736015983888,30.125921117550032,19.025794527990072,36.74039516699087,HEAVY RAINFALL
41.01924655574986,79.86738439753853,20.6340572381896,16.814741262171786,2.8691960450437444,HEAVY RAINFALL
54.67680132623061,95.1870603520527,20.966268046244394,42.15234919115202,1.4280691960385568,HEAVY RAINFALL
22.487681470058654,88.06579869108975,30.721587560931965,44.06833125173634,29.064636814372356,HEAVY RAINFALL
23.119906638528033,97.6928337389778,25.35471466391921,39.39367226836046,40.80452901860576,HEAVY RAINFALL
20.660504359109318,84.35740522636628,29.265095533756554,25.18991134851099,29.40903442884159,MODERATE RAINFALL
19.127343792653264,62.674366047176804,27.52161880957202,24.7402292003924,32.753616340775764,MODERATE RAINFALL
12.247961878144656,55.149351682631035,20.318294582507534,14.82960851422822,30.307493599945516,NORMAL RAINFALL
29.944493646376145,77.87314516536063,31.52704612326098,12.64301765566235,15.577188074443203,MODERATE RAINFALL
15.160735028732002,95.30864552880787,30.150335242724857,6.852319466958525,36.42651825926375,MODERATE RAINFALL
23.058232917046364,87.94029910309784,32.372592705835245,2.6727692436326316,9.273672983259637,MODERATE RAINFALL
5.549319220087886,56.44377985743407,28.36898855424174,32.24130947519193,2.1904344559687097,NORMAL RAINFALL
40.72975931639239,72.29741008486897,23.280749898825864,11.342576037634796,38.86786092015254,HEAVY RAINFALL
3.1044219263453514,76.66752150446018,24.049688318954864,37.07880904082263,32.91828674022082,NORMAL RAINFALL
17.53970330030556,80.71045999392229,29.41544662011679,15.788599961898274,13.579399581489147,MODERATE RAINFALL
7.879323878983077,83.38913422386196,23.094598366244455,14.921541011569042,2.7430936698042974,NORMAL RAINFALL
52.168614026469676,92.82769731144697,32.76208731868762,28.91770491887819,19.224026203254457,HEAVY RAINFALL
27.25914331211615,96.8084801197785,33.182209737646765,30.86772856406606,35.36120681912331,HEAVY RAINFALL
17.530395152397173,72.90195923712213,22.08904650955229,18.18778810580668,33.94872437571564,MODERATE RAINFALL
26.043535122672097,91.52166008718174,24.210309863132068,32.425802291982805,36.25992719706991,HEAVY RAINFALL
50.3107645598748,79.1825958322371,33.549006639652774,25.963330602568742,6.034173797658512,HEAVY RAINFALL
13.357218384927217,63.74347952158234,29.053881921671227,41.65572249398256,38.121002366382534,MODERATE RAINFALL
5.0855198089775016,86.15714262920969,22.666742658030337,13.54384827776419,30.31523642855603,MODERATE RAINFALL
33.160712474399176,92.56567971505021,22.634286115058575,34.75294595410003,32.59373579334671,HEAVY RAINFALL
30.736776194988998,75.61395087824934,32.17263392134353,16.317465365209316,43.06588922370029,HEAVY RAINFALL
0.8433538425671061,95.29786981769665,33.469085785602424,7.044596576063383,44.980740315801526,MODERATE RAINFALL
26.34064819883012,65.43150681936689,28.461621477102938,10.794065148049429,41.18069068171004,MODERATE RAINFALL
30.364361090129798,88.34709692874212,25.329264421220916,24.946955478899312,16.166679999820907,HEAVY RAINFALL
14.385889506194394,77.05111122102227,26.961882103413767,6.240153957315642,44.15933055809595,MODERATE RAINFALL
25.821973211240714,91.10844080723845,32.80062698456484,17.94031162154411,18.626857676038107,HEAVY RAINFALL
30.93886001053949,64.51478622759768,22.04291798343568,13.213286726120092,42.064121263335906,HEAVY RAINFALL
31.852860932057027,72.95585716287246,22.133759742578007,16.184207297047976,17.092789863351936,MODERATE RAINFALL
45.834949340784185,76.46996374188086,29.16451152569431,31.448404330873966,11.579704093569724,HEAVY RAINFALL
45.1875566830796,96.55985549176478,28.9837223615819,23.095610050973644,7.570514067819345,HEAVY RAINFALL
43.72365328944988,62.27842556698781,30.08438943066931,22.99760181392769,41.2604725362465,HEAVY RAINFALL
29.81752704432453,82.59780691684176,20.822248722130222,3.4544215580816937,38.10138224322251,HEAVY RAINFALL
51.9853461160494,83.73326836590557,30.70074381000827,19.732865563870487,37.91451225714068,HEAVY RAINFALL
12.728836564259502,85.40829123924877,20.127980463669264,23.7465155468018,16.794031170906536,MODERATE RAINFALL
33.980937973224165,83.67045337079361,28.631271055180733,22.77777860573848,21.953447280138207,HEAVY RAINFALL
0.3636796345687393,78.72067311918404,20.165913553790496,24.764958814190976,12.36333317390244,NORMAL RAINFALL
53.76136415278815,55.73713169690437,31.38420109279474,30.983416941126045,36.2775464526343,HEAVY RAINFALL
50.03753512993214,59.60170643386319,21.348394463519718,8.402591886830773,8.636942564622593,HEAVY RAINFALL
28.95507919701189,90.05421880067115,23.7425463134729,19.066546167417073,16.7873212558657,HEAVY RAINFALL
22.33150754306373,79.29509384526267,33.863262442956184,11.711861862979154,30.781873146167346,MODERATE RAINFALL
46.63269061173446,83.11063594104358,32.01506822629662,34.662191557604324,4.207522744219924,HEAVY RAINFALL
20.859521223189876,78.7661618997769,20.78560914780552,2.4063574241276164,7.712260884947144,MODERATE RAINFALL
27.49221162120356,73.65811503478147,30.98126835106156,26.331835001894504,38.60821410136512,HEAVY RAINFALL
5.244900950890154,77.71084498259086,20.595724606638633,11.090933403035528,39.06526007617225,NORMAL RAINFALL
48.81548688689715,75.44651236874675,20.651867590384406,5.196966576802996,41.65131645364154,HEAVY RAINFALL
49.46214079757547,79.23092415406329,20.460624922148607,41.93695353395035,14.151811195199294,HEAVY RAINFALL
52.88080544318032,80.242552475633,30.53156257785611,32.64659019782247,17.92332091778049,HEAVY RAINFALL
4.2315620292740235,61.98536078073235,23.366610720260013,37.88997408394533,17.512047331531146,NORMAL RAINFALL
49.30891718514959,69.26438310373862,30.578529703292492,8.017875552113484,44.48150810613464,HEAVY RAINFALL
39.828996355187314,76.53409262042219,33.64052658410395,4.3089465737379244,19.66897137795746,HEAVY RAINFALL
46.12710616872462,69.64548809842955,30.766079147116194,43.05891106733063,17.85163721890318,HEAVY RAINFALL
42.54552038722274,56.2739033346421,23.826578400803164,44.68119277338429,22.077155524985695,HEAVY RAINFALL
19.569615873821636,95.46914233374119,26.045871247353624,31.226878897790833,29.730235838169396,HEAVY RAINFALL
4.713176470020465,81.60048328117517,31.172772433238453,32.66366690517059,3.691710435291685,NORMAL RAINFALL
8.482153012603513,85.60211765548053,28.874612347482714,33.80517742599357,14.250520290669128,NORMAL RAINFALL
5.860300474119362,55.22339456191129,24.315744371908174,17.476452385916552,12.139489945772391,NORMAL RAINFALL
7.2878852471809665,63.05784669169872,26.283811478300322,25.853820026181314,18.36198787874119,NORMAL RAINFALL
1.444404720731346,70.21831435584613,21.302899646438238,27.71588330515373,14.59936487575857,NORMAL RAINFALL
21.188085456779103,67.5494361057418,25.42919383129751,5.642079227926468,40.55112201853949,MODERATE RAINFALL
49.78641658723474,97.06144175259715,28.007446030493554,9.292065705869996,17.13294105699344,HEAVY RAINFALL
7.636203242767921,67.94864441112796,26.903735190950986,4.720487461909039,19.560432116823524,NORMAL RAINFALL
23.16062868748884,75.82194649915893,21.0768990595322,12.823088724922822,11.096553075615132,MODERATE RAINFALL
34.376852827289206,80.53367511568038,22.737675148323646,6.599811805978787,13.709609808806563,HEAVY RAINFALL
52.185290431701084,69.28534025839996,28.682690630245652,36.57528786416744,14.82937723256671,HEAVY RAINFALL
18.410492306082634,90.06544521012913,32.03311853941169,43.89169118969809,6.125601221021916,MODERATE RAINFALL
17.636583545629822,95.73299364669299,22.811920841829004,15.50988109140398,43.40585803926572,HEAVY RAINFALL
53.27988719606825,67.5322705179423,29.72940874740954,23.1133144543604,25.914567673123226,HEAVY RAINFALL
13.33333632293152,71.17037799993832,31.430923216060783,18.896210578796776,5.124952062539915,NORMAL RAINFALL
31.011777974583225,80.46576247276657,27.63880719631151,31.31364322459377,24.754462064886276,HEAVY RAINFALL
52.41525363174628,74.84975558182538,29.91713871758489,20.85356303528307,13.10990435933829,HEAVY RAINFALL
38.10594036283885,90.21551942419171,31.13919570394336,19.593088380530762,22.468644688003213,HEAVY RAINFALL
34.8334821809515,65.40691020984436,29.221281559452454,32.755164825875326,35.50845434490283,HEAVY RAINFALL
4.068082457025865,97.60012642078962,26.709285796816765,19.234619185163066,22.797568936327906,MODERATE RAINFALL
50.62157014630627,84.74348123361862,27.61103284742469,36.000999433118146,16.178827185731695,HEAVY RAINFALL
49.25258334484945,78.08695739905727,28.934525138151777,5.654223164192473,34.60293215640182,HEAVY RAINFALL
36.16809045194211,70.26537923628506,29.05799787176766,3.9047578216975327,44.262369267839226,HEAVY RAINFALL
37.26095427253021,72.18356308767854,30.53755888821448,43.52582144169462,19.370499475058203,HEAVY RAINFALL
0.5801275031518982,66.12574992735719,27.149467367350624,24.30830397452203,26.123323298580186,NORMAL RAINFALL
31.637946904873438,74.16847771471099,25.47587836148504,35.21071599588458,26.486548044306627,HEAVY RAINFALL
27.5256179890854,69.83359766677928,20.34387714236077,6.495622394260653,18.718894283657065,MODERATE RAINFALL
52.89503261239837,59.990981532235914,33.1694662140467,8.092032603756577,14.035065475389365,HEAVY RAINFALL
25.04329493742324,63.89529502695753,26.760963982911438,22.47498884199403,19.717467222286217,MODERATE RAINFALL
38.32197960380164,68.71310739136112,24.203697164547165,36.83799528750402,5.178837001445367,MODERATE RAINFALL
46.70490044258003,82.86270644294169,29.479950660472376,9.067225992580239,44.27552117647251,HEAVY RAINFALL
13.415212060359599,62.50148901143776,22.24189995701503,26.073504957064113,43.130817978027736,MODERATE RAINFALL
12.75205510762757,72.41703976005087,22.582324852119513,29.54059169638336,19.446050359317713,NORMAL RAINFALL
1.6055750888314817,81.40659830699255,22.76254210095145,27.46473580949584,17.49761011600682,NORMAL RAINFALL
38.760458877785396,63.84873261279484,30.532556935046884,36.77538091114421,2.8153688161123966,MODERATE RAINFALL
5.596362679992831,92.49511119042506,22.617437698849308,16.017351198749196,20.589768999278345,MODERATE RAINFALL
14.42943674987985,92.09337154066421,27.388010274788957,29.481669183644474,26.86368731773471,MODERATE RAINFALL
33.6219631626451,80.24120272630438,24.87094492411456,38.357265514791045,27.781320570139123,HEAVY RAINFALL
44.75560398435136,85.35749952067714,24.164227685790927,28.422834175655538,3.8138385880362513,HEAVY RAINFALL
7.367127330789086,60.06805106445124,24.275320035496986,9.87091428825379,31.204644377240047,NORMAL RAINFALL
28.09536782179385,72.98428156708412,21.930142179483806,18.49952840202054,8.358916468174455,MODERATE RAINFALL
34.95259031322494,84.81761584076227,29.033641331119306,44.995680760212956,24.971065912462382,HEAVY RAINFALL
26.930311440571487,61.03275100920527,24.40412020525182,21.393041742106,2.412506818387657,MODERATE RAINFALL
19.747154469425286,55.41208790122109,21.91148600527494,37.05428544811606,43.372309023672294,MODERATE RAINFALL
27.79909108518687,76.28370345825536,29.58575338783981,19.872108716786812,37.795131094555025,HEAVY RAINFALL
26.87847315668271,58.554836908818075,20.43204987900207,34.72543459745324,13.144045930141798,MODERATE RAINFALL
15.116910505044368,78.11717058280723,22.354925684112033,21.66481965275831,33.41332133684042,MODERATE RAINFALL
42.12557552190299,78.6382259351362,21.584953934088325,6.910886008435658,34.880086253879796,HEAVY RAINFALL
45.280554439866165,70.7750562005331,31.51655298914766,3.789252457620033,32.35411085085195,HEAVY RAINFALL
30.04943010970805,97.56035629869737,21.433830144284975,37.693040811329205,33.810547263465246,HEAVY RAINFALL
16.37399143065915,97.97044477899303,26.29625279962579,16.988810003359493,36.752786330239736,HEAVY RAINFALL
24.14884468608331,97.74018042570054,30.85884309833083,12.188680380767293,36.48162225777346,HEAVY RAINFALL
32.335814333724585,70.07712616790155,29.95055543291319,29.209137129866953,7.469172796061664,MODERATE RAINFALL
7.657923125972685,63.88464521603125,22.897198090524725,4.552386846491668,15.786696552877393,NORMAL RAINFALL
15.45967603346089,78.16704748004844,24.531150621965544,32.27431175547311,13.019995955922463,MODERATE RAINFALL
14.703868645294408,91.89472433268908,33.79683623166512,31.209870584702333,4.285132371645425,MODERATE RAINFALL
52.95245972465856,88.78471507652579,32.86276196561755,44.676907702720996,39.01714156952003,HEAVY RAINFALL
6.978849273759564,92.24138818461975,23.495481387133957,32.58997850008427,37.28168112143847,MODERATE RAINFALL
41.88104731139213,84.07808580909767,26.85242216281893,26.829297760078944,12.092271843936867,HEAVY RAINFALL
22.782379915077072,74.43564406966567,28.87078868690417,39.84537849621491,4.189265281917783,MODERATE RAINFALL
28.358740964823447,66.9637045776267,33.10870559724005,17.870060485243144,42.761433548942215,HEAVY RAINFALL
18.000910408851166,55.106342661105344,30.837894066127706,33.50713314119794,32.89193718691738,MODERATE RAINFALL
25.214709117384473,83.55818429576922,25.01511821077382,4.723219500587511,24.049100897440418,MODERATE RAINFALL
11.980646425836323,73.47465332946516,22.965920529708335,13.547084047520169,37.27546276719636,MODERATE RAINFALL
18.576533534393306,79.85114653122092,27.925989552839965,22.869529872365717,15.468282924867864,MODERATE RAINFALL
37.54035593512633,57.08159822952409,21.394046386826883,35.707259759144435,20.68117932031051,MODERATE RAINFALL
6.833044857671915,91.8790187969304,26.178003284269973,2.029065055020481,43.111429618678756,MODERATE RAINFALL
11.127501351856985,84.60945092219495,21.84678322337619,29.949879571648065,7.153985830761872,NORMAL RAINFALL
51.29990594992583,66.78283669809713,29.164231501863117,12.76673897761168,16.73296954410446,HEAVY RAINFALL
49.70901478596119,62.11757840385178,25.548781937051267,15.13689752830192,31.47486171860581,HEAVY RAINFALL
12.87791128164307,83.185864820492,29.85177255669662,2.0467110587441186,21.456301871741132,MODERATE RAINFALL
7.298488562199264,64.72620704275445,29.519758151702106,2.399338747163787,31.30186982796219,NORMAL RAINFALL
44.94099648023141,97.4906611069637,25.91239507285084,7.683531496980116,3.1872737430230447,HEAVY RAINFALL
21.068845912167497,86.42282541585075,21.433980386293094,15.474113529958966,39.64450477411218,HEAVY RAINFALL
7.542111210895009,88.25880079697683,30.54420921387495,7.725287941007123,44.682306986087326,MODERATE RAINFALL
7.856918675919162,77.81185589150728,20.118646387342135,29.950869165785697,19.804473935093334,NORMAL RAINFALL
39.73376145003773,82.00744164865881,22.119237831819934,19.703525457466156,30.895477644408295,HEAVY RAINFALL
47.29793885311825,58.727585439037504,21.40651157468694,34.35516280156195,26.530826299268092,HEAVY RAINFALL
21.12175501387164,96.41969455379035,24.40305135455037,8.012698118797049,12.463544562518042,MODERATE RAINFALL
4.633679379889267,78.7960551667434,28.40011014116194,28.1265032533675,35.0536343630967,NORMAL RAINFALL
37.97618412580596,91.45936049091824,29.217675181192014,14.970921343819539,23.298710750875685,HEAVY RAINFALL
28.02374113630919,87.15727656219373,24.137588717388933,4.346472633655877,40.40606521606453,HEAVY RAINFALL
52.5069331240934,76.28017195756047,21.57841127645332,23.482049274724275,26.72683956619754,HEAVY RAINFALL
29.05575755149013,97.04096875726343,33.81635545980465,42.15874927199128,5.939229632971592,HEAVY RAINFALL
47.34477021652111,79.44035671723732,25.11577447987338,31.366508107104327,34.32266720530136,HEAVY RAINFALL
52.49491411674875,88.1257831166584,20.233651624791985,4.903900478728989,11.798337472293019,HEAVY RAINFALL
2.190477406545437,57.60016096229285,31.05005998590328,23.78425598382186,28.28568132272592,NORMAL RAINFALL
27.557693102889132,72.86357575814228,29.825348940729228,5.544395912759773,24.145416723150692,MODERATE RAINFALL
33.88258806167114,66.93111263658608,24.338696398632987,23.98610202669925,9.143887228102251,MODERATE RAINFALL
44.443304453385934,78.06477743424671,25.470241041556896,29.274652636190037,37.553691113313874,HEAVY RAINFALL
37.45806265900657,57.842948595712244,29.78146234247688,33.38821022955628,38.09106518133493,HEAVY RAINFALL
3.1848269212721734,58.70715033083404,26.082770240484265,21.494989218777135,27.39745819923496,NORMAL RAINFALL
17.01095351304394,86.89282088947483,30.369214523278494,7.13604929703916,31.855527320314426,MODERATE RAINFALL
38.58247861731263,62.044803130222526,33.34222682456577,24.489230597321555,35.234419569468564,HEAVY RAINFALL
39.64210349514025,62.17940703027237,21.777028504735746,35.58833113729047,12.094401888416055,HEAVY RAINFALL
48.75281178573608,88.17150249105386,20.410987516419247,36.7056374062669,12.23912677596092,HEAVY RAINFALL
3.5129594017731436,85.6298996726213,28.073123445998576,5.31401134531457,20.483899995574237,NORMAL RAINFALL
19.80681425369643,76.48323024773948,27.9364057953383,17.810574447842903,11.480223646758516,MODERATE RAINFALL
5.659770326202828,79.67822912325843,30.118897226562133,11.821390195589794,22.897119820979107,NORMAL RAINFALL
2.4220848994545245,92.10592528081229,23.42372030499385,22.28587735184274,17.23407634653296,NORMAL RAINFALL
8.254656753263255,95.03988331775898,32.00479276847162,25.773185905322173,41.12764512845081,MODERATE RAINFALL
40.736620545861726,73.03288008760033,24.50522820260886,19.89903373555656,32.412956464268866,HEAVY RAINFALL
14.919187690539918,58.34914400857721,25.219314334330058,23.58776053006206,40.58734541662221,MODERATE RAINFALL
9.863939264976812,89.58653483672654,33.739794095180926,43.025414520798385,3.1016896997735293,NORMAL RAINFALL
25.580179785428736,67.1391954366988,31.82785105965859,16.073939634223112,24.88911278958304,MODERATE RAINFALL
0.4383045456600537,63.6288595984771,27.893294371538616,15.068100212527568,28.022288575144707,NORMAL RAINFALL
25.51596798192746,80.4427102043471,26.907049461968388,35.22237030687255,8.794009074277056,MODERATE RAINFALL
49.52438134745328,87.70073547383295,23.43177624127216,2.2742489583275747,18.451624930470896,HEAVY RAINFALL
12.814875802285863,69.89621900279447,31.754036096546436,39.71954041281772,42.79456179645495,MODERATE RAINFALL
0.08041222945677606,83.2640655575679,31.886083828904905,33.27024667876182,4.677705870820184,NORMAL RAINFALL
29.139796898300688,65.24120656439723,26.888404275898566,4.575488253087155,44.86316715483968,HEAVY RAINFALL
39.14088610850565,59.00014544939779,32.89784164160949,40.58336129305275,23.389164832141663,HEAVY RAINFALL
38.546580033427375,71.01715488518548,33.643767062355515,5.650803953209049,4.30096524018235,MODERATE RAINFALL
7.343261763802634,90.25840435145129,21.047626780618284,26.416291316435956,19.57422952957434,MODERATE RAINFALL
53.032005110300744,65.18118459390155,23.65387314493054,15.545383362619607,36.036756989977285,HEAVY RAINFALL
38.539908347684815,86.62017335764182,24.452808069725407,13.69410248879554,3.3609346111115874,HEAVY RAINFALL
11.149194445357853,88.5372902461611,28.185912501257803,8.68265370684328,7.396874131489569,NORMAL RAINFALL
25.633031184016396,72.48003973209619,27.50294368726033,43.479293056759836,9.34363015246591,MODERATE RAINFALL
16.95692450168775,66.39534085733246,21.67878978897551,8.777461213817197,30.872467932773183,MODERATE RAINFALL
45.451267836680735,84.96575327919429,20.56461731352129,37.944764292483406,14.750714649815638,HEAVY RAINFALL
5.016709708524173,65.67340794683398,24.980398577059972,24.07876604128537,30.473251964508233,NORMAL RAINFALL
14.309173599667314,97.59909467754001,20.435149307022634,19.38886573722851,20.34905262304782,MODERATE RAINFALL
41.144314596479006,65.7436630135267,26.468605484267343,36.567560398085554,6.290686767290507,HEAVY RAINFALL
0.6576307743177146,90.70601027146935,33.7559413247707,7.620755214391052,37.06530368347601,NORMAL RAINFALL
20.473185909879874,82.10279458996445,29.025590219919025,27.039923460804715,11.646929355593663,MODERATE RAINFALL
44.70109003874879,55.93740785776035,20.902608504656737,40.807331523131104,19.954409572619497,HEAVY RAINFALL
7.083535194835248,93.91835272634657,31.610986481043852,16.2566453238479,1.9213343590693865,NORMAL RAINFALL
25.35472071010674,62.22353597534943,28.034378797294117,37.3324722658882,17.774940969986375,MODERATE RAINFALL
1.6215261150160316,84.37815542032236,22.41930096563105,11.232792556711146,8.421800117002276,NORMAL RAINFALL
15.392000485439809,92.98722335242593,20.48509221224108,28.62459160037352,11.060315066036045,MODERATE RAINFALL
16.230783964984404,72.7156648707351,27.709641312855727,4.622099964112239,12.58991943475371,NORMAL RAINFALL
7.547980942263564,63.576685686663225,32.38513522714951,24.61000450486953,28.383947497113994,NORMAL RAINFALL
44.11924455241201,89.17838850498042,33.851650620661474,35.62237797435327,16.160044942690426,HEAVY RAINFALL
29.94847933187284,75.84121787394186,32.777478232377135,23.602909988380894,17.477157355618516,MODERATE RAINFALL
9.889873053382807,68.71173539516332,23.066282633023324,40.51788560941549,35.03422265978135,MODERATE RAINFALL
3.2225176652965186,97.63584690751455,27.41205208751604,34.97421324336173,44.98225860651057,MODERATE RAINFALL
53.568892395342615,59.305776504113176,29.19610189926728,13.460661045824372,36.73283227239306,HEAVY RAINFALL
50.44927154137423,57.40407220165534,33.9494886790904,11.43469819988877,38.09272907093099,HEAVY RAINFALL
43.85648780586748,70.25659928630188,31.749111532282733,38.34449880175007,7.9245165410995515,HEAVY RAINFALL
32.5885730049777,89.66703969045369,29.766771890394118,41.301140177526975,1.2692956377221583,HEAVY RAINFALL
38.530844184328004,95.74502560801065,27.89049081496471,26.21368230715279,8.470514920736532,HEAVY RAINFALL
54.34034157225537,92.9099334756037,26.891174134535675,15.289282102502442,22.069638905736564,HEAVY RAINFALL
4.964155726799657,65.00280439757928,23.063325183682082,24.637286108385968,0.030757337272386276,NORMAL RAINFALL
50.484290225635554,63.66296848414207,21.826853638668556,32.82831820570509,41.34513542882427,HEAVY RAINFALL
46.435624754070794,68.91431888610799,20.30678054741001,27.224194528922006,41.275086636650336,HEAVY RAINFALL
42.590157435094056,91.3986781659028,32.04937253228171,43.30402626185759,16.811585103751796,HEAVY RAINFALL
51.80577674074229,72.01060918121573,21.41445038252961,14.975901610195171,6.140325098587052,HEAVY RAINFALL
8.662713730926521,95.7938218771319,31.085795349998204,43.30847031585574,29.213111954016632,MODERATE RAINFALL
9.581146902554186,96.65594454232621,29.709845576095603,41.94034398637329,35.41463066680096,MODERATE RAINFALL
12.278046768935335,80.32485669867346,22.454922819863093,15.193398859812195,30.982429781953073,MODERATE RAINFALL
7.004160059794453,86.33973110524795,33.28303345909803,42.794020873545826,17.62206422749209,MODERATE RAINFALL
54.685572180119685,96.50290943236469,20.453358400979223,27.90271270039176,41.44671973881357,HEAVY RAINFALL
53.214242708876455,64.49849576879151,27.917703445684488,42.277575122832936,6.328951566685577,HEAVY RAINFALL
40.99388304560903,65.23382478142406,33.75331516916499,9.219158920318119,39.83941140278118,HEAVY RAINFALL
4.879930691356949,85.48552996524465,28.947437630668304,40.12610115436634,20.09834703440072,NORMAL RAINFALL
14.58668423095819,65.730257114817,20.949126920899275,13.036291486336737,4.861557054658317,NORMAL RAINFALL
0.07046366220794631,71.59529521199663,30.25618292298276,43.671378479544465,39.80483989142524,NORMAL RAINFALL
27.11950964106162,71.28464071529314,27.64433554749836,6.361428064396229,21.577016267872224,MODERATE RAINFALL
47.52278962577173,82.99169121387952,29.620245659039604,8.994230005185,3.3169225302618384,HEAVY RAINFALL
46.516936621350816,67.6810703639936,24.462036711393203,42.92147165166718,3.3390180794996693,HEAVY RAINFALL
9.355786173315488,71.14468901543984,30.247791193798435,25.522989120325953,40.41558779039881,MODERATE RAINFALL
5.120757695937764,80.54331339424007,28.591026160904512,22.75768181900456,1.3946941823478742,NORMAL RAINFALL
51.83432419560801,62.09487937476231,32.45654578565661,8.755462425223715,4.556601493800104,HEAVY RAINFALL
11.305276219486542,63.16932307630057,29.760753853303,33.047638496754054,32.848830255163044,NORMAL RAINFALL
14.589562314248711,67.1054921581464,23.32567598926144,4.134324050655924,25.72964135359837,NORMAL RAINFALL
46.19199776651081,61.60436718421957,25.051604897181825,20.387056170165682,13.254725203479667,HEAVY RAINFALL
36.41111243054272,80.80926770459206,22.79544721065325,3.106634787462487,7.687448626150038,HEAVY RAINFALL
16.049630632535916,58.52325207265867,31.81276704085711,15.259196205062363,17.88603068286553,NORMAL RAINFALL
26.90032466663615,83.42472235407821,21.27591628570951,25.397419256446256,8.319654924392127,MODERATE RAINFALL
48.70209810122464,70.88427159207363,26.24085379112241,13.321726567364022,20.927608026959273,HEAVY RAINFALL
12.44332541554668,66.54816571073684,20.862951175241392,34.346111110957345,30.03608066105558,MODERATE RAINFALL
4.71390215119544,69.78302962148001,27.58028608408431,43.74033809846376,26.53768990366216,NORMAL RAINFALL
30.448104838684987,91.15427815650077,31.45767300811523,20.001179222181374,24.098148539051834,HEAVY RAINFALL
47.67917075380593,75.41744868924256,32.34315417184672,22.47927808650315,3.5529772398337434,HEAVY RAINFALL
49.652746073653475,85.71514506260547,27.029420584418467,40.719567643278445,36.02026515243085,HEAVY RAINFALL
37.26441870668167,81.67174391702002,21.683946246576067,34.559116492485316,7.77955377629225,HEAVY RAINFALL
54.14023946370231,96.80308976852355,31.318450098471082,7.425997941457209,19.051870469201976,HEAVY RAINFALL
54.35539649853036,73.72190955789782,33.961769174902855,28.970727125993108,37.53486534042019,HEAVY RAINFALL
14.18374979932771,94.16459288645855,32.79843511658021,4.881513981090333,17.464461885663784,MODERATE RAINFALL
21.854524689636975,69.02345263089865,23.86681147870149,21.700758788272452,39.30598140177407,MODERATE RAINFALL
43.26028513552745,81.79149092931875,27.31586814629733,20.042534871684833,18.649907944604042,HEAVY RAINFALL
8.150985771139453,80.28116773109969,30.617283430007422,42.40494935444572,41.62176750416731,MODERATE RAINFALL
30.94760677125274,59.34258904149429,24.005299956684212,25.03223968927442,15.474113035985901,MODERATE RAINFALL
22.598952051457125,71.47086933371327,26.79818709200863,28.185372533954713,1.6859551723971045,MODERATE RAINFALL
15.147777811911459,61.18566483694697,28.521173697198776,31.82743388618496,1.7452139616807787,NORMAL RAINFALL
48.92658176528416,69.25424525657364,23.3261101148283,34.06724225308285,41.437574230777436,HEAVY RAINFALL
49.336724918218245,55.87001420951069,31.443402954273886,15.031362998268156,12.615599393308871,HEAVY RAINFALL
27.039056734762436,84.93586232102392,21.37504346381838,39.36270107926554,6.047348443579821,MODERATE RAINFALL
53.58206835318207,74.05375637325145,31.56152664491651,13.585059183376837,18.754772746742223,HEAVY RAINFALL
35.50551462852044,63.08123470838229,22.959467029482568,37.43068567297105,33.34251595140036,HEAVY RAINFALL
41.772131237444114,92.2891257336597,31.494243493578445,24.156597212210944,7.1537599187550205,HEAVY RAINFALL
17.111770130889987,76.79219683517188,21.899097494238838,38.60569966244926,39.56996661119352,MODERATE RAINFALL
1.5921487626102127,63.288828213757,31.66101906307172,37.98999713717389,11.22706175959257,NORMAL RAINFALL
25.104676692044436,94.475335981668,29.86487523308051,13.781032434397433,37.05778312601023,HEAVY RAINFALL
27.78195062154401,82.3226217902613,21.7342200244698,3.314217272425723,16.761004269088826,MODERATE RAINFALL
32.67239763986832,62.63609884904605,32.18673080685848,27.235850682164354,15.739195574009454,MODERATE RAINFALL
8.993248798481797,93.4631525734244,30.48545588278907,31.620573117486035,12.828121939564287,MODERATE RAINFALL
21.261111890754158,62.005018440740685,28.01161285428421,43.49145719569697,38.5700034347236,MODERATE RAINFALL
35.60589404688151,84.14089558191174,23.7671701097654,19.60880944930831,0.9023560874785974,HEAVY RAINFALL
42.91670153433538,88.0056273217096,20.12457180498064,41.195163836251986,29.131719937876085,HEAVY RAINFALL
33.06280727719936,55.36394026593947,23.53346617904912,36.61867947540591,13.745686427305055,MODERATE RAINFALL
53.18634438526072,82.63783338547705,25.933295209234668,18.188444447653033,15.691913967243659,HEAVY RAINFALL
13.859929010283182,75.06801466638028,29.480746189422387,37.44536532323853,17.871864298745407,MODERATE RAINFALL
5.627165663273009,76.99508985113698,29.27297633536753,38.26120985368842,16.840339342248217,NORMAL RAINFALL
35.60381660355247,81.18915449943472,24.178662967546163,6.648494815191269,2.8726674253699462,MODERATE RAINFALL
54.359853120197194,82.5455740614302,32.060882403525625,13.229317040839366,31.99921990073063,HEAVY RAINFALL
49.0805588724513,67.84801781251642,22.099010148958193,34.91539869705579,40.48591701354727,HEAVY RAINFALL
44.29864024484414,89.5016410114709,28.400466216038005,30.402803918288544,30.63400876743218,HEAVY RAINFALL
39.670575867593584,83.18222452988499,33.96456739409614,13.155329726615523,18.835455873660372,HEAVY RAINFALL
21.355120655300208,56.51871720753624,29.912965431262194,26.59782466358417,8.546182218510781,NORMAL RAINFALL
39.960243211949695,64.56161734097957,27.484891421618983,35.75057337773303,40.79369274772746,HEAVY RAINFALL
36.95276617793249,76.81453879109306,31.835869419424334,38.1474638676452,39.442265295394975,HEAVY RAINFALL
9.962472179220041,59.1969317439465,21.791217955744745,13.12202957408894,36.37547411141116,NORMAL RAINFALL
41.96050200756164,62.871939351541585,29.515973170058995,16.432195917820106,4.0184919908747645,MODERATE RAINFALL
19.540586786590783,87.00102696174075,24.29919379865092,35.88788878272677,14.909271163684942,MODERATE RAINFALL
14.330757947313696,67.64419823096473,31.916994434959744,22.23307240983925,38.98770163616428,MODERATE RAINFALL
32.096604085841925,95.60494231200332,20.99702032365706,40.24532064322668,22.521481852171696,HEAVY RAINFALL
47.71237650840265,71.41177645164025,24.176980553444487,4.32466473763073,38.44078966815047,HEAVY RAINFALL
7.555089254521816,63.61275340419117,25.72868585452946,26.48435428285852,40.79794205277574,NORMAL RAINFALL
25.16642881838477,68.60448867889448,30.019358385540507,35.494470629654025,21.941138058664833,MODERATE RAINFALL
34.70680247444823,62.60344346222881,28.882985568137393,2.2026805612317357,12.308753799067482,MODERATE RAINFALL
41.86563046682495,62.25004753306503,30.70277230604061,23.051814897090708,34.36061251974747,HEAVY RAINFALL
4.842273906747453,81.42262876517765,28.868825569836318,19.345919657111867,43.43975280585149,MODERATE RAINFALL
21.082403102940336,56.622188694422334,22.79179951719364,18.043360433376954,0.6334703426084459,NORMAL RAINFALL
17.7217223616438,90.82883266236226,22.668073939165662,31.100170092115732,28.200911790223017,MODERATE RAINFALL
13.685271758173506,84.82156412832708,24.820896836886494,7.544024418417018,17.259771433846215,MODERATE RAINFALL
32.37688784924396,62.181868052537304,31.533813615441744,14.822696900247967,13.087250631426897,MODERATE RAINFALL
40.03075512957471,80.6439065004666,24.72969211691106,40.18288388499279,44.79625844225678,HEAVY RAINFALL
18.850306159165797,93.75950237421455,25.029512409132852,10.102319457307384,42.66379591681242,HEAVY RAINFALL
50.50129748627884,72.34584071354838,23.19785598770156,33.268259609861815,5.904259938773215,HEAVY RAINFALL
40.37421406213365,80.35679189636738,22.36578638646206,17.763432410193488,29.27431710545511,HEAVY RAINFALL
2.0549885230927396,92.69139791677748,23.5810484349541,24.99353767033514,2.1864132711781763,NORMAL RAINFALL
54.707412851138564,83.46470638102947,29.149946657610535,2.848895960108242,31.038738676984174,HEAVY RAINFALL
22.922656084874912,71.35091180588742,27.661953386204956,22.399042548092698,6.890719415599636,MODERATE RAINFALL
38.23556160715,82.10338762700628,24.215630366595093,30.45157677190105,29.811733465000355,HEAVY RAINFALL
14.8487432245454,81.04227648773218,21.920289321717327,37.71806698024826,4.721140660504362,MODERATE RAINFALL
39.532142348389236,60.06258644280129,21.596175737579472,6.569339457174984,8.9390997767827,MODERATE RAINFALL
10.986216238049717,66.30873837139048,27.32404550629613,10.671947169234144,31.654653761081622,NORMAL RAINFALL
16.244316055033714,56.69444542802845,26.948965987153297,10.930841323679445,41.99059550933448,MODERATE RAINFALL
18.183198890818577,55.117733959467884,29.402863854512866,40.99584190360106,37.585447436845854,MODERATE RAINFALL
36.7962061775902,61.413213184670944,21.261157430062944,24.00332991948033,32.56036276043155,HEAVY RAINFALL
5.570976322612655,66.00336041827859,23.23624401088444,44.51263502257698,13.32099804196973,NORMAL RAINFALL
25.53525464798816,59.29178334747755,22.44582532523547,3.696114358653824,13.075522975695575,MODERATE RAINFALL
44.087785647974606,68.44640559939886,30.339562741090468,6.084934224214952,34.11918021785572,HEAVY RAINFALL
2.523899790137837,91.63594517820299,29.286970384871815,9.33202788332414,16.088733190698495,NORMAL RAINFALL
24.07429842300641,81.73770243329781,32.29865752356463,5.9969065638091585,36.67339302914234,MODERATE RAINFALL
10.05781811670035,72.23343311407237,33.472339022096556,13.688822902258176,17.35719703916914,NORMAL RAINFALL
46.78693679201212,89.39566116880485,29.08385077421169,36.26711095252249,5.087545036994075,HEAVY RAINFALL
38.28934304380872,57.52179501360263,33.1945378319986,8.854002091733092,18.721247248390345,MODERATE RAINFALL
32.49126666446862,89.49738571393912,29.497503907488877,9.79420410310399,17.088785060214942,HEAVY RAINFALL
19.722940315490312,56.23909787156253,29.58249786734062,38.057068491525804,43.80500611014162,MODERATE RAINFALL
7.186043125162872,94.57711338243843,21.581124711232743,19.68522334061249,2.0687546420851497,NORMAL RAINFALL
14.388707697566943,68.51223162957645,29.86395447072872,31.150943603867066,34.53879232304597,MODERATE RAINFALL
31.715695446785872,79.29552570455783,33.69053780571118,30.803307403215562,15.223528879579046,HEAVY RAINFALL
28.770674637357068,85.12494792479484,21.333389938323727,30.45367030237641,11.185964768281842,MODERATE RAINFALL
19.0162218101627,84.08070943936997,25.388272643694002,38.078419912880854,25.125490651598454,MODERATE RAINFALL
54.32853936188125,57.34634295479006,29.00758203179538,8.747877051974871,38.198050864920035,HEAVY RAINFALL
46.85291332953364,92.38487228834902,21.048113394677788,23.140862329209252,10.840131751375402,HEAVY RAINFALL
53.35797768308701,57.16508072464139,23.117891324363185,29.662644537399828,18.14746470577753,HEAVY RAINFALL
12.924999999520795,74.74106757417411,31.21765802817411,21.268239183611076,38.54651508801077,MODERATE RAINFALL
24.58874659525889,60.10439463830621,26.963226872931013,30.095039134949985,4.61894946660686,MODERATE RAINFALL
22.67862012215522,78.95663349040782,20.00237601669671,5.9085085171958855,27.189147422780884,MODERATE RAINFALL
34.04863845605102,68.09771219845689,27.116728364472507,10.89460370054563,30.21634668506202,HEAVY RAINFALL
52.26953214963511,70.62372653550187,20.75985298627795,11.585478919041527,20.450699217161294,HEAVY RAINFALL
30.80829648083375,81.64959269611462,26.623871535310244,30.258189876539003,32.216107512741985,HEAVY RAINFALL
6.271284709565606,87.65075789640204,23.10445950948266,16.678355926804066,37.34477485354805,MODERATE RAINFALL
53.0438525899887,67.5552932437561,27.307791212457904,32.19013029017937,2.0600149434765425,HEAVY RAINFALL
9.028545223796497,61.0393150548567,30.035985577070356,33.027041104406585,4.813267748378355,NORMAL RAINFALL
33.596847137627606,63.06436622285894,33.023027628144035,18.894549066352457,20.5670703731845,MODERATE RAINFALL
42.978122200681504,85.82188032218176,21.50872046202489,19.8222248405182,41.69819387417898,HEAVY RAINFALL
46.06064306175558,80.31887763960975,30.810032430921204,21.371697669235456,29.63055127500912,HEAVY RAINFALL
52.59046768941631,60.78934862051721,26.983600989436557,24.805666943320624,2.185722253435735,HEAVY RAINFALL
51.441955445740895,91.06909275919341,26.761047489502968,23.858314660090983,41.45230413197105,HEAVY RAINFALL
9.746134117618006,79.87783858527959,30.226925264398886,7.520416628217845,17.43325106492997,NORMAL RAINFALL
33.03003119929762,92.95592213302317,27.057541670944303,18.540493465979278,44.07753420922693,HEAVY RAINFALL
50.37506329334046,87.78211021925708,23.830342319385558,43.43452212022936,43.672124246044525,HEAVY RAINFALL
24.90651383447517,60.73498873369202,25.77843661930667,32.100614250576385,33.67920896450622,MODERATE RAINFALL
16.440222422548334,85.16425534751755,32.04990564580821,32.61059732499124,42.09804348581411,MODERATE RAINFALL
34.79208064789951,63.638230539989806,28.738346248875434,14.49491830560778,15.538211140436148,MODERATE RAINFALL
36.98055421782244,97.19742633809929,29.10120942929769,43.208037470623445,22.675204756946236,HEAVY RAINFALL
38.187158555002945,68.86240008879577,21.615673531970756,17.14622550590373,21.616646507578206,HEAVY RAINFALL
31.38510068392046,83.68776123624531,25.844691063757306,34.15835510519324,37.86251860876103,HEAVY RAINFALL
15.726038912394998,91.4339469310836,31.316266910573745,24.477389406995698,1.1372463564512436,MODERATE RAINFALL
7.992969139803755,83.8209296869785,22.798633841706035,34.25795580281231,7.24209274544535,NORMAL RAINFALL
15.763855148751047,65.77412332070188,31.7513454025124,31.695578565652433,13.28132546827227,NORMAL RAINFALL
41.44766714248407,56.38917447942007,31.39636704576256,6.406640272532994,39.06159181444846,HEAVY RAINFALL
40.67208640950675,92.18818386379792,30.39377830222005,26.134633770004857,10.691796265479203,HEAVY RAINFALL
43.13689450789876,89.34933535705153,24.026941163101085,30.573223449439812,41.69181650259508,HEAVY RAINFALL
21.315505675309467,96.13818471050855,33.66151810878577,15.444121178469269,24.84560688898786,MODERATE RAINFALL
0.7130880721051069,65.80766852000914,28.687863738565888,35.579770393663075,39.15531415446008,NORMAL RAINFALL
45.649091507532944,94.19391421417076,29.864806964499028,29.848192578650025,33.97984673438474,HEAVY RAINFALL
30.063832518568272,80.94564002341158,30.866054431712648,43.46446239441932,13.237997481202118,MODERATE RAINFALL
9.758424416854474,84.35433062316602,22.61767214145253,9.473190669778122,23.123108374855825,MODERATE RAINFALL
20.74590248789551,73.42583601923158,27.79238068833466,7.592860794961008,26.279372595776902,MODERATE RAINFALL
14.025888147283212,69.21419991591758,29.935650148428397,8.656645005326308,6.916652260633339,NORMAL RAINFALL
17.744651644143598,57.18678397139475,33.05334611799667,28.471173072271192,29.785059493422256,MODERATE RAINFALL
26.98030176345221,79.62511059386199,25.01319823429235,35.71335228853156,14.303655241748526,MODERATE RAINFALL
12.09791084851566,62.90637119402044,20.95447056746196,23.721035069621582,18.716905969668975,NORMAL RAINFALL
29.536977389364978,58.953658819379854,23.09677313542034,11.174213838006425,14.934758170679167,MODERATE RAINFALL
19.8438803564503,64.39314728873413,30.537179653763236,24.81145251109346,44.848398717195245,MODERATE RAINFALL
45.30286205088612,97.18872749745775,20.123251748130524,30.764354123758626,20.05502608281116,HEAVY RAINFALL
49.747305216823065,81.38914717361416,28.695843766730874,43.23256309117914,30.71481123458376,HEAVY RAINFALL
17.65153557788948,94.38509450284305,33.22982738604573,18.592665195713888,24.310679082415266,MODERATE RAINFALL
15.55559468536686,94.18744484503057,31.50952689935953,18.123195812965104,36.12675318787322,MODERATE RAINFALL
24.50562936644449,56.885621419151576,32.57594252468195,10.278032681148115,23.12526150573451,MODERATE RAINFALL
52.151650080662996,62.197976796180285,33.387866890627585,25.132917731462793,0.32987637975803064,HEAVY RAINFALL
3.6009502157045965,83.82441042415144,30.830151729169874,39.19288679564314,19.089425337351326,NORMAL RAINFALL
5.715974504551858,78.12343120303893,29.83840012774558,43.9776286175782,34.88430332083776,MODERATE RAINFALL
35.560863762508994,95.40929779485748,30.45647155943967,8.611446820358758,20.665135586701876,HEAVY RAINFALL
18.24434565070083,58.76339861117054,20.759752992480173,36.151235839963284,25.113789239301486,MODERATE RAINFALL
31.622926184453537,64.78876230249124,23.62107142587646,18.685401956725144,28.359776908160455,MODERATE RAINFALL
23.8163769051599,55.726311637078076,29.426182252587978,24.99787791262309,28.864023591673785,MODERATE RAINFALL
34.00921474008312,87.50630565789263,28.198512186387447,32.137927349469095,3.26652501595397,HEAVY RAINFALL
51.042626259148356,59.563828300408815,31.01648656727598,14.958080523329457,3.892734964700672,HEAVY RAINFALL
42.09008325612544,73.82007442713368,25.531585615200648,30.41109609101134,21.329445481557816,HEAVY RAINFALL
29.340727009569218,60.86440279417051,25.473895916005866,36.29183835183903,24.557601088837018,MODERATE RAINFALL
52.807384579423896,61.19524811071477,29.482046637070873,41.30926340453857,35.775770500460666,HEAVY RAINFALL
40.11285171387146,71.04461214071394,33.29251144942718,25.801540073863993,24.978138553811785,HEAVY RAINFALL
6.777933741342446,55.21628308018222,28.353168424346624,25.097538087841823,42.614072515299235,NORMAL RAINFALL
16.758013379222962,87.17675322951013,32.64964926364364,16.785620943491818,18.569452321181156,MODERATE RAINFALL
35.52623269580481,77.03976586554624,22.25336100590153,11.493882682368543,37.563676509062795,HEAVY RAINFALL
10.687941844047899,62.79839334526695,31.19524075047744,38.64679849400145,38.31244750914634,MODERATE RAINFALL
51.280342597173174,97.75546116829364,26.457712851654314,25.63557821620417,13.079370038403841,HEAVY RAINFALL
3.7049516572640746,59.222703259355995,30.158249602677962,22.949187635751187,14.888291925722553,NORMAL RAINFALL
7.0518330627773365,83.18533816996896,21.40063080185592,28.639178417636316,40.50533658793148,MODERATE RAINFALL
17.478226547854895,74.3777770632422,28.628794023632345,15.144046044488991,26.287646978033877,MODERATE RAINFALL
31.10536043478104,70.67321773418105,24.428664232948606,20.417217897262418,0.21743471991021224,MODERATE RAINFALL
13.539632620001626,64.52560528088034,30.357427023140637,20.753334841856603,37.80495264512949,MODERATE RAINFALL
7.386820781058886,86.51783021731083,32.29040161311146,21.90248017125124,16.143372095111854,NORMAL RAINFALL
16.80094880449344,78.72188852488847,22.460782252533154,28.084989641047034,37.88068479022173,MODERATE RAINFALL
47.22925104539396,61.0200717547966,27.540652519092312,13.319089975524083,39.8851124435503,HEAVY RAINFALL
4.205430820646846,58.24219814211519,20.260824128197296,23.808667385279676,1.4037403953739092,NORMAL RAINFALL
32.00397697716611,72.4207821046979,28.26050836577005,40.97105382812188,24.821729933677123,HEAVY RAINFALL
29.89081281549652,97.94531152550962,26.60945531096096,35.333481270009415,16.46183835463543,HEAVY RAINFALL
12.281865619339527,88.2022282730999,30.265175580980614,14.512963889218078,20.911551397670376,MODERATE RAINFALL
28.072659633908202,72.06176177893742,27.030341775330033,30.495175043283957,38.159182804673996,HEAVY RAINFALL
44.359703131034415,81.40354699208551,22.321809728450216,24.107877262204433,20.07991997275508,HEAVY RAINFALL
9.852985114974143,95.79460875935807,29.231786297341674,43.61262907301306,33.1163913975671,MODERATE RAINFALL
26.592687865008703,70.42820817036966,23.063467641626396,22.96861238006686,2.828752263606114,MODERATE RAINFALL
20.31893519961109,56.840762956061816,22.894837046045012,41.03222198063731,16.256311405183297,NORMAL RAINFALL
25.83208259556149,74.5496683411802,20.650124405016495,44.1653606287134,14.583199952878992,MODERATE RAINFALL
38.705493906619225,77.41903487774267,31.615060179151104,37.899507447347915,11.849223122286904,HEAVY RAINFALL
29.93925341486043,62.47554210719735,29.15145438387438,17.70776145361505,29.40014459505824,MODERATE RAINFALL
45.95079872221545,77.21650459481936,25.268602934609632,41.01142433721324,23.236730197540663,HEAVY RAINFALL
19.409390426784913,92.31193514046363,26.816061877438457,22.730733857664415,27.189494112855908,MODERATE RAINFALL
27.601034145890797,60.975637204316584,22.31848151400589,5.314793706873615,28.95646510747394,MODERATE RAINFALL
11.633440727466512,63.03694405977701,25.071121219011275,32.8440164635261,5.32486002705942,NORMAL RAINFALL
12.669048292962852,89.88042306303728,30.083579224249284,22.705215923747904,21.546658922403694,MODERATE RAINFALL
11.588717307846988,61.93358917409291,31.66710994953356,2.9651796406345285,1.941494910082442,NORMAL RAINFALL
31.541758124374752,61.928553035804136,28.813565948434167,3.685207205297793,25.752118465370906,MODERATE RAINFALL
3.0751602288244295,66.10516477871846,22.520525554068158,43.20424846883581,26.971088525771837,NORMAL RAINFALL
30.998258628467088,55.800661532401186,30.073662193057242,30.4550376930538,12.75545818825382,MODERATE RAINFALL
4.716167650465949,74.31574454963663,33.898861531911706,39.29400315666006,7.675505279536332,NORMAL RAINFALL
45.669996608735445,80.8360647196816,31.124624983646317,37.279486745611386,8.184786834154485,HEAVY RAINFALL
36.28068125318192,66.37439003744745,30.13861517308858,16.734864806094272,20.40615653130413,HEAVY RAINFALL
32.4827795012769,64.88199284868753,25.396466358385865,6.668514897765166,9.10568470896788,MODERATE RAINFALL
47.2775430605833,76.68745962104065,25.877130177402485,8.43113132593761,4.333435952544199,HEAVY RAINFALL
26.172805201921253,81.43417128765577,20.546511890653797,35.706334098067046,22.64981436623068,MODERATE RAINFALL
6.463402361612376,75.73636020983668,21.8246037708803,27.94940998546255,37.2384800393433,MODERATE RAINFALL
49.33329240661424,88.31942819191553,29.089244291491475,24.447901875446828,16.666985261195105,HEAVY RAINFALL
2.389105583506481,77.78211031440733,23.212807589306703,36.498908428335994,35.53000133179296,NORMAL RAINFALL
20.96800729094803,80.32906770407189,30.37951659195143,34.746186763042154,31.351842142086003,MODERATE RAINFALL
5.374429959073042,60.75697354185786,26.67997731806356,11.998054296774194,38.65739612856351,NORMAL RAINFALL
15.579666740492572,92.70095146730866,25.721053865621013,10.127903589868442,31.911697674274855,MODERATE RAINFALL
43.41823652678187,79.85344726941918,21.649600455736113,2.309344255375003,29.454575436143884,HEAVY RAINFALL
37.827170522777685,68.58377372905863,25.07177705684427,8.655478964157984,29.320917065006928,HEAVY RAINFALL
13.949799942759117,91.76400782952092,25.929861664067083,17.722696060768286,12.400224429599495,MODERATE RAINFALL
37.43331377848966,87.46379172622284,25.78519421614311,35.702901929432116,21.711049065309627,HEAVY RAINFALL
20.361713288353087,78.86118832082812,23.55288703619775,15.186082727007562,15.496033689668414,MODERATE RAINFALL
38.802203438409684,86.63864451599827,31.969984919530354,30.34916251242673,33.65163877859494,HEAVY RAINFALL
24.562718257837062,85.0703920186873,22.265131647913908,11.221700086137442,18.02524078915753,MODERATE RAINFALL
18.61408154701408,78.67477722766318,29.758803722142446,32.3919671419134,7.233210410994776,MODERATE RAINFALL
53.05136382559846,55.22749723932059,21.275240179341857,8.249122740937409,41.66378045090321,HEAVY RAINFALL
23.94575890040202,57.755459623880355,23.10478342467317,5.4417086779195145,1.6989902228285518,NORMAL RAINFALL
21.13793057343121,97.33126832714476,28.595518270033992,24.403238358484032,32.022262426904156,HEAVY RAINFALL
32.8609910097753,95.66578188736113,31.483202281995084,29.53252652479589,19.753742184355612,HEAVY RAINFALL
11.093898354330802,83.24602157639424,31.25473872761537,14.298280003473902,1.5124208128316292,NORMAL RAINFALL
32.97332020908692,77.17998615677162,23.243393619452863,9.287764347963392,1.622750991495695,MODERATE RAINFALL
13.159114390805748,55.01235268974881,22.204226651905472,44.86313718456987,35.085279553938776,NORMAL RAINFALL
19.42202148460904,71.99115403320187,28.205122312935778,24.26293614253968,33.161649306587776,MODERATE RAINFALL
3.773944456538243,58.87713187659147,23.98291301850931,37.67988650531989,41.175403827666926,NORMAL RAINFALL
19.145238653653333,96.42136959781601,23.87110988175971,28.073626543666844,8.753633688868248,MODERATE RAINFALL
51.13426124466662,79.72098903507003,23.65550507940715,19.50678892260967,4.790923037665946,HEAVY RAINFALL
3.9812283789687157,67.65282845212916,33.25821651248728,36.526516430611366,43.05192073133738,NORMAL RAINFALL
48.186217543368684,89.9653360330741,28.048514302834725,31.850250043265902,43.47249550348977,HEAVY RAINFALL
30.97427320927116,88.10858928755485,30.604625990653414,43.33326518796942,20.648179320035577,HEAVY RAINFALL
25.339624280548172,80.23354023744912,20.382909765449035,6.999536961959672,3.0399417297564115,MODERATE RAINFALL
34.85139886570037,97.75051543471545,29.4767816649114,11.886995959333627,14.207881231301787,HEAVY RAINFALL
52.549512791784814,77.20968133980804,20.13612468400195,37.78361293169883,11.17159242129349,HEAVY RAINFALL
5.115518658915045,83.969010421618,31.49504565289542,5.2692392829486305,41.91283079260482,MODERATE RAINFALL
26.210549974910933,70.20213082729535,32.520427540182894,13.570258646158358,42.62031490785652,MODERATE RAINFALL
37.57090196880727,94.12688073647918,26.985990765091564,10.585661181055295,33.09430793592738,HEAVY RAINFALL
48.00083741245639,63.891481189846424,22.838731823035825,12.736903659719172,27.836860463181374,HEAVY RAINFALL
8.57975626618874,59.58763947453182,32.88263381346185,31.05992136969064,29.85408352442025,NORMAL RAINFALL
33.760483640166385,87.86250114332766,27.580635364442344,3.817314449432903,21.703143654047278,HEAVY RAINFALL
34.13671111574717,76.17063624128112,33.79505861054228,40.570990247311684,39.0945976031049,HEAVY RAINFALL
26.994294338360067,97.32897135513484,32.8240956154158,14.051464796877044,9.994175238591598,HEAVY RAINFALL
31.716585249107535,57.328371365417716,31.189778848919737,22.567763294317867,24.33455755163222,MODERATE RAINFALL
27.636136666691993,71.92982768265311,29.608741051425454,9.516415571119108,43.94282378566688,HEAVY RAINFALL
38.40345124528768,74.78303537199649,29.648947686835086,2.508259080249304,9.483857356565148,HEAVY RAINFALL
31.95545204386957,68.99375659636334,28.5788933490648,13.167133070882816,24.685353017063488,MODERATE RAINFALL
13.042653387914989,75.26785068375358,28.58317660393827,17.73473849824285,22.44465074745886,MODERATE RAINFALL
11.579286516086098,85.13064295310093,25.212334790163425,38.736021751355246,12.583328934630783,MODERATE RAINFALL
9.893907579984772,60.63898415944513,28.06249820891147,11.828370228485749,4.49413834092539,NORMAL RAINFALL
14.847200879639512,65.13962243407683,26.05106252423169,18.377985435953125,6.562968090189136,NORMAL RAINFALL
52.753135641066805,61.43056646241577,31.279357061806262,9.594112896363352,22.48190217503328,HEAVY RAINFALL
54.75589736647809,91.52376636205639,27.23809764888701,32.984094169559114,35.339982151224525,HEAVY RAINFALL
16.501880018439678,79.17195343908358,27.949683268874363,19.131281780123086,31.07444291822899,MODERATE RAINFALL
3.302000774820913,89.99417697589439,26.671551940929916,29.084075131572643,20.24346685787063,NORMAL RAINFALL
18.406109618300952,70.52136690537023,27.844900487399702,42.06931675844403,11.597167145358863,MODERATE RAINFALL
1.0909433487567999,60.21321203631826,32.14316017563792,43.41401211947031,8.953114978659293,NORMAL RAINFALL
31.674195161034177,82.91263093168172,22.443543700212416,35.5532912182672,15.979906727590132,HEAVY RAINFALL
37.02560620810426,75.96223100508755,30.31136630667017,40.25419531294348,17.148194928578057,HEAVY RAINFALL
15.758796710568399,82.16362419078916,22.027876735892946,9.205748025662956,36.34727147806808,MODERATE RAINFALL
18.55635704994132,82.14475655801098,28.002926034233106,38.50273319336877,3.2104835179450837,MODERATE RAINFALL
8.909971892084194,64.81337139367855,24.436295383737857,14.528323170160053,12.036257589178705,NORMAL RAINFALL
35.45543612353535,66.66366835810801,26.228577427071606,39.10067879682111,16.342417811269293,MODERATE RAINFALL
32.28058754393058,96.51761941136726,25.795846852231424,9.907106561445513,1.0395491542428414,HEAVY RAINFALL
40.02748290378224,83.4669695557715,33.16612272273194,32.12996792226142,3.602913204399621,HEAVY RAINFALL
9.180075577180885,59.4294005044461,20.893093594276245,39.783711987338876,24.679518471823222,NORMAL RAINFALL
1.4500702351432566,72.07153839268729,30.709949209870338,5.579801659799526,11.810351891924421,NORMAL RAINFALL
8.540089910008902,83.15780504836404,32.39659843934958,15.30293810264994,11.13284336918365,NORMAL RAINFALL
15.629640403194895,81.93866943892615,21.837879548776094,38.05626449239361,1.2857081858960806,MODERATE RAINFALL
36.49520244170925,91.99585914877588,24.5528184331907,22.474653848181063,43.87416954480426,HEAVY RAINFALL
29.732128876575572,66.7138203873295,26.227829053190412,43.69031737584549,31.393029460817132,MODERATE RAINFALL
9.737015198884166,80.69612054997211,28.834665316974835,29.341598866310935,25.379301902457936,MODERATE RAINFALL
28.79028923949791,82.49971469456491,24.335258593595952,16.92823690705763,24.285065496122684,HEAVY RAINFALL
44.258927143554914,73.99999313979097,25.120966507277288,13.171702889322148,13.660781200789003,HEAVY RAINFALL
0.00507905172104306,90.06133093391819,31.871250837357387,16.787051441749753,21.11390798598118,NORMAL RAINFALL
0.45744108280053153,94.64980101699427,33.257405166153745,22.513884029412658,0.4109669809349925,NORMAL RAINFALL
23.67394222980784,67.59567235910268,23.23701550926822,2.310373355248004,16.81397444371651,MODERATE RAINFALL
22.645472798637403,79.10383742150347,25.526529114682567,9.020588299202418,33.170303434651984,MODERATE RAINFALL
21.434779841925778,71.26939659182335,23.681723856247487,20.156293458408783,10.780281672235224,MODERATE RAINFALL
42.0496061742138,94.12803934788926,31.30604916598606,31.439532486276327,12.810458460305382,HEAVY RAINFALL
40.86097906721334,89.77877191125859,25.780654271185462,38.69972700583897,8.208323055118926,HEAVY RAINFALL
15.9277414610207,82.38638651057892,28.648211794635216,13.701767609419834,28.023920112399907,MODERATE RAINFALL
10.328419339920616,55.834002081620845,20.69484901112338,25.00374238156995,8.367191916368654,NORMAL RAINFALL
5.625041876109686,66.57539071423327,30.01274319095785,33.265604029244,10.476472408017994,NORMAL RAINFALL
8.287603153361871,76.22392078741704,24.786779954160767,15.397797463731386,35.97580583712316,MODERATE RAINFALL
54.88798953910797,74.93843208974747,31.079945999714134,16.200691822540705,37.95958346706354,HEAVY RAINFALL
52.340422295293436,57.40964880928139,30.85914074997533,5.0695418742094445,21.156604946942387,HEAVY RAINFALL
10.570576110954903,91.18618938143116,31.441510135993987,37.614838037956254,5.488270028359684,MODERATE RAINFALL
42.24801189681544,65.70538150181106,30.79715466238268,21.04732051214556,33.19285556490789,HEAVY RAINFALL
1.843066036365129,74.81588931842803,30.79394354906264,24.408982162463207,44.19521331325264,NORMAL RAINFALL
26.005404974533334,84.30201976248769,24.369531118176976,15.891717104764965,28.31239143588147,HEAVY RAINFALL
2.3202253577102083,95.30909971618605,27.292967540845133,12.892447834408822,28.733400541891072,MODERATE RAINFALL
10.929799749131991,93.16334176987232,32.091207320494405,11.364894709369423,5.081780669230688,MODERATE RAINFALL
34.80999312459596,68.95407996809416,22.343044989716006,13.872301885053254,5.3842316404832395,MODERATE RAINFALL
43.402907910718866,55.38398380324171,20.587907166295334,35.689435330795575,21.387180544274255,HEAVY RAINFALL
32.79167561623869,70.97014252203905,21.25271863849544,8.781033616487129,4.113069853689584,MODERATE RAINFALL
34.02546721408676,95.02649773430096,33.9576234417695,28.88069019900449,2.6898809224240123,HEAVY RAINFALL
35.45161931563551,85.15711002098912,31.08052742111298,7.4105806796047355,10.47035838852286,HEAVY RAINFALL
53.99216410301084,88.90815850883556,30.593765324819447,36.637591193223194,19.74235041434688,HEAVY RAINFALL
10.613091447758716,84.63774915221381,25.01434496150604,7.793483471720947,40.43983699215192,MODERATE RAINFALL
26.69161732393822,73.81250017909754,24.126004350172558,31.972624324813154,8.539912629884315,MODERATE RAINFALL
10.26447009220071,69.94958119778542,30.253633741717977,13.838951902907034,37.410731702600394,MODERATE RAINFALL
50.296070108792534,78.84437333714044,20.964272167056233,8.66609555723906,13.305269754483064,HEAVY RAINFALL
14.484209789248759,70.7858464011952,20.010077602139493,29.43512068507211,17.05696063499598,NORMAL RAINFALL
10.204385955343247,55.804953833286376,31.995610036679004,35.36871241531137,10.74539511972095,NORMAL RAINFALL
39.65519594761577,83.30644494733225,27.545391302307667,18.662106127771633,23.583139596470353,HEAVY RAINFALL
27.3652037763251,78.71311571171623,28.582549392907374,15.87180171625014,28.840676840328292,MODERATE RAINFALL
6.075527372167228,77.49762318530912,20.93351780334772,37.91331438962653,5.839841984501074,NORMAL RAINFALL
48.04210276693148,63.68939823361763,26.795184021313734,6.246404225886888,25.695548160961454,HEAVY RAINFALL
45.99647396335702,83.29061410625364,27.361499076601763,32.15650292771264,11.517233865029013,HEAVY RAINFALL
20.14947110518629,81.05600584199536,20.992235453301706,41.99907458278919,9.393214207207567,MODERATE RAINFALL
27.027302578555076,93.25999498202906,21.119395245260208,36.44385780746802,2.7315084728723176,MODERATE RAINFALL
30.69109392085119,95.34448588109402,25.823344837936546,17.86995198691436,31.87952032404766,HEAVY RAINFALL
45.30036314525703,66.43007228335661,20.5691441318408,5.026689573240496,13.675704699062493,HEAVY RAINFALL
51.953191510397964,96.30523005379638,21.359669502207275,33.18239311079512,23.924747313111265,HEAVY RAINFALL
10.420322720867164,77.62625693712897,23.482682406756187,28.888977302183537,8.050405123301271,NORMAL RAINFALL
41.205689688755484,72.85293781073884,21.47719854658818,29.460844895185808,16.108351464213168,HEAVY RAINFALL
25.22963258356059,83.60542125526237,32.35953627122517,9.17280071285254,8.11784423700307,MODERATE RAINFALL
22.085644548819236,69.51305343414747,22.21447038259064,44.9326435982911,19.935547649922952,MODERATE RAINFALL
19.37782413986827,68.55166483412309,33.880481868653774,15.960126670663971,16.727378059591707,MODERATE RAINFALL
42.030140234740415,73.51528712752956,30.162147570612376,28.16177492105268,25.341511626192784,HEAVY RAINFALL
11.766047482404623,87.92545344427424,32.966056916297205,12.925832468870038,43.27432990341005,MODERATE RAINFALL
24.612488394903718,72.07489415264436,30.168385896722082,44.26712826067755,26.80932719807036,MODERATE RAINFALL
28.468514736218108,97.71671641084518,24.225783155053584,14.914360354311466,9.984901656709805,HEAVY RAINFALL
47.06462340295134,55.93315897267678,31.507158914259602,31.65792490810536,12.418071153462256,HEAVY RAINFALL
30.451473430692637,78.92189267679105,32.96291430296425,8.652735807406504,1.6981335037696421,MODERATE RAINFALL
19.561066430701988,60.95155231948563,25.139160502364895,27.03269537347441,10.484736684940547,NORMAL RAINFALL
44.60908302304621,58.95192021527102,25.597175478688694,41.46891754381211,33.0419679244911,HEAVY RAINFALL
39.79692897094832,89.09488035551404,22.420634871988515,37.50532550855007,31.031779547245463,HEAVY RAINFALL
31.692785397718392,94.02919261232506,28.33323683583412,14.91690991526081,32.88552128803247,HEAVY RAINFALL
31.695603288598626,58.37452802468272,20.782917923526472,35.14876465781595,15.656859312881993,MODERATE RAINFALL
44.94279350255982,72.91043364257052,32.14963535731708,39.40082010721245,10.202295211296821,HEAVY RAINFALL
35.902855073819296,80.89897027561133,20.160081333476448,35.429000580194035,17.211913298336846,HEAVY RAINFALL
16.763086608358357,56.770836843033216,27.559016212141366,8.431940824193953,22.608072470125474,NORMAL RAINFALL
12.143844615115684,57.172352008270586,30.24210002990918,18.893956294318514,20.052730618996982,NORMAL RAINFALL
32.732270521216215,76.70336188281749,23.1091987941198,14.460670253737545,17.744508174512966,MODERATE RAINFALL
7.270397495398293,58.549439843459055,28.00016826714881,4.120377217013786,17.963608479612386,NORMAL RAINFALL
4.679344310752946,76.57839397104917,30.833551911787595,7.606132520492488,6.069184367667973,NORMAL RAINFALL
30.761289752244718,75.97802729158632,29.131478145708364,10.432269916908492,27.719857691739083,HEAVY RAINFALL
40.46172647799274,65.58857114180586,21.00301572477519,35.4011916480424,14.553523852029505,HEAVY RAINFALL
50.82759444922956,58.85256986944962,29.404465748296296,20.212245901722522,15.673853558093594,HEAVY RAINFALL
17.640609956896824,80.53671740876604,20.338895624693766,15.107210444494903,44.444336263367816,MODERATE RAINFALL
33.892154694997686,97.57684483766727,26.190941473279523,8.270194433181935,2.019489791911796,HEAVY RAINFALL
44.99945560724979,63.5864641850475,25.23349106448797,34.58255265150167,38.37438653306402,HEAVY RAINFALL
6.1804457431807345,57.34513457455543,33.28517281036105,41.849376889691605,39.093855824023585,NORMAL RAINFALL
45.10736760364979,55.59053158581755,29.713133150785644,6.784953669608203,20.252770678725568,HEAVY RAINFALL
1.2511463333161106,63.98741026834069,27.532076410697805,10.763458173694023,23.546964665993908,NORMAL RAINFALL
14.22619018840792,75.77013220482175,30.218930169137042,8.077939099729498,31.443985440371378,MODERATE RAINFALL
1.011368190596746,80.06921256303588,29.289396787995003,3.8697263224767355,7.664384117014349,NORMAL RAINFALL
15.620744757639489,88.93510526381915,28.65150686947957,4.282665692219995,29.464104231692417,MODERATE RAINFALL
0.4583796386635186,71.7117413311901,23.798345307124727,38.63956662456212,29.704516799821416,NORMAL RAINFALL
47.53552504579744,55.82036792917035,32.143746199962735,29.92467922434582,10.402587906201767,HEAVY RAINFALL
20.938566162956636,96.99431341526373,21.394451965795522,15.564606680277528,39.00477354876539,HEAVY RAINFALL
29.23583548397673,63.015947658953316,27.009111520164303,21.69340927235457,41.68574878618951,MODERATE RAINFALL
1.1818652017890041,65.6378620092393,27.41181509397168,16.343494289123356,17.702991802227363,NORMAL RAINFALL
8.635288782495799,69.91153582502446,24.926783151740533,28.884931720793446,10.629214456824572,NORMAL RAINFALL
53.80343469845005,76.55381283061777,31.366500041396435,28.909071639777814,39.540477338602216,HEAVY RAINFALL
48.97211473433188,90.03892142016849,20.412522578372908,25.862392118662637,12.608723008269228,HEAVY RAINFALL
8.343949942277655,93.57853854367437,29.197044625294577,5.775185736903961,17.199320483448375,MODERATE RAINFALL
52.833313139451434,81.33528091405454,28.757344406927572,11.779403030465048,10.816236367675922,HEAVY RAINFALL
8.401203479286838,96.73309844309433,32.7362955098984,16.159243749933502,24.400518804265154,MODERATE RAINFALL
11.371650106355514,60.95879065233707,27.57895357591421,36.40451754405603,38.816444771103065,MODERATE RAINFALL
16.99491178892005,85.32086467475932,27.333276769026206,7.815857235288355,44.80586101044039,MODERATE RAINFALL
53.66772999877296,61.24155298037801,33.062419249920694,41.43582118895695,14.287329487887261,HEAVY RAINFALL
30.653716395146283,95.78986725908474,21.6574220700405,15.656696335222328,39.58371547273194,HEAVY RAINFALL
39.98937432931053,87.91370554047495,32.321846601520065,19.803726683046193,18.50632934757072,HEAVY RAINFALL
24.36524678773086,95.15204654882129,32.517821303873234,42.12975130787941,12.32082740841856,HEAVY RAINFALL
42.850933673503604,59.591171612266244,22.586450952043943,34.78524180051751,27.539171895106083,HEAVY RAINFALL
14.677443715246376,79.3828529963759,23.232758882262182,11.983848973581434,30.932004833026244,MODERATE RAINFALL
19.759373399400324,84.59007524350679,26.672431080618594,23.599957260369834,27.212029182123818,MODERATE RAINFALL
39.1610520387163,71.08025424861154,31.929812054518194,23.132160673852393,6.188072505372662,HEAVY RAINFALL
10.62929062131806,56.38587078876297,30.703543957795283,2.645613199425552,12.143641619078158,NORMAL RAINFALL
22.717421220544587,86.92176645150468,33.835407844481395,34.58439335820206,2.976134590570021,MODERATE RAINFALL
50.99067633977866,97.38198850221383,32.13980603694045,23.067544635967135,14.620303206182053,HEAVY RAINFALL
25.164971119294165,65.61170515704822,25.6681347553954,3.7985298271550807,33.089930095484725,MODERATE RAINFALL
20.920579281531648,68.4545921306944,28.561068245380728,33.92611775244163,26.721261062675506,MODERATE RAINFALL
28.887679243658926,92.65866778997213,31.016878072464223,24.387910922621195,20.322431665364793,HEAVY RAINFALL
45.485555591264244,56.82388438839121,33.94170920133668,24.304214061263004,17.802503848615128,HEAVY RAINFALL
40.434354485264706,78.98114084197661,27.22577356332718,29.117887782986976,2.218295213157422,HEAVY RAINFALL
16.014864922877123,72.11571533254605,24.26375806951134,37.58770332704728,20.760622378378336,MODERATE RAINFALL
23.23542003477428,81.36477400748737,20.76365333541737,24.229694961443936,6.400782844879123,MODERATE RAINFALL
45.644142743465174,74.42301777667518,30.11705508089966,6.866378208474586,35.04290138442179,HEAVY RAINFALL
51.581335173458164,84.93290809911122,21.894293438665077,19.783050119197515,20.289863468118345,HEAVY RAINFALL
9.838321841898857,80.38356543745512,29.976881478288238,10.683076202493778,20.460744344130788,NORMAL RAINFALL
13.754526174248104,84.74384941822876,32.70027448207569,36.24890756645607,32.32686238733534,MODERATE RAINFALL
6.794931925948841,59.90909236943534,26.291577852346105,17.606565733761947,23.5717787729767,NORMAL RAINFALL
21.124805584386444,89.01586355219209,27.163330320783075,42.839417233136935,17.04053841356609,MODERATE RAINFALL
20.933385509363074,88.0351939227287,32.77153890350985,26.31613787610927,29.678865327091973,MODERATE RAINFALL
8.254935398078148,92.35919711156276,22.504134705425763,32.61804197882377,18.881176105609526,MODERATE RAINFALL
17.023506799034,88.05110816152053,26.247615278087014,28.937472535445757,5.289929028111592,MODERATE RAINFALL
7.236406749664716,63.722623327016194,28.715844591822783,12.883771930075689,20.638919602284147,NORMAL RAINFALL
47.047608103046734,78.37054986298492,20.080507684586756,39.95622558309937,10.704525930876455,HEAVY RAINFALL
32.387427995137,75.45561556153561,25.74211911995899,5.4144114468418945,27.004594693301513,HEAVY RAINFALL
13.459224429124834,78.5356892120753,28.676724544174192,25.974591875562215,37.13636271166572,MODERATE RAINFALL
2.690533996866635,61.375015231726685,29.145876295017285,3.5790052283637173,38.42231792553845,NORMAL RAINFALL
36.68480986204072,91.03462073908206,24.17818165298965,41.57654202559006,2.2064113236959573,HEAVY RAINFALL
22.932630812044703,62.66468084556918,29.40926693365967,28.276859510092123,31.118112813630002,MODERATE RAINFALL
32.72329424675958,88.85422591994418,22.483869742811514,21.579526604871425,26.05348315990335,HEAVY RAINFALL
51.23139006623031,59.00443037633609,24.190122742351186,17.848485295428187,17.052270821570705,HEAVY RAINFALL
3.7216672801547435,73.37492509381707,27.706595159388797,14.5918066743398,6.054560508512297,NORMAL RAINFALL
38.204069117214054,66.79999733832453,27.37873826766469,24.559786997909477,31.312327380532725,HEAVY RAINFALL
33.66295597106331,59.69999608076203,30.216199276677514,29.046079760377886,44.42351686913623,HEAVY RAINFALL
26.601464076519584,84.61213396493685,33.07448344703457,44.40997302079679,12.923428671191722,MODERATE RAINFALL
33.486453381396,68.60900801543431,27.355477154642326,44.7860464289747,15.923400496838552,MODERATE RAINFALL
7.134222565486642,79.19327651966414,27.275881202582912,29.16987712236395,22.162700417333216,NORMAL RAINFALL
9.894897741090519,81.20444758241646,29.920218945047502,44.10807936134103,0.0711412751624041,NORMAL RAINFALL
1.3192738634996803,81.89481192275508,21.650960134897808,38.467000908518024,35.980395806497775,NORMAL RAINFALL
54.944285398757195,72.80376899954798,24.67309159707353,26.09786671146654,28.687659461462548,HEAVY RAINFALL
0.6213497387916372,63.65104697399388,23.942773845507542,35.9784066223871,13.849764715975368,NORMAL RAINFALL
27.867929490280506,68.92872509347201,20.0858376740941,31.490938911819192,15.361271335350121,MODERATE RAINFALL
39.84181535460565,81.48771374884882,20.407643345360448,9.552050794233903,14.873167444185452,HEAVY RAINFALL
18.586527040044864,83.91633716673891,32.82628274443005,36.28193850464377,29.054349929905868,MODERATE RAINFALL
26.48225377161984,81.96962097143063,32.488816575058856,25.089604433811676,15.079934454047331,MODERATE RAINFALL
43.11939682646963,72.79998180937,30.396185046317516,37.909546646521605,13.470468598771232,HEAVY RAINFALL
39.873028489208735,68.5666221817778,27.502396660015417,10.955286218435303,30.847198515589294,HEAVY RAINFALL
43.97444334171902,93.18526718928412,24.950337565891314,43.693371574730506,12.620701289424758,HEAVY RAINFALL
1.7145240579052463,97.29560706120247,28.771151866613508,38.22344832224166,25.694173852026527,MODERATE RAINFALL
21.42614506412923,80.59325028228997,32.10431166703116,34.316228972793375,31.736978282048376,MODERATE RAINFALL
17.29746691168249,56.360013281363166,25.79417395006991,23.373340679057655,10.69390108228669,NORMAL RAINFALL
24.854848128707413,95.88125024000581,23.025958309705597,14.999686841111986,5.050407252011489,MODERATE RAINFALL
43.171919078057456,88.44498683281415,32.78695384633882,21.08228599844703,1.1220648583481985,HEAVY RAINFALL
26.546475513075055,76.5023352624874,22.662963500333,41.716381019274095,32.959848004017466,HEAVY RAINFALL
28.799537882728345,88.34792799558886,22.006130671298052,39.48735637385261,36.99623330833246,HEAVY RAINFALL
51.591311569422956,84.0988434157295,21.858040190284097,33.15653718688904,20.671578477632025,HEAVY RAINFALL
39.25225647214473,77.46082954839578,20.057538169277745,42.09050579289561,30.91735488299713,HEAVY RAINFALL
32.68581694329627,58.744263338531994,26.536262634758668,3.984010111044505,23.42599704472801,MODERATE RAINFALL
36.2441357672625,68.43667440091558,28.08583768173243,15.422144632567361,40.14610129924905,HEAVY RAINFALL
17.648420341540522,63.279462503808716,23.873093541352908,15.72344099156443,19.850203023855254,NORMAL RAINFALL
6.47079613056765,61.42079108038789,23.83091640176211,2.6560388520867813,28.03252332048982,NORMAL RAINFALL
28.27333640777052,63.88282732165407,24.904453930937642,15.694851209634841,6.370057295616726,MODERATE RAINFALL
38.73945328757283,67.18051092837428,23.42755103407688,5.063443462470434,27.59682975821897,HEAVY RAINFALL
18.630639089135382,74.07684844867308,21.82103602890594,22.241629897367755,30.397317202914657,MODERATE RAINFALL
5.825980537369699,57.313394656055735,25.970520432940383,9.696268709757447,26.825461313928773,NORMAL RAINFALL
32.601592314398935,90.9554993635071,29.791116999400465,28.50155952045206,14.059829301796437,HEAVY RAINFALL
44.959308847025724,85.65464344331107,29.392183716075102,24.939851942490495,43.81568500045895,HEAVY RAINFALL
41.565861456420684,75.02490061085626,21.845133925235466,36.95259376243555,41.38600689498315,HEAVY RAINFALL
25.755174795906726,74.59011934210987,29.58269164727524,32.539283789390474,20.942845390547546,MODERATE RAINFALL
12.743181750995328,64.62316151842498,32.05534787878254,28.52850975167951,41.07877248045221,MODERATE RAINFALL
21.564230509731313,85.08342870654441,29.31252865958654,35.917484372958825,39.708175060259165,HEAVY RAINFALL
24.93056872347646,56.30135768510925,26.654681068512936,17.111955289408854,20.755875766720486,MODERATE RAINFALL
9.394084964127503,88.02148513488817,28.46216324005645,7.477942085577813,4.631949463902927,NORMAL RAINFALL
44.965409072376936,89.26058425456432,24.562176196173564,29.92641074992516,35.65939227935162,HEAVY RAINFALL
29.301006126058223,72.23510841573064,25.78818667933385,28.697618070831265,24.65770577755505,MODERATE RAINFALL
53.564045217116224,71.5041077274127,24.7699982145081,36.99837531033586,26.59365895689787,HEAVY RAINFALL
43.1372687139458,73.7202094449854,31.022574788263526,25.414655848203044,10.626944361543993,HEAVY RAINFALL
36.44367413094853,58.34945931131231,33.0320856270695,26.690096504838554,21.898363792482975,MODERATE RAINFALL
32.568972429515064,74.90506267541093,27.77122781699266,37.34699124950392,7.9278300990284025,MODERATE RAINFALL
52.57358955084274,57.9931282976653,21.52242487368823,37.004868959228936,34.710452049180546,HEAVY RAINFALL
20.84010573482106,76.25469133805134,29.24230662629568,5.892919207791281,36.76651154645721,MODERATE RAINFALL
48.79938451157685,93.84000820267578,28.905859480334456,2.0079266395743303,6.602640932348835,HEAVY RAINFALL
8.20690374757046,77.84400030623853,25.459757243231014,26.85105084052585,8.804997907987051,NORMAL RAINFALL
37.48342333926554,68.61370184189542,27.983869709974922,41.26778340504343,13.70475598672459,HEAVY RAINFALL
51.883331362286256,73.6932624344902,33.75612424918749,16.80337893651752,4.017933206429435,HEAVY RAINFALL
0.4465588825344352,97.4161308850961,25.658763824901836,7.484894973469694,13.238309829000196,NORMAL RAINFALL
20.307259146564924,78.60206087395309,20.743782356469378,32.244227350363886,36.93389776379861,MODERATE RAINFALL
19.758454680691713,92.03365710478275,32.11951491561969,12.115370329944536,31.59998470215033,MODERATE RAINFALL
21.68475780179192,68.67947431360383,25.35905460778219,18.40729693854728,24.530345458572526,MODERATE RAINFALL
36.43681581718889,75.41947075709672,22.635175733088715,18.53758748071707,41.601691925622184,HEAVY RAINFALL
46.197947769969346,61.63349350843018,33.964384602146595,30.812841522683303,6.042485166505899,HEAVY RAINFALL
3.946029809574842,55.67543537312614,30.098749253067684,22.928157488188504,19.653080209149987,NORMAL RAINFALL
54.46197031041731,58.64052810445779,28.99140059413897,19.88178504993445,20.521289447033485,HEAVY RAINFALL
43.391063349295244,80.9904690459622,25.9598583931139,9.731287215195277,22.92367114935525,HEAVY RAINFALL
30.362751670956072,74.35196799444208,24.974301227631962,9.989014448711197,27.20579657952748,MODERATE RAINFALL
31.786617542793095,91.41256712696907,23.31449954189226,23.574338611794776,18.487701614911852,HEAVY RAINFALL
30.039144320036314,70.77971108584747,33.69526829220437,26.430431841168772,31.71971441496936,HEAVY RAINFALL
6.224040328821409,75.70591507371309,29.66696170807543,8.10976163594406,32.908193235757665,NORMAL RAINFALL
54.09685039717172,97.2977402379739,30.904177441536525,21.992262074566117,3.520557087295168,HEAVY RAINFALL
48.945351306750496,58.80319308150519,26.61432201288104,33.89250275895512,43.21849711308085,HEAVY RAINFALL
4.294505511403611,82.24856955696255,31.1733753689736,15.437488022153687,2.3748422463337864,NORMAL RAINFALL
18.895039405128575,88.4766667296267,26.564163344774297,24.04451374680078,21.115457645270514,MODERATE RAINFALL
40.35980010951511,73.10369260739776,33.44813823467975,36.323598546300616,13.01437994493445,HEAVY RAINFALL
1.9429432096169381,94.68317419065811,30.49195391131186,33.25978370574062,25.366782298087635,MODERATE RAINFALL
3.3779769734405156,75.34590287402321,22.367109373361167,4.21965504602905,44.5664173225231,NORMAL RAINFALL
44.4892678823762,81.84563123564286,24.015419161220212,5.547937173048533,22.751824918827424,HEAVY RAINFALL
46.82948908289488,66.94749826817358,21.85554267928875,14.081793053704018,38.60362728359556,HEAVY RAINFALL
0.7811655534699863,59.79662438455467,22.44459386722625,27.446115395244888,6.801102605924037,NORMAL RAINFALL
24.56592422229927,89.73714972691366,23.657536230648965,32.13331952062564,21.821333118799426,HEAVY RAINFALL
43.9654603526472,92.0666204051889,24.799871934779013,5.629263025491401,6.5281613305172606,HEAVY RAINFALL
51.36680200841134,61.62846283627608,26.943275858004824,44.72417971310584,34.66655051143851,HEAVY RAINFALL
13.087109151010965,73.92795536084444,28.92604533092652,11.06684014084613,33.04624999226992,MODERATE RAINFALL
18.97916457047997,82.61722718454158,30.576775040279585,6.987757669825088,7.542017853861088,MODERATE RAINFALL
21.930964150970848,67.95878658800906,30.446107635464706,34.354397681845334,23.963437456747585,MODERATE RAINFALL
20.889043678291493,85.34113559702807,26.644254130696893,8.241442731089972,39.16249811323765,MODERATE RAINFALL
0.6524672052530306,94.87056862029648,26.28348873069925,31.175216425766127,43.27932252631637,MODERATE RAINFALL
37.55819710025855,56.76375744630892,32.84796997486134,29.409238503982184,43.02826451503312,HEAVY RAINFALL
23.748223323946487,94.475806705943,32.01697942477664,16.403598484575916,12.018951707364886,MODERATE RAINFALL
5.405223362475002,83.13676110744181,25.476152691658736,35.24549365816651,33.70909102917361,MODERATE RAINFALL
40.3872400667812,80.31514451750652,22.728959584827216,16.508483932479322,31.062524800707905,HEAVY RAINFALL
9.895415881498458,78.54733988236526,29.419226036359863,37.76264849246989,0.5382634960576455,NORMAL RAINFALL
5.373431771170605,59.46801324543715,26.243190846750363,11.434902006281748,12.748365859205459,NORMAL RAINFALL
10.619374229552573,56.01912033285261,21.28717795607706,42.35573511233895,29.547248335395107,NORMAL RAINFALL
45.950252539853444,95.87102524767484,28.9331603922327,32.447229550668595,5.3989699400021625,HEAVY RAINFALL
47.10424533678381,60.586011887835056,29.18952480475611,40.695580250471465,25.47309619295599,HEAVY RAINFALL
53.19410298140551,93.52807010536148,29.73915087118508,12.893436772126334,21.0130009779446,HEAVY RAINFALL
51.49001329514592,82.46756183727146,32.91773547182577,13.884493172782976,19.214252949878325,HEAVY RAINFALL
49.68653210786622,88.10486189361768,24.527657789012135,8.964539360787313,3.3298677018131024,HEAVY RAINFALL
42.74082726561506,71.46035710505686,24.65716631668374,4.582521856607942,43.00225646477966,HEAVY RAINFALL
14.55656688501031,73.94471780943971,26.884105009674336,41.929210823988704,27.46358482292704,MODERATE RAINFALL
9.8143193535624,76.1584636618384,22.01421640492119,35.054414902209516,9.827392418894789,NORMAL RAINFALL
35.38359918328921,94.24219658216845,30.015604448511805,6.4413459859715285,3.2813776520531963,HEAVY RAINFALL
31.423950791470578,65.77564306125937,26.242348732521435,40.55003289432197,6.698442394874538,MODERATE RAINFALL
35.21843981033355,95.11443011184731,29.304481710991062,13.456768687956938,31.502483970242654,HEAVY RAINFALL
49.753964889967214,79.7095308241193,27.215362041491858,42.41617614889589,22.08057542529906,HEAVY RAINFALL
23.983171710485223,91.29411360840498,30.93311851748719,35.771413318919286,24.30579226585558,HEAVY RAINFALL
0.18190481620514898,96.02867987482426,31.451673231405156,22.728852690843915,25.525974848037087,NORMAL RAINFALL
51.4273203129923,70.4334880436801,29.545700298544713,19.22643633465,28.4522636969813,HEAVY RAINFALL
52.73531377754429,58.8986799173823,27.484768151840484,43.31979744600281,3.6205553103474597,HEAVY RAINFALL
25.280164456553155,87.95984785607624,29.06909600528841,9.594587093907933,1.76990321679475,MODERATE RAINFALL
21.129002134057693,63.213135919358024,29.74235190049906,40.547810007564905,28.377767585202427,MODERATE RAINFALL
19.759361682517042,58.64908684092915,28.859077767519445,33.61893987020085,6.297432829487492,NORMAL RAINFALL
10.620099540017938,85.9487784940339,28.30123599871093,23.036999670542805,2.834668388018478,NORMAL RAINFALL
29.730362597014157,68.23242782418741,27.475160654703927,37.87276256759806,20.218827489732472,MODERATE RAINFALL
54.770849540106994,56.592835237005794,20.784762343228312,35.87447687241074,1.926654005407193,HEAVY RAINFALL
6.500290979760132,89.7054593497183,29.342429856387337,21.709925684510623,30.513502055101103,MODERATE RAINFALL
48.08404661350605,61.40500607241105,28.110839972360424,41.76707990540146,1.6594950340366899,HEAVY RAINFALL
7.7874759725422305,83.11475565150164,26.597074901316347,41.47482026062905,2.061076208358367,NORMAL RAINFALL
38.571324614310655,60.613122542334374,22.411486125418993,4.148193887624745,13.83018007079709,MODERATE RAINFALL
43.65334075205827,74.61593749584789,22.389651430360452,27.414827039466626,36.80100799937671,HEAVY RAINFALL
5.84821601420553,76.37717035102865,31.188453112682694,11.484618542445705,36.2004088917289,NORMAL RAINFALL
23.441630516602622,89.89540427881126,33.75069853910057,31.171107003736275,14.590572345525842,MODERATE RAINFALL
53.67192981857703,79.76658144945685,21.922611627744573,37.96636496843228,35.68957514759475,HEAVY RAINFALL
42.03253353019997,80.50266588075644,24.697052187361617,7.192056050728368,6.355656117869566,HEAVY RAINFALL
22.833487832865092,84.94071878423449,27.747708218619866,20.86243211833177,41.655398876885776,HEAVY RAINFALL
2.238439189906405,59.29861757915652,31.863133943458827,28.334984728497528,34.994773694119715,NORMAL RAINFALL
0.8596679447552646,75.93960141741537,20.088894099750636,9.714752814351687,4.011355800951689,NORMAL RAINFALL
35.84656855207069,93.1373511046205,25.82711139104552,36.71870753963553,34.76532188371242,HEAVY RAINFALL
38.07970819606694,63.864889399355484,28.95755985225213,24.492735157668758,18.541409602511067,HEAVY RAINFALL
51.5949285745635,81.25313351111086,20.526696967689748,9.740020080205396,22.49494357066036,HEAVY RAINFALL
52.266393526205164,81.96924112393555,30.956162424510694,16.957703374384288,0.2056518576813321,HEAVY RAINFALL
12.960145403106939,60.052836376607054,27.42278629299313,6.114405763250591,16.285558706692587,NORMAL RAINFALL
41.86205315793318,78.20808153468559,23.069865871213555,35.12424517376692,29.669722127652847,HEAVY RAINFALL
15.203462115815249,63.32991669956745,31.152581602998403,31.465481439848336,43.5858227015793,MODERATE RAINFALL
26.092706191266444,62.58192414693283,29.381996891777383,3.853970857882402,29.01873764685309,MODERATE RAINFALL
15.67854860072908,73.6908806175695,24.680124809112183,36.621608006011115,34.128360937473495,MODERATE RAINFALL
2.382461545937957,86.83792604696477,32.948058840059105,9.563167153268761,35.34714081367802,NORMAL RAINFALL
26.67837678134221,59.990798674873695,32.53110844861118,33.0203324640341,26.67179980195522,MODERATE RAINFALL
17.92847728765491,63.546310008501486,29.47593564225151,16.004453233575216,35.05388755318506,MODERATE RAINFALL
17.937272358894447,59.21675775346226,30.328470124127985,39.405111026749765,16.898957454498344,NORMAL RAINFALL
12.136451706619068,75.25258117287581,26.78170802265965,40.29102028714268,6.522357238288462,NORMAL RAINFALL
51.033791404357885,74.56460752082327,25.422624254441196,7.865398426971049,32.391954725511155,HEAVY RAINFALL
34.76116142960235,96.94890332666684,22.830952470768086,7.470105881840491,31.14947382800253,HEAVY RAINFALL
3.280844579884622,60.86956447197272,31.923119131605922,21.71889377373177,7.704059252256757,NORMAL RAINFALL
18.896680452614614,93.11558579423982,28.450903759859752,35.950519495951475,28.709964624600158,MODERATE RAINFALL
33.634044973602855,62.30722581490294,33.58190178676381,38.76517293510734,3.891344953524516,MODERATE RAINFALL
47.13355700446131,76.03617613818167,33.93930072359887,27.43797746568938,37.66450618076571,HEAVY RAINFALL
15.354398308677315,86.39076344973404,30.306504027667483,12.606129613941548,14.728317629852834,MODERATE RAINFALL
31.87068665200742,93.34837300987263,28.28480284845481,8.405697176541782,25.816535319546837,HEAVY RAINFALL
0.2792669682014848,97.14791377560526,20.56082151739172,22.238063108470147,34.58728758759599,MODERATE RAINFALL
1.8491304920119807,77.8382342305464,26.709770749032728,36.31475312230066,36.95810943402323,NORMAL RAINFALL
24.884275251930035,65.34199417809349,27.818817530148486,2.534188634200937,32.93038277549903,MODERATE RAINFALL
52.24636425815788,60.70661607691231,24.14106599499936,29.848528533838103,4.0828277224068135,HEAVY RAINFALL
26.388062326587423,68.10797389565052,29.84626283071905,38.890650782930656,33.62790134746361,MODERATE RAINFALL
1.342741055064966,74.55815429942092,30.805690109288207,39.59055863495767,18.24121675135611,NORMAL RAINFALL
43.44222920339814,70.92807980591708,26.500141023506437,29.236299023469062,38.71721929482166,HEAVY RAINFALL
3.8884225574758604,93.41768093185334,24.66068593735162,3.4067095425230915,19.16560138672561,NORMAL RAINFALL
14.838415931113238,95.68210622174705,27.594091490307534,36.16258639028144,35.446132986321544,MODERATE RAINFALL
4.452747286297651,92.87643166210407,30.300650991882428,4.356902034086499,42.53950034044821,MODERATE RAINFALL
37.105913162376574,93.18304995609216,21.553531612168026,17.720406934694743,27.86100526779402,HEAVY RAINFALL
20.106412918521574,62.53649833702612,27.8230664124208,4.881254308764657,31.920171117863784,MODERATE RAINFALL
11.259192620309584,97.19381975682062,23.34085787501092,6.88298018953689,21.532205925748517,MODERATE RAINFALL
51.65313628595503,79.94513357027358,33.42745223522045,11.021140950817315,33.52575215876002,HEAVY RAINFALL
12.399047446440974,70.16660178162992,23.74300993271115,31.249749773636104,12.471540029724684,NORMAL RAINFALL
3.4853049032744594,69.84474301676197,26.807176672073464,24.64735176169181,5.521924541573023,NORMAL RAINFALL
39.040390880813796,84.1672565526612,27.45997651362655,14.567367184423432,27.94280705278041,HEAVY RAINFALL
43.994712695716736,95.65070886022293,31.323142272928223,42.45766314100179,2.9532416051321517,HEAVY RAINFALL
49.054676731071204,74.6885871570876,21.12238564692106,40.61167197442732,12.976770945798922,HEAVY RAINFALL
52.61448114538268,59.70269158545842,23.863198306920708,31.974530766621406,22.334793074223494,HEAVY RAINFALL
48.12462267454034,77.38956849232692,28.781866761428592,14.606286003523138,43.63085724941009,HEAVY RAINFALL
29.778922693764272,60.677176858320166,24.85380345494911,21.085982238661476,29.0107998696469,MODERATE RAINFALL
16.03342384396744,57.706828869488646,32.20511181077247,11.990106730928593,42.63519203948171,MODERATE RAINFALL
35.456961717257315,72.70274437132699,24.7990947006691,29.780202737699803,14.683788619016688,HEAVY RAINFALL
32.634649028048244,84.96513397095462,31.78671018539788,21.14602105836797,13.683705222057732,HEAVY RAINFALL
7.2574838579111205,88.94197525962655,22.404319756103664,13.180320678290897,21.79094006669226,MODERATE RAINFALL
53.38982266074453,88.09923869637467,20.662465110992912,17.184198500427808,20.51669417343753,HEAVY RAINFALL
9.149968989377184,94.73766054148945,29.96537041287447,14.265603034481863,43.79427401640393,MODERATE RAINFALL
46.1632422279277,84.79294856565133,29.328983523863567,8.599846407279017,10.705739596942662,HEAVY RAINFALL
2.263330106865738,68.61491102505164,21.77062916884155,13.197509481727344,8.302346238732271,NORMAL RAINFALL
30.936798333319953,56.49163081212931,24.43721270331976,16.78542164982558,16.78117212041698,MODERATE RAINFALL
29.692662795265107,61.99169714709108,24.22183677331254,41.57866096550065,18.205304905013,MODERATE RAINFALL
27.467930371079586,61.25150712396896,26.41257030508934,15.769371030556337,0.19324376178351865,MODERATE RAINFALL
40.617223978325775,96.9508445547416,24.637929045121485,32.33440833321917,21.3259803154989,HEAVY RAINFALL
15.940495046439061,95.59240960649365,33.72965690431684,26.670286064417454,6.618756361163611,MODERATE RAINFALL
31.08773332141271,93.99587388082266,26.189477479022607,31.633320203643823,32.923823457614745,HEAVY RAINFALL
49.50959579798914,60.99520161862938,27.71343986419041,15.247534633176107,18.0733464866019,HEAVY RAINFALL
46.24823039114523,74.1768257198328,21.294735838242847,4.3664463546164445,28.859069375557738,HEAVY RAINFALL
32.08872928435997,64.55218585278976,33.099311074162515,13.950868274389011,1.0146890860909914,MODERATE RAINFALL
29.612676178811682,74.15469752336834,29.401808868398753,5.757208294876652,23.03043848089175,MODERATE RAINFALL
10.694752164003214,68.66358592313819,28.471089505864544,42.566293056384076,40.880112759802394,MODERATE RAINFALL
19.858567803097436,61.36167535026701,31.953256979487588,17.89408858569594,16.77740179411013,NORMAL RAINFALL
15.655770107884788,70.10826643740884,33.68533079503524,39.59497463795855,3.9419383906296,NORMAL RAINFALL
40.031934632578995,74.10147557322449,33.896360321481055,36.55847669413453,12.988530824859179,HEAVY RAINFALL
44.31200318068293,96.72550894768622,25.93365077823756,40.5464395419533,6.280545909688014,HEAVY RAINFALL
32.29490371708918,58.70135289562113,22.908973069826036,22.408364590260714,39.03866189448943,MODERATE RAINFALL
54.265109102785,57.84297859017237,33.44133417509127,34.51290430246453,3.980172539486353,HEAVY RAINFALL
22.520335131394337,94.31965134108916,25.80319619512932,25.899995333486483,31.961115304799634,HEAVY RAINFALL
41.53840612857019,60.88786271637734,22.604089853554754,18.416089903167755,24.924011692973618,HEAVY RAINFALL
2.3228102941360795,90.52867712814879,31.68419282282081,15.068318309234982,25.167647550206787,NORMAL RAINFALL
25.48985088131288,56.15412063168318,20.0342534494127,13.295112013126046,43.021196825988476,MODERATE RAINFALL
45.88336892434094,75.31927027806347,29.15338161083153,40.38552060254386,18.772054747281622,HEAVY RAINFALL
27.053757681501104,84.57725699786687,23.42650366126147,7.1322505316353535,12.474766538942305,MODERATE RAINFALL
54.68831247377688,57.86916753465181,30.437918030207104,26.985828114009603,25.450856533818563,HEAVY RAINFALL
47.75902550060402,82.00383004169353,26.664569986161755,31.852539242700292,5.38126578028574,HEAVY RAINFALL
28.18892281735427,79.73633852418094,31.83392095292747,9.002431005322508,2.6329677296889598,MODERATE RAINFALL
17.58246112881167,92.7676423699496,21.896963514412914,9.022280628041905,12.270165914687176,MODERATE RAINFALL
23.07327028359169,94.22049871140513,24.983780523255533,14.463816497784526,23.832554845158707,HEAVY RAINFALL
51.49743608553311,77.09625920157163,30.730194127503182,9.879642388832888,4.252889357092319,HEAVY RAINFALL
41.394567856136526,78.37963041567873,32.21420388241817,37.553345854094474,30.82352180774863,HEAVY RAINFALL
16.558976992445018,84.47407993683667,29.636852987671773,6.120836622864555,26.102098865980814,MODERATE RAINFALL
45.28231492567407,55.55459954506774,27.254390447883672,18.039610389536147,21.820456113962475,HEAVY RAINFALL
18.717220020666012,94.16388307519446,21.433850013094148,8.645861332457248,9.950107577598166,MODERATE RAINFALL
10.362923173091335,93.57343950884174,28.587997031622674,37.75089582023988,23.65437711084737,MODERATE RAINFALL
29.265260951147166,78.6978516220852,30.58829441097471,6.900569662048585,20.722111137370778,MODERATE RAINFALL
4.202017906390953,90.21032399418192,32.92773653748118,22.619283884562744,14.020805963108549,NORMAL RAINFALL
19.941271116180484,90.13266424092151,32.456169395343544,27.698891494379993,34.36152956377726,HEAVY RAINFALL
18.8124821295693,85.5254799656676,20.40263352112802,37.02668666168798,10.006103148997957,MODERATE RAINFALL
47.12483650582606,61.12145146419129,23.172042029380773,7.389799788766823,5.859821357950048,HEAVY RAINFALL
4.323272916408467,84.70517987616374,30.976416122645965,5.342617793445848,34.861153861816746,MODERATE RAINFALL
41.65337189077296,56.82822845461288,21.509443346106245,36.10137281098157,23.106563662684916,HEAVY RAINFALL
3.259588038917845,60.113655373951495,23.542174597128785,4.848636530121933,30.041389058994184,NORMAL RAINFALL
41.50026493003739,88.64194500687064,32.881372991391174,10.832251021764653,40.55286902190074,HEAVY RAINFALL
10.163000351809227,70.11594765825676,21.270910382552426,38.372045465458285,42.383024077727676,MODERATE RAINFALL
52.1835382795805,69.95697129625634,22.247802704363565,23.527279858101096,32.78493402587652,HEAVY RAINFALL
13.300238719359092,79.52012035949895,21.387479584471965,26.859748160984317,0.6292940214108173,NORMAL RAINFALL
11.934894169640835,63.236543368275036,23.94599508050701,40.771392534842846,24.170692005714784,NORMAL RAINFALL
53.5468947134481,59.24348589585706,22.996215409686272,23.6803966880274,31.84902408243863,HEAVY RAINFALL
20.15546641049765,80.34336455881899,26.155321608702536,43.183152642957516,8.138184193994078,MODERATE RAINFALL
19.515228971627067,71.32344743785225,22.999836006756976,11.784831140382979,5.0780465398983985,NORMAL RAINFALL
54.15370127026301,60.31546230639348,21.544426256985858,7.8442319059378525,34.30231557232343,HEAVY RAINFALL
38.76020033549457,78.95668128171468,20.568519883986347,16.108962515217442,5.207517313325031,HEAVY RAINFALL
15.598629341513044,80.81674886238203,24.36809675111362,43.97569903110622,19.978014157446506,MODERATE RAINFALL
30.465374010805206,67.4953409757717,31.975119337375933,10.117754383692676,3.132412063061882,MODERATE RAINFALL
46.25820513169469,75.45410226568971,29.507835515917684,9.70978318564438,44.942549655863274,HEAVY RAINFALL
27.040660544971015,59.52239103647992,26.132816905657002,30.31757532127427,3.8252659541726333,MODERATE RAINFALL
7.8852158912616215,72.2268443769708,28.267801252648173,6.374052732300626,41.638064199382384,MODERATE RAINFALL
53.78193310856653,57.78254767983801,33.65290491869457,16.56116079249479,26.77323734746372,HEAVY RAINFALL
54.48637252476734,60.278773211042534,31.733527838780425,33.183621514303496,12.533324952548481,HEAVY RAINFALL
39.242159404817734,80.02250083183459,23.821619067998537,35.94818748863281,28.97240301553255,HEAVY RAINFALL
22.0129540904265,75.46053018172913,28.44431605415004,19.39107476520164,21.803978666764895,MODERATE RAINFALL
15.33898482550364,88.02398088983665,21.512513352264918,12.779663995218868,22.3773201956375,MODERATE RAINFALL
34.560406631470954,60.78816037087225,21.394447463223166,4.2726540915924,3.070290292919206,MODERATE RAINFALL
37.29590923690191,96.79911967144247,25.356861758710256,31.20578756972479,6.873149302779637,HEAVY RAINFALL
34.20817188380505,59.14234602963457,21.071241626554194,34.319219100160915,34.540744886908215,HEAVY RAINFALL
43.600227837496995,63.68306544142369,29.26930526622077,23.080765491024955,11.774937319827934,HEAVY RAINFALL
18.898860734116194,91.96590941580196,27.65268047338266,42.96096128113933,1.4219335435481368,MODERATE RAINFALL
23.672352309576503,94.34238381775295,25.370818274480232,15.526045506250814,16.93514533277621,MODERATE RAINFALL
25.281093135319363,56.41297123287152,27.793331706760483,38.99551021690254,13.637005722608492,MODERATE RAINFALL
38.83325620761464,76.13362317174142,21.882835390973355,32.776097154099205,21.93547170147673,HEAVY RAINFALL
6.0160096085595836,84.02605694602288,29.24110024983417,31.471089185728673,25.749460504515667,MODERATE RAINFALL
26.17510803732311,91.73711319060155,27.09359068259835,18.829547243757634,22.261100870348738,HEAVY RAINFALL
53.39789171352143,81.52840608424674,24.93869278379225,44.04466661237787,14.421725256473414,HEAVY RAINFALL
1.5480842625758635,56.94009343916562,31.7170781279336,17.001701875111436,33.39257103412236,NORMAL RAINFALL
1.4794913462226895,93.32774428935035,24.77759134268781,6.186052116828947,15.531436239462707,NORMAL RAINFALL
19.655134436906334,70.10457820018617,29.25736008151773,12.647399031287053,29.1637271198964,MODERATE RAINFALL
32.589241673587225,94.1467278047176,20.917003304996783,15.11123561801214,15.191741568148627,HEAVY RAINFALL
1.084159460760088,69.02302402710346,26.452731409734106,39.124846437322645,25.562223219604725,NORMAL RAINFALL
49.57754148665438,66.46461206583155,29.74341866803019,27.28353704479461,44.35941516789157,HEAVY RAINFALL
20.775567638646397,71.7829339866647,28.015541027249093,36.75804243981406,4.502550744182451,MODERATE RAINFALL
37.13112124297736,69.44660088687725,27.03875931620896,34.89086772276211,15.279274117188338,HEAVY RAINFALL
33.815533045483,70.62337513033594,26.103875851814603,23.36892359200195,38.13003423686941,HEAVY RAINFALL
43.29322847830254,91.13636101457755,27.501676328458796,14.356289039564647,2.138911250080256,HEAVY RAINFALL
54.79252313482492,72.28717614410765,23.1624036784769,33.94418510192234,4.138102585798556,HEAVY RAINFALL
46.43027862012855,59.07354545183614,24.715732856296817,4.892600389990333,36.05335521621901,HEAVY RAINFALL
26.139760192415295,64.01878382216847,31.13912449086653,30.01608298287373,13.58311565748437,MODERATE RAINFALL
44.22696915637698,73.61515083557842,27.559266108177166,10.603310375031176,18.10354300817039,HEAVY RAINFALL
34.3730131785967,74.4888300290487,30.688191009058613,9.765836588133517,0.837149495281107,MODERATE RAINFALL
38.68324051344637,92.09652169064563,28.075806133366008,11.156970615794263,43.29526835736527,HEAVY RAINFALL
40.821440604296804,75.09369847566818,33.12028095819778,24.906931406141364,27.64900340419157,HEAVY RAINFALL
42.30155408290006,73.65015284858156,27.92563019821503,28.950614277831548,23.502131358006306,HEAVY RAINFALL
20.03510680375075,61.352978619456884,22.106617156044166,31.468185379488716,13.51240536559738,NORMAL RAINFALL
23.946383130284506,68.70208674660321,31.62300132778234,4.77038376971246,9.160111867401854,MODERATE RAINFALL
22.68411088497498,90.41956029342799,29.04459715074435,13.027205299845045,27.055452135397807,MODERATE RAINFALL
22.32262665865263,59.883018795016234,22.686824160723823,12.560224222190115,37.225297085749546,MODERATE RAINFALL
25.528783550083855,79.07247545291187,26.10586075416407,29.817648201757606,1.6651680625198222,MODERATE RAINFALL
8.764716871076509,60.86651703903898,23.617555864567887,36.55214186716225,29.640182068808187,NORMAL RAINFALL
9.679187204213141,91.65840375286334,33.493016467352476,22.89120451834836,0.89589336879348,NORMAL RAINFALL
47.277120160369584,58.60897026581991,28.422396363107175,39.28838652919242,40.52586982383565,HEAVY RAINFALL
22.38537683578229,70.62767254473194,29.204028445482784,5.883170575398852,42.44229639166199,MODERATE RAINFALL
39.83289492391992,61.0440865319205,21.56705309445878,33.58265750490641,41.9820951329836,HEAVY RAINFALL
28.70766573795633,90.64620805500485,33.29544300475435,42.05689188529689,11.33136262998208,HEAVY RAINFALL
48.65106742802026,65.2373047753596,21.71187566835189,36.68755156156901,14.817865993492582,HEAVY RAINFALL
32.13794213196635,71.76787876077881,30.477239209528456,12.14533740450817,19.02910493172986,MODERATE RAINFALL
7.935284978708406,62.53163298373424,33.57892866316186,20.897442747355615,11.443766421306854,NORMAL RAINFALL
32.421451941698024,76.0854189465881,25.245869784017266,42.79456824703021,14.242047589708315,HEAVY RAINFALL
23.30797240970266,84.35775324398955,33.486414759518745,39.81564225795678,42.163753111072026,HEAVY RAINFALL
19.964890674778797,85.77386285225145,31.499115126687286,2.906191049159286,43.50623217027876,MODERATE RAINFALL
33.31981030787914,91.18333756026877,29.27112808216496,42.45647588633679,31.080710487705304,HEAVY RAINFALL
43.38414908899309,65.30606065599817,27.738190646362774,15.298545572719046,43.131762530861465,HEAVY RAINFALL
19.9570304131034,89.92676285256206,21.70875276244245,39.27897621068672,38.59412126174663,HEAVY RAINFALL
21.3659058170962,94.12093129986646,25.501657955237505,44.053692739239686,11.499016050547114,MODERATE RAINFALL
4.963768023980643,90.37643220675528,23.29644636931956,11.046619124374681,40.061102749483474,MODERATE RAINFALL
50.37399406832845,82.14816621421969,32.31254146524868,34.96985872619203,18.2829967179841,HEAVY RAINFALL
1.8634924670458446,92.25711729708362,31.524768925550532,42.44130306797288,21.199107752460154,NORMAL RAINFALL
22.712872519771356,91.17002905388962,30.043404250689775,39.7007327712885,36.91085897026807,HEAVY RAINFALL
45.34204761548998,85.03473406450237,27.08868319488422,17.12982290310735,27.095217390473344,HEAVY RAINFALL
44.73854266200233,86.72477738597273,26.34566454390393,3.1760884133349645,2.3444470305873106,HEAVY RAINFALL
35.28758812774478,82.09672268529545,31.074270449395353,7.851965599747443,18.029783248926616,HEAVY RAINFALL
34.556295028367,68.49003751396985,21.15124871992763,8.786364896095938,23.236465097296065,MODERATE RAINFALL
53.3315522761524,90.7167194032279,30.68427784607784,38.419298481514254,30.858902025701322,HEAVY RAINFALL
43.59532622000576,68.7341625572299,26.69711671940298,33.61240067885012,11.730594581414431,HEAVY RAINFALL
37.81067794275375,90.55105020169883,31.193401351162514,10.54253994397189,18.652339104875775,HEAVY RAINFALL
10.003908959345367,92.68477055597873,33.22660016779234,40.02668150906856,10.101921006538406,MODERATE RAINFALL
52.14600694375749,94.69383113098732,29.059493650257917,28.944976373273217,40.80801512303908,HEAVY RAINFALL
53.577016446242986,63.52544671488312,29.81765615884686,9.25650612369677,18.046570999996227,HEAVY RAINFALL
23.589685246509315,66.1867845387593,21.246857743058055,17.820566626752047,42.62595788036235,MODERATE RAINFALL
6.45427853447437,85.89908722498284,26.092222294412778,41.55952910271473,20.416853928764052,MODERATE RAINFALL
37.048552350537456,60.096031007564136,29.98989196750548,10.193399106563996,38.787152592864324,HEAVY RAINFALL
43.016706888684304,67.38236483258791,26.91835420838765,7.598571244971969,38.535197744498156,HEAVY RAINFALL
33.00455325734736,97.79392034885154,23.96154143045778,31.11911200093192,18.824894600485592,HEAVY RAINFALL
22.468825605403588,61.27554264096352,24.062701461209315,13.257376947446774,27.79561080257558,MODERATE RAINFALL
49.90305292351162,70.89442279983187,29.57973920599593,21.7010567909983,0.46441090181225775,HEAVY RAINFALL
7.326271481285919,68.89957712515566,29.702329811198755,31.534655318598148,32.10011770767939,NORMAL RAINFALL
38.96492416621001,86.65247653185892,23.587158315053422,6.097015149526287,2.6438541140039815,HEAVY RAINFALL
18.307439731125186,65.09818190522562,32.71517152309584,44.85979577954189,42.26948730785861,MODERATE RAINFALL
53.19654143693795,80.72397883617383,30.47538576526896,3.9570104794988183,11.414559727194828,HEAVY RAINFALL
34.08118323200622,68.00781629259531,25.5257554009383,17.948752162503034,43.562601470575984,HEAVY RAINFALL
30.775821374817745,79.96093712533269,23.644083130196712,23.66110903912866,41.86471235202963,HEAVY RAINFALL
48.28432135838767,60.67253994833576,24.442443415102197,24.80822343838196,6.380808030950055,HEAVY RAINFALL
6.426313089056522,56.898972943993016,21.790200926281127,39.48222104351948,37.56618170175723,NORMAL RAINFALL
41.13028522456118,94.82819282631351,23.960957114689776,39.70826457678008,27.581920678403325,HEAVY RAINFALL
41.88601554162374,66.34159144185352,24.382144422090462,40.38488782267499,14.199431375854576,HEAVY RAINFALL
54.7010786236831,87.83804278710619,22.11770644619648,38.680447434504856,29.583876495430978,HEAVY RAINFALL
43.90211007892659,57.28855409565239,22.080691298573765,11.884003459476506,1.6138011676157897,MODERATE RAINFALL
14.312317997183817,85.35640309070581,26.110018131318213,44.79367496440212,41.72428535126883,MODERATE RAINFALL
2.2435439697174897,70.33036499857306,29.926407991736852,22.8635791218554,22.184484750495027,NORMAL RAINFALL
46.52110930224521,92.2758099166029,21.73115927647397,6.02384876281432,39.06778993297547,HEAVY RAINFALL
9.936023026127002,62.23668506925758,27.122328695029054,13.7300368116769,40.09025350094732,NORMAL RAINFALL
32.212257099760976,80.09253781224933,33.60278296513677,24.618662483799813,25.685451501053556,HEAVY RAINFALL
22.903044526448294,58.30392490017987,30.75554797778689,31.10706619214359,39.93154641084075,MODERATE RAINFALL
1.4279192733426997,84.29643082765774,29.528951732127915,18.94930151896929,26.56523240217328,NORMAL RAINFALL
52.31709175433103,90.99001996898761,22.15285656157317,5.485719180032806,37.381465150764576,HEAVY RAINFALL
36.274662773251755,74.52438715114697,33.37282143362208,27.55078315209054,0.26124123352923356,MODERATE RAINFALL
53.337378259089476,83.21542855174607,33.312543558652905,15.971365136943689,32.9195347800251,HEAVY RAINFALL
40.387575774478236,96.16831950301258,27.96821810163917,11.088775024719462,2.190701187179298,HEAVY RAINFALL
35.400421623606015,68.89634640753508,20.777490335801243,5.04113582914857,42.835508488886944,HEAVY RAINFALL
20.97650114514161,72.15091536918318,22.49215121091248,43.497120321897654,38.9481979828423,MODERATE RAINFALL
4.905356922210467,91.65087082947475,22.281169574253564,35.51817944126604,12.822115004975794,NORMAL RAINFALL
41.390721145971,83.1247648494526,21.68842777743677,23.106339197213337,19.45612887378795,HEAVY RAINFALL
44.349425775509246,68.33435621008704,29.589467186102198,7.645326744309834,29.948413329757877,HEAVY RAINFALL
45.76290808774624,77.04408870335268,26.854722501607192,40.072760661600896,21.439785898339544,HEAVY RAINFALL
30.968139231344615,73.19203495889575,30.590869008865273,36.8727574634116,27.624050255015582,HEAVY RAINFALL
23.87582573807049,73.31873524931625,20.56613325466797,16.695028438051693,20.858619402645537,MODERATE RAINFALL
12.332661678035432,84.508171041953,22.170975811998147,23.298856911606972,28.330181160011456,MODERATE RAINFALL
28.857278113203908,67.50023005257117,26.122977265034343,41.00993157525674,21.49251143274975,MODERATE RAINFALL
8.17335962601187,60.494959178756915,32.640650661332316,38.18613203385547,23.539142565786324,NORMAL RAINFALL
16.251489864807297,57.052315799092916,21.071455276327043,3.93908085731286,4.843447714889949,NORMAL RAINFALL
23.37024366644075,59.062827586980376,29.25197355512038,26.44456304573614,11.402114897933554,MODERATE RAINFALL
14.017311239288995,58.51609114596107,27.04822394421519,6.899226112978121,29.77102455369795,NORMAL RAINFALL
9.875370772479025,62.83494978580715,25.501402725529836,5.5814943008036675,39.453990621097645,NORMAL RAINFALL
16.370613368355105,80.24996069175057,26.369974081240294,30.82117425909459,28.07146773749987,MODERATE RAINFALL
14.579091435472597,96.56894395112107,32.198827455491454,10.049244553416518,8.328932587205792,MODERATE RAINFALL
41.08661256000578,80.97427355610326,32.202621127871595,6.57221832613165,24.04692013417322,HEAVY RAINFALL
0.3215888270837136,60.01716519573404,22.404294916847448,22.516154578231347,31.131280349411973,NORMAL RAINFALL
47.782928654361065,96.52956372501413,28.426424161812363,22.929067239317288,27.832471851937182,HEAVY RAINFALL
53.56570406944279,70.5113376729077,29.43324400100099,31.682614237289116,17.77487569457913,HEAVY RAINFALL
16.646116225569934,60.37884806699976,20.194262852305393,6.812237606098005,0.7148360931982067,NORMAL RAINFALL
53.378620001317266,91.93751730138851,22.92921272468299,29.890798533272964,29.2382921716579,HEAVY RAINFALL
23.968366059027115,81.92054349856184,31.060161512644257,10.209321466848422,13.541304131131255,MODERATE RAINFALL
25.488405549147057,75.38153076276784,20.305435595143017,9.142536206572201,6.859000796416049,MODERATE RAINFALL
38.64289581395407,96.44627544177334,26.600848781129635,38.971247153946756,26.335182122277722,HEAVY RAINFALL
11.073613101361147,79.48550985504971,31.673739459248388,4.189653749432805,0.3543426440645625,NORMAL RAINFALL
34.672543418553644,85.66299102877737,33.71281713112893,38.490499223137185,33.168524101672745,HEAVY RAINFALL
32.771175281772905,78.83509458570282,24.070843447135694,22.962350064413663,21.87454322800791,HEAVY RAINFALL
32.50716015587583,81.29429760737032,29.501350839965223,37.1176371895393,21.955567303566337,HEAVY RAINFALL
39.28596808268694,77.71727878464642,25.908063665551296,15.581556460186796,2.857975602546326,HEAVY RAINFALL
49.10824578744557,72.93691069806401,26.6267316016344,23.27591841500966,42.25340142159232,HEAVY RAINFALL
19.072026235296548,84.99312093673565,20.291296945949405,14.384463602505571,8.649058387546384,MODERATE RAINFALL
18.911606439173873,64.98043386510273,23.075832830572292,41.0900166292033,15.261884938762346,MODERATE RAINFALL
33.11550730422108,91.22608678604337,29.197413910616504,7.639818385067998,13.202731889000349,HEAVY RAINFALL
39.12618522696508,96.27154483590294,31.663130441134854,30.943613626491338,33.056308449890466,HEAVY RAINFALL
43.778496503665046,89.38946753554411,31.82343797585637,28.739222272559772,12.710574687133649,HEAVY RAINFALL
41.208986600790574,83.68342745128467,21.807351756290164,10.577821580480828,27.258705326530023,HEAVY RAINFALL
5.549704906653873,72.8873275634002,33.912741295338805,15.057031416095144,9.424482360909678,NORMAL RAINFALL
2.5877134871435676,55.779615614025516,32.33268549778545,17.352886617987586,7.137245929704349,NORMAL RAINFALL
45.53717786275142,93.46167123801703,20.447580108757446,4.737620208580747,19.377920814816786,HEAVY RAINFALL
33.965960684925044,60.18958541128935,23.137338942357257,13.0863520631753,15.314589629470264,MODERATE RAINFALL
19.538253712025018,57.00708340938449,32.287991060303995,13.502123128933167,6.803026820744324,NORMAL RAINFALL
37.9574570287262,77.1616600378189,29.372802462115796,32.3754114446651,41.698444430396314,HEAVY RAINFALL
24.08046885538309,74.65683251167704,31.78235763744042,6.770026332962286,4.765133672761602,MODERATE RAINFALL
33.58148990967178,88.63271908395483,33.26336891521627,37.41523980488132,1.888624674296064,HEAVY RAINFALL
5.7976096062924425,82.08682299462372,32.19217263814365,41.17238813303748,7.066464631078519,NORMAL RAINFALL
16.06676432452339,73.9852701333499,27.08255263401176,33.499731447034975,4.46824075239381,NORMAL RAINFALL
35.59011340145416,69.38812358844216,21.92881449849731,38.48958894372943,19.75988074119128,HEAVY RAINFALL
22.866241129540363,88.06842604490566,23.434424904639922,36.793244275208735,15.359403140128576,MODERATE RAINFALL
27.776250052596616,58.665056053092115,25.214109003639194,34.458344138006645,16.228953289425505,MODERATE RAINFALL
36.57473902031645,61.51928222468398,30.54910039465952,20.134055002408303,10.268190176857594,MODERATE RAINFALL
44.09727732528192,72.77660500612008,25.73033047149266,21.726381748386792,38.357571573756545,HEAVY RAINFALL
43.70340405047629,70.55629789516948,20.416680978209538,8.260125153634919,0.4476921058681421,HEAVY RAINFALL
44.34357761185004,95.57664213323586,21.186895003439865,15.536596590809427,44.18752159742093,HEAVY RAINFALL
9.037857494309357,57.64313812487162,30.62869339078152,30.387575407835175,28.865958949870198,NORMAL RAINFALL
49.638112236564226,57.485822670478505,28.84250587016835,32.67488923192056,29.71627343007624,HEAVY RAINFALL
28.58780997616323,67.71615026913679,25.62803945244074,31.277438269063733,24.912469270151753,MODERATE RAINFALL
16.73776626352449,86.93599258727502,32.72923194481584,2.3397960406627716,12.590133514325196,MODERATE RAINFALL
29.02854545840664,94.57937544073953,29.80413089435647,21.186129180243697,9.231010712244279,HEAVY RAINFALL
29.943391005246205,88.89868789599882,29.128519223556022,31.991251519663454,39.94537034282385,HEAVY RAINFALL
42.98597012223031,72.39374534295659,22.762140559655766,14.965850730419753,1.6636577560343375,HEAVY RAINFALL
18.397110860419605,86.17924334043163,30.360731112347978,7.418242777736462,44.63657862943083,MODERATE RAINFALL
15.616032270754857,58.99124141783922,27.72500191905747,24.417442199963936,34.06708459262436,MODERATE RAINFALL
8.801503712595965,56.19932268771329,31.15238178937925,27.47765487524627,10.860290061312197,NORMAL RAINFALL
42.578678292906396,86.2398975951826,33.81736580337468,6.749001968468764,2.697558238143134,HEAVY RAINFALL
20.513837741960618,81.96054988967234,24.96262684265809,4.0525135363048115,29.293308871689707,MODERATE RAINFALL
6.861239296797873,67.81232784401415,30.316021740980354,21.485327903748694,44.23277531284376,NORMAL RAINFALL
44.29631591600696,97.52700339264075,27.918361172117738,40.45657260950055,28.248495831701337,HEAVY RAINFALL
29.330876107866068,80.60860332887641,24.90471989057081,14.23502628265069,35.315516827095784,HEAVY RAINFALL
39.31699575112845,83.9146534876434,30.000913704092206,24.3456658401566,11.143499908858622,HEAVY RAINFALL
18.031582969463244,80.04186897188333,31.519798121599056,17.534503910953642,4.409452427885653,MODERATE RAINFALL
39.14022314111193,90.62281806557087,21.147260288085644,4.67432791940964,39.98291835824288,HEAVY RAINFALL
26.19391893456237,74.18505574283841,25.170119028356034,24.628990935671396,26.470775605392305,MODERATE RAINFALL
28.541974967981574,71.97564643246409,23.691711933763717,23.44957414543501,19.053998774610683,MODERATE RAINFALL
24.204397521138056,95.03453112957075,26.85357493343977,43.850716776606895,37.07153236365262,HEAVY RAINFALL
7.939039974050399,60.46633104864411,29.956107947289787,7.56356308330124,31.703610815803305,NORMAL RAINFALL
47.479941167702975,60.07650077985406,22.97699554544727,22.35428915472416,33.592333771718934,HEAVY RAINFALL
51.923825858134535,70.88127856428166,33.325504538884196,27.86880919076253,18.387893661596827,HEAVY RAINFALL
6.647653544897048,79.58588444033559,20.563949982217586,8.592093959919476,16.716030938339276,NORMAL RAINFALL
54.50610556151931,68.0401835563868,26.80295756751067,36.02175914603012,6.396291257967519,HEAVY RAINFALL
32.429333427523325,57.09199500294989,32.51954099738818,40.22945986829504,9.701165506530335,MODERATE RAINFALL
45.05187880755452,76.01812721855705,21.712590677034274,16.991904570946655,39.16919411726826,HEAVY RAINFALL
22.966633487229817,79.64154094693944,27.92069566498132,40.7123533824563,35.16072069837714,HEAVY RAINFALL
26.13751516413166,85.96144030130199,28.47993594303231,34.7639029544328,22.71437375724846,HEAVY RAINFALL
25.35148905137429,74.3469638279862,26.287046343727084,39.25285876019417,14.634732894742292,MODERATE RAINFALL
43.989639165717165,83.57359943400581,25.734796579340784,12.011358184445722,17.79287081401724,HEAVY RAINFALL
29.75469479352298,96.19741815946314,32.46060431155075,33.64425016140289,29.0662438346732,HEAVY RAINFALL
47.627446533060166,85.40997092475426,28.00792711095161,36.234827601750126,31.83294820709648,HEAVY RAINFALL
30.857439529029893,60.32260928815834,27.83093952530718,10.274349533559663,27.841682466734532,MODERATE RAINFALL
31.727057074523227,57.27359859767251,27.983421365205594,10.14402253384902,21.412606147071312,MODERATE RAINFALL
49.32753541340324,60.17217658687338,33.10654533986771,9.728966261313861,0.8538112593689051,HEAVY RAINFALL
43.27163753151353,65.54732785878102,29.878647832161516,40.16920063585615,19.990326120027582,HEAVY RAINFALL
44.38065632689678,81.09475730939612,25.62517011347787,3.934296690921042,38.78884510713216,HEAVY RAINFALL
1.2794786594630059,73.79174905092898,25.809109928733086,38.96488164886665,14.282209591496692,NORMAL RAINFALL
14.14477862422451,59.92971883811655,21.390670862681493,9.230707684681743,6.481541381926101,NORMAL RAINFALL
14.055498892491743,58.85402822965217,24.29511905707647,19.51288667455441,7.6135971594685135,NORMAL RAINFALL
33.796148582263164,68.98749993594502,20.380396693842176,4.515576636903331,17.547287005510103,MODERATE RAINFALL
17.602280511225235,72.75138091593588,24.539049071156086,18.147065807043262,37.24836293963766,MODERATE RAINFALL
6.653144492606044,63.71005669462522,30.529872345611935,27.199250304468855,22.184074840604936,NORMAL RAINFALL
41.381448825770384,71.55709322409595,21.61113920636494,4.607175049844884,20.91705899603999,HEAVY RAINFALL
22.389205497504783,75.81937492819858,25.704913056415155,12.05083959766186,39.87701532124003,MODERATE RAINFALL
14.803785610751353,96.42941157672871,29.451364006259528,12.591592124164599,24.961835252641073,MODERATE RAINFALL
43.18678026576656,68.09835220452072,25.69444289985114,5.608059289976563,28.61095475047422,HEAVY RAINFALL
11.190129876572538,96.62019504697459,25.226273086414906,44.36827476495577,35.19106481993397,MODERATE RAINFALL
29.564459639740694,73.22135563446686,32.76089824566343,21.424906051136997,0.04504763758902852,MODERATE RAINFALL
25.555862954715593,90.66298674562117,24.049492367676077,43.79951757339695,0.024431926815776106,MODERATE RAINFALL
51.34287488236717,75.73400917464514,28.370148521009426,38.09797202974487,17.106908149763075,HEAVY RAINFALL
19.327985617027633,82.18489845207652,28.192228330445133,23.944122128906738,2.0468128641227867,MODERATE RAINFALL
40.65506200771712,79.21250785147558,24.208936879456125,18.9981107490693,5.533963422271717,HEAVY RAINFALL
7.680764756195674,78.92860050461675,23.91241617721252,20.574384578068234,27.470038925982347,NORMAL RAINFALL
52.65794455344312,68.68706949807003,29.549413943556836,16.733316021504287,11.761224002270513,HEAVY RAINFALL
41.398170060861666,74.46687748834167,23.442995989858197,44.26994372777972,15.373341213748418,HEAVY RAINFALL
25.28896378535477,80.77908769342051,20.222244626255744,31.749337596820343,29.089948136371376,MODERATE RAINFALL
0.11261324199491052,75.49074485290056,32.620229915783554,30.92637537764049,18.592336475927972,NORMAL RAINFALL
49.23974974682142,85.241886027351,30.67451338096764,25.139652509163298,35.42873557249019,HEAVY RAINFALL
35.700350186375196,58.333494001343254,20.43326528739937,37.77960617907668,30.22258851701732,HEAVY RAINFALL
36.97352522453559,70.17877349106728,31.378937462488338,37.58107390892779,16.108458320824774,HEAVY RAINFALL
9.745265030510858,88.02253130756614,29.758421881296762,2.3625491661194418,20.821163927552313,MODERATE RAINFALL
51.49363171767069,74.11683924051093,23.101290705830024,2.8506117955751904,12.651051771826637,HEAVY RAINFALL
50.67692793165056,70.3863038140163,21.25953127017566,28.37803647581616,13.643033961792678,HEAVY RAINFALL
39.479524136804955,65.07309158254506,26.913321402237944,17.608964685963315,12.63403611017543,MODERATE RAINFALL
49.74791745634841,85.3996242810723,22.927208498864587,10.43173214289048,36.95055617935675,HEAVY RAINFALL
21.78473987506374,92.40639799778123,27.96743123981773,23.24248682208743,24.83033343195663,MODERATE RAINFALL
36.291113165280336,79.32540305632017,29.55337041945469,26.301030051318854,2.9412281250015364,HEAVY RAINFALL
7.053551718805276,57.7971208205784,23.63474272988653,26.505841499459706,10.258432884850642,NORMAL RAINFALL
28.769397773514964,88.63686647114234,22.685921668017958,31.15308482940534,44.637810913037384,HEAVY RAINFALL
38.11421984639313,77.916485245687,23.540895011495984,26.084987021784357,20.42667556619624,HEAVY RAINFALL
51.58397028961253,82.5615503113217,33.203039132806815,4.230100294321561,42.24416982036059,HEAVY RAINFALL
23.790149438670166,97.78957849365221,23.836498347699997,31.247459443559467,20.996402742720115,HEAVY RAINFALL
19.880951370664906,87.63793373010293,32.37323418331954,11.655572861578165,12.506986382064348,MODERATE RAINFALL
23.103413800020256,74.30104437171224,20.072229977593008,10.368149998727068,3.681400564345942,MODERATE RAINFALL
31.45007893012471,56.09099337146714,30.32421850531393,44.05811127759967,19.071911559253227,MODERATE RAINFALL
4.0942201795781905,65.74931894589739,22.302742053636496,15.36465187894029,28.16976091368691,NORMAL RAINFALL
5.3199353555813484,75.63855606745037,31.31282703829057,27.478823134902854,28.1833698755334,NORMAL RAINFALL
18.386639477520564,65.76760724654498,21.509769146368438,12.24944614044215,15.336088556522785,NORMAL RAINFALL
2.9938073097903892,69.3443035658153,31.117555672782743,42.572545819991575,34.90872623025187,NORMAL RAINFALL
34.0761605584556,87.8562385299343,28.754882605749266,26.894182178136216,3.849061458212515,HEAVY RAINFALL
3.337781991208273,56.433778049260304,24.38591207907477,38.450762218345986,2.926269845806664,NORMAL RAINFALL
7.014468486682493,94.5219788737792,26.186857646458176,14.96325618223668,28.178334529941935,MODERATE RAINFALL
3.6184642508664484,84.13527167140668,27.829612722477645,14.681421120069624,17.165496782032683,NORMAL RAINFALL
5.270663827297154,87.33442438153656,23.26356777626394,27.781761689941707,29.68758142054354,MODERATE RAINFALL
0.5833600084306151,71.50856106699251,31.132305487941803,39.837341201819925,27.865374941807286,NORMAL RAINFALL
18.678906118874835,95.31614864661077,30.9610079255969,21.52530082494135,14.768715101864938,MODERATE RAINFALL
10.586472458693102,59.41565511024302,28.33245150734627,4.904412303076082,35.52373906847146,NORMAL RAINFALL
10.648799797448135,79.64812171024985,28.9230922991378,13.020302394642098,18.945315157346194,NORMAL RAINFALL
39.85426700969635,74.11884548511136,23.404134690220786,36.272100112550284,2.722103228760017,HEAVY RAINFALL
17.141677194451734,73.74146951037949,33.43637891951106,34.43806630658341,14.003470810241742,MODERATE RAINFALL
48.6872050520994,88.34631356792049,22.063726876477396,15.27299982266998,15.430514202251114,HEAVY RAINFALL
20.28564973447403,55.34751922086079,28.2101587743124,31.166916096343222,2.579294075685967,NORMAL RAINFALL
27.89093270938924,90.9125219811227,32.02183087739722,20.14862903791735,8.793320834211888,MODERATE RAINFALL
11.0204546915778,94.06550939123505,30.993693299276032,16.686732717918524,30.053706254121867,MODERATE RAINFALL
38.21298672297041,97.22270000054168,28.396672246558918,16.239253682169114,26.02848369981617,HEAVY RAINFALL
52.968568902174574,81.49243490311622,25.861734037106235,8.978039424929467,20.4435942279156,HEAVY RAINFALL
43.40552628099819,56.81426244471236,23.071682340497897,2.158974107108884,10.036128991804459,MODERATE RAINFALL
12.665070561017998,81.8285607558858,23.346266558248153,33.58720563381151,42.86647030457385,MODERATE RAINFALL
18.233331027626406,86.82349966588771,22.874429044160067,9.92251402528305,44.54451196121158,MODERATE RAINFALL
19.954943027675636,58.170439745404764,20.420246241731064,6.953139581704769,13.075929692524412,NORMAL RAINFALL
10.692189445520949,80.18451487456618,30.717458285679886,3.887907512026269,1.3358507972995097,NORMAL RAINFALL
10.880374689590544,62.48830419342694,32.3953512137233,32.90997697781201,15.29178718581079,NORMAL RAINFALL
30.49777253365542,62.6772815244456,20.300888392814127,38.24390109074793,40.97920275891989,HEAVY RAINFALL
1.1546568254345269,84.13045229689384,25.30491861081249,35.85880546313148,4.993605429137105,NORMAL RAINFALL
51.48627572926175,68.11811225575774,23.362099060229728,36.807974122547066,29.740892184609105,HEAVY RAINFALL
51.76389656201728,97.01537937937664,33.967728799021636,39.911543187870656,39.52745264017877,HEAVY RAINFALL
3.5957635679627398,61.210586569883624,32.93817654126231,36.18061900999075,8.625658146775972,NORMAL RAINFALL
20.800754116397083,71.09297798329531,28.39368827651115,44.010206232623354,11.004733752054063,MODERATE RAINFALL
2.540735579800087,81.48920433413247,22.64743030043018,25.025138710810673,35.531450522583064,NORMAL RAINFALL
18.022433248120848,57.290135927995614,31.138566880829828,39.532614152414475,38.31761872673129,MODERATE RAINFALL
53.26113691273721,93.09087437411097,22.929326028989102,5.5005311797604275,21.180028212032276,HEAVY RAINFALL
36.49262092127468,57.78954076170655,27.120593275380298,34.30624563205353,29.02822039128193,HEAVY RAINFALL
28.003718447570762,76.43927437299767,26.499741885855638,15.838394713676983,16.824542460191285,MODERATE RAINFALL
38.19803205565615,85.7729445256094,26.927088354770945,13.53842471533289,18.0425731741991,HEAVY RAINFALL
50.66518730286021,80.11125272466765,20.512462831294492,11.439630154371548,9.135022352215666,HEAVY RAINFALL
47.47425450303519,72.02369894384988,24.283986508476136,40.214483970512205,25.711667404133227,HEAVY RAINFALL
51.45243988434775,71.08661627728311,27.707727634807114,7.776203567682045,3.7812667211678668,HEAVY RAINFALL
24.4477923477824,70.11772292031077,28.175471146225934,22.005883775854628,27.950661891228172,MODERATE RAINFALL
23.435628897050883,75.10469251571405,25.72533885497724,36.59369200761878,14.265919158502488,MODERATE RAINFALL
21.030400964315987,62.72132643306706,23.273065594723434,29.7502586637676,16.159182083356477,MODERATE RAINFALL
4.533018106210827,91.23194573503652,27.179073852696465,29.677139165705718,35.36429831712784,MODERATE RAINFALL
50.96332555655977,59.23159171714842,20.99888148191062,3.646099563532473,9.013796858631839,HEAVY RAINFALL
10.815547757826018,69.15737557970745,24.238018158323754,37.06928552720519,30.759269841351884,MODERATE RAINFALL
15.095550607780618,85.34263341854113,33.9719398761549,44.93141920689468,33.85725104978934,MODERATE RAINFALL
40.690155326365755,94.23244879565257,20.11947429762084,14.877388537819282,37.0038985133056,HEAVY RAINFALL
43.07205397506303,72.36387908212873,25.68061877419098,26.9380125596051,29.488882836215808,HEAVY RAINFALL
25.960219658725013,77.0438198412866,30.656247521347133,8.4190891550112,17.887737827308715,MODERATE RAINFALL
12.480946628626237,87.21289423871507,26.642135525287124,24.180490070888073,35.36885917088156,MODERATE RAINFALL
41.669171458338255,86.06794510795997,26.459615921744955,36.05234019974367,14.08836750731673,HEAVY RAINFALL
10.33156036275337,88.11563583838179,29.77117776757203,11.012144400650817,20.248737099636237,MODERATE RAINFALL
30.71457495283875,71.1121071947728,28.085118280593328,7.5188625539808935,42.450930053004825,HEAVY RAINFALL
0.5324634722546584,89.84725955374888,31.680184341708376,16.612356399715672,18.861629211585,NORMAL RAINFALL
37.71695432360798,72.34485483767232,30.90100766470477,25.116972274217005,14.673578153647325,HEAVY RAINFALL
1.2781912179049715,88.77038586426517,32.91001866719042,8.608723297875096,42.86868955747471,MODERATE RAINFALL
18.163779051978125,82.0830902037268,28.442039003912587,28.137002674317248,39.01251399956543,MODERATE RAINFALL
53.90946634838373,63.780798597587534,25.468906051605416,24.983094972496147,8.475240516401787,HEAVY RAINFALL
5.975109585272333,79.48914551260576,26.321494571462615,40.473983184246386,4.195867797092085,NORMAL RAINFALL
5.73722475855577,78.77499133824074,20.44882815756386,31.628055639152585,21.987599515972526,NORMAL RAINFALL
10.26806578744151,57.98811452975756,33.48192378433434,14.204157686631149,10.486774169651781,NORMAL RAINFALL
36.27634412677409,58.00911560319765,20.804344528623904,24.296862248145224,7.732157257979683,MODERATE RAINFALL
47.28390410572055,72.66703307492678,22.19849637042233,6.761989776439366,24.140385864888085,HEAVY RAINFALL
26.303812830692912,57.956808602263735,33.37135471888054,39.225078239132664,5.8469527525470255,MODERATE RAINFALL
11.312235273693833,73.58462908245275,29.93540259679479,22.415541044083188,27.166925190978585,MODERATE RAINFALL
51.653484009707384,80.26215399598951,27.03465029623217,31.447944952064205,12.39484398869144,HEAVY RAINFALL
0.4093819820112077,61.135755488026575,20.895580601276134,19.167187325719667,36.34046246191714,NORMAL RAINFALL
28.922107764251756,94.14300917444265,32.3093514805542,21.788796081363444,25.92597385316204,HEAVY RAINFALL
40.55098909892624,67.38020675473558,32.333917028192744,21.621184832689305,31.51424428760093,HEAVY RAINFALL
39.14063635154868,67.79029527915183,28.582385163962947,36.82934488760894,7.880682935397133,HEAVY RAINFALL
13.702414966201747,93.69847867312036,30.26541534102762,21.686610538814918,40.987489295442415,MODERATE RAINFALL
10.08943754001492,79.45045643380261,25.50971844629218,42.664556539636635,10.786286591361325,NORMAL RAINFALL
47.879677554117684,66.77237991206275,28.793164845767063,14.55125239242798,41.233335010733256,HEAVY RAINFALL
38.39241959124488,86.06360373494098,23.0415681654387,23.21996582064748,44.65753748479288,HEAVY RAINFALL
30.40531420460108,97.79860440533966,21.071470905658273,6.524656122095717,34.494258612975315,HEAVY RAINFALL
17.930722479189065,74.39024728602232,23.538732654625246,23.760776586229444,20.797536903636935,MODERATE RAINFALL
4.025752061141014,84.86288570651224,30.49630597581458,18.38968942148448,33.56808467187272,MODERATE RAINFALL
47.06752297052888,72.05699609685175,20.15032305947304,6.931356828594822,41.271163904231976,HEAVY RAINFALL
17.991069941716315,87.19306919695853,26.78662932261078,4.934198361259629,24.67928431604815,MODERATE RAINFALL
13.326148496918263,95.85079223530082,21.963580642573746,37.27834765615389,37.87031398908417,MODERATE RAINFALL
9.382400260249316,55.77684348896524,21.407211694727184,14.648220109481434,24.059422488250522,NORMAL RAINFALL
21.496722618229203,58.3361678933342,30.690246657706414,31.127475095911677,6.907341478985619,NORMAL RAINFALL
19.694784431060494,64.31691463082826,20.48222783578655,31.026897623306873,9.727492480670033,NORMAL RAINFALL
38.320829999644914,90.96954906952371,31.361165563167948,29.56352413810206,32.23846949414773,HEAVY RAINFALL
49.33554340640925,71.79659072820029,24.316539512692493,4.253856016120537,0.2099579735838697,HEAVY RAINFALL
42.48253323701586,87.98591225351942,33.0034877322301,18.10972224978003,10.734314538533656,HEAVY RAINFALL
5.0262536546745435,73.13235741258859,33.850068749516005,16.496015625317703,8.646831889436978,NORMAL RAINFALL
36.79222005214118,64.48441763390635,32.352004806343054,36.26773910165994,37.37027998927901,HEAVY RAINFALL
9.233558809910955,62.18303196797176,25.819520139507958,6.630404629348561,14.721365977232011,NORMAL RAINFALL
30.91297644729356,63.15054404631968,22.89967041522699,25.293214097527773,42.2515452597634,HEAVY RAINFALL
6.644217876959201,64.19253942782483,24.99206856285892,9.465726983880744,18.096277038974122,NORMAL RAINFALL
17.393212174318545,71.7350263606684,26.42286304445078,4.838700214716441,36.67882012226129,MODERATE RAINFALL
35.746974753700314,70.86613832331727,20.942637759420577,11.398116772451726,13.569041189100819,MODERATE RAINFALL
32.93780030665309,97.2734071954369,21.425390258248413,25.055805802525356,44.57390793785509,HEAVY RAINFALL
46.77557685454397,62.372741750131745,33.42648586128968,27.794287241602195,44.163715268591986,HEAVY RAINFALL
38.297345126949985,84.14972246256319,33.61313593983419,31.829991994172715,14.94209463067276,HEAVY RAINFALL
34.944439842510185,93.0105823842278,24.45153765151129,38.61683113615167,21.695867054448325,HEAVY RAINFALL
18.43078699686142,81.16693285271853,28.19051680180998,18.441970184252586,28.826637963813738,MODERATE RAINFALL
12.783401255965995,80.2611475385655,33.83733210106256,12.002053893448224,27.73569035643597,MODERATE RAINFALL
49.322868450158005,68.28049103293598,30.330785974852517,34.56156697476258,27.889480282161635,HEAVY RAINFALL
3.295765910786028,71.10451602522461,24.15260622522358,8.521835171857187,9.197339854327964,NORMAL RAINFALL
2.0848693556600653,94.70659300080138,28.373052640555194,42.672689386309884,33.26650362074327,MODERATE RAINFALL
18.077941852693893,66.95943706224979,29.010429002475682,34.70123693870843,23.43927868180043,MODERATE RAINFALL
53.76621274515343,82.8659962784242,24.03837146243239,3.018813288565209,38.11206804945537,HEAVY RAINFALL
18.21986499317037,65.41670630015544,27.55036452976641,40.98517848149062,29.925270858980213,MODERATE RAINFALL
13.658592731355498,84.55604306563703,30.073031076149768,28.146717500137896,17.166866425173254,MODERATE RAINFALL
17.69003450941295,74.0215182757426,20.084597236697647,39.40426981553896,3.14932139899398,MODERATE RAINFALL
10.585599600269475,82.27777924877807,21.98144815218332,10.781460548930786,4.129172659035116,NORMAL RAINFALL
32.59468581666492,90.74249778088199,33.04537766323408,12.16133551164907,3.517403112208777,HEAVY RAINFALL
39.87440076238724,68.39290770187101,30.103432720642594,12.531773203855167,7.939597720379423,MODERATE RAINFALL
13.693318677474103,67.27017427076503,26.27579669317723,29.330962200911664,12.233735314079736,NORMAL RAINFALL
42.97089089799217,58.440686791342245,33.615772806362415,19.124512346400707,7.549471714959343,MODERATE RAINFALL
24.275683896603798,76.72757983359658,30.288993463427026,34.693951969614425,36.882171354585054,HEAVY RAINFALL
43.645723063573534,55.85187631668865,25.33987036335142,38.72381504311422,34.14862450801258,HEAVY RAINFALL
50.68428744757723,80.59288454874978,22.13918192490883,33.2458741110196,11.57812749684051,HEAVY RAINFALL
25.500817908507585,74.50493355228534,25.25205638907842,28.05909033623566,3.2372842356230014,MODERATE RAINFALL
7.516099209468699,75.17811469298435,22.166142380430156,10.153910027293591,0.5775422511583583,NORMAL RAINFALL
27.538489477114936,86.18985116551136,26.880352047560912,41.80471606463392,42.31282433688071,HEAVY RAINFALL
53.37709501997135,71.0452306010843,26.85371560088807,29.565095040674866,26.47390524451096,HEAVY RAINFALL
22.483317171595814,56.669556600424016,32.90244547831033,18.547518492352744,25.45238664229443,MODERATE RAINFALL
10.68255101861281,73.76081165041899,23.5736178368165,41.26269779591134,32.50103820626468,MODERATE RAINFALL
28.028459988549837,76.01073925423718,29.638851532001254,31.947582717845577,29.290785061865982,HEAVY RAINFALL
50.958531598167255,86.63356084087526,23.39294016873954,3.4838255988295916,36.590688461539465,HEAVY RAINFALL
34.70239925280766,84.08630074720838,29.764599914248727,29.749342094056487,11.759881431196654,HEAVY RAINFALL
25.050892360021077,84.28585882735847,23.56003248292064,27.89242105833215,42.83002104474015,HEAVY RAINFALL
46.28337449489912,55.53050766154689,30.793610597344347,29.709087800973702,41.25972838920092,HEAVY RAINFALL
21.871680683149673,80.20489843106463,32.613939099944204,24.297092885731256,8.497046339662948,MODERATE RAINFALL
23.26196729481442,90.67923129614795,23.540197295589113,14.995441336391963,43.54575439538105,HEAVY RAINFALL
36.21673329745083,71.45991024525038,24.311704131030055,19.699186663000855,39.438021157640414,HEAVY RAINFALL
40.02086436612895,58.82155789210487,28.906523481134798,35.39771794001728,15.497676556112324,HEAVY RAINFALL
7.849241493613819,87.19539311535357,33.0202361231749,19.11271944684823,13.864515425927292,NORMAL RAINFALL
54.28640212313777,90.10474325823859,20.022100086183766,5.0031842833085065,31.3342518270223,HEAVY RAINFALL
28.87290938143676,83.14441124646837,30.262591302642928,9.33727301348191,16.859312492519624,MODERATE RAINFALL
38.72259581378299,63.51488274274963,22.547780640695933,42.784782392831474,20.279735293382,HEAVY RAINFALL
44.79037502178203,62.982435797456326,20.825748909256014,9.857364168723528,34.16241082277013,HEAVY RAINFALL
14.264355406627738,93.79775142281852,25.723093630151645,28.954007322026566,28.098965510083698,MODERATE RAINFALL
47.759909555344656,62.14342370205985,24.103758195041856,18.242327119121757,12.454299128739606,HEAVY RAINFALL
18.818355475602043,80.18279520493407,26.690559661334163,30.930597466997387,4.536411392895844,MODERATE RAINFALL
3.358105679112975,87.3273439487382,20.101173216957687,27.045154287933617,44.44284753414743,MODERATE RAINFALL
5.3263018027600575,77.46038540487604,20.101667398656318,27.928349490189454,44.41035790959451,MODERATE RAINFALL
41.87501836285717,95.08152037780602,26.625244964635094,16.49228863409144,19.325412959938934,HEAVY RAINFALL
20.39318172262832,93.27654443496712,33.99223189363728,37.12442925797904,42.34459710310755,HEAVY RAINFALL
36.57930569288078,71.27273502398126,20.801381615208616,17.309257056879467,14.861486414687029,HEAVY RAINFALL
5.509754942131462,74.64752815241579,29.776315775702273,33.184468052708425,39.95867480804525,MODERATE RAINFALL
7.637466500792081,80.88209458652486,32.16607394388922,14.017103797910089,31.466907961776762,MODERATE RAINFALL
44.82784672580339,70.84248549068329,28.656923738171074,30.331672522453083,21.38397424050517,HEAVY RAINFALL
22.721962603275195,63.0812022099983,33.80653967658449,43.174527134771054,36.56785714997545,MODERATE RAINFALL
0.9146667261254116,70.4888413217491,20.64055996816133,36.7249859097597,14.648633975586472,NORMAL RAINFALL
24.436838759822585,81.09080970164429,25.602312671757225,28.34147085353953,3.661615406535774,MODERATE RAINFALL
23.53539542592809,95.05378918710005,33.03182305891593,44.43547293028665,38.569500010292884,HEAVY RAINFALL
49.786151912250105,86.5739429484972,24.11408162489856,10.3883090735488,6.442265019890979,HEAVY RAINFALL
28.602993586606306,79.59138287416893,31.995236546049405,23.699374477305017,5.753760951806806,MODERATE RAINFALL
43.82514182321685,67.95797711455245,29.42287024817069,25.59610639103087,39.365359962032265,HEAVY RAINFALL
9.242906826007898,74.19032811423541,21.619500985371765,30.493610749011637,10.840572610132542,NORMAL RAINFALL
11.640245164735727,87.38985839188862,29.23643143325095,5.84556807231304,19.57020330951561,MODERATE RAINFALL
39.36708358382581,61.89011694451533,33.005543027602215,40.81388631083117,34.48389707219677,HEAVY RAINFALL
12.120681923289776,66.07802733507086,26.66823245079111,40.59296800073873,5.539414956766639,NORMAL RAINFALL
7.466603783894256,77.98536202492247,30.15580169027614,5.888995440365668,31.130304671645533,NORMAL RAINFALL
47.95673338554309,95.06653807138503,30.728723413749524,27.829215077911925,28.97939432744056,HEAVY RAINFALL
20.735567734086448,85.8500375669272,30.30403483026023,18.41097170947898,28.894599119787546,MODERATE RAINFALL
30.90449696886271,91.81406350276899,31.318264747166218,11.61268593475997,5.206048437162804,HEAVY RAINFALL
4.822418735370325,58.83299535237422,30.368137063762596,42.30005797811392,33.50779885344465,NORMAL RAINFALL
6.385842312173138,70.81269211678915,31.946624326610653,43.024950611206805,25.961257876167483,NORMAL RAINFALL
0.09231703053370288,57.66105227449961,27.498442565336877,38.426099655704625,44.09322741677189,NORMAL RAINFALL
17.580364401790867,70.696025224725,29.510230385325492,36.252308014267804,23.38881220570523,MODERATE RAINFALL
33.08897012839227,64.55208696114417,25.534373373751635,25.1465965632466,20.72712465537101,MODERATE RAINFALL
7.958543262542318,95.54426607313314,31.72103316385045,23.492804596119967,20.5103038745682,MODERATE RAINFALL
33.08059774776254,61.27244003954215,29.314909859655682,36.455545467088406,31.63350642878915,HEAVY RAINFALL
32.938416954932094,68.28233135195265,33.86469156772196,7.308952545810185,44.85818719972012,HEAVY RAINFALL
38.858724732461994,75.56615811687942,31.601622261255017,23.286097582685123,31.686321448477404,HEAVY RAINFALL
20.718974495192555,97.18914019196508,24.66402365369969,37.59904185549133,9.47758885594567,MODERATE RAINFALL
40.29619564409412,89.84800204394821,29.805703791232094,4.260351081906164,38.944435305310364,HEAVY RAINFALL
9.84611278118814,75.96270001886788,25.48531009396482,44.32875031266751,29.666263990528407,MODERATE RAINFALL
46.66850353595336,97.61571824496485,27.671200733572228,16.50863634917744,30.50544087815264,HEAVY RAINFALL
54.46728649852345,87.58170995733587,25.47488332543913,24.697310680526847,12.736794149178142,HEAVY RAINFALL
38.30069736218831,63.38896359613294,31.98753107839927,18.932215513175287,5.890530754281847,MODERATE RAINFALL
41.37465639800027,79.95649822974043,31.271005010289894,38.541817986866405,31.931438920522705,HEAVY RAINFALL
25.164287507570304,62.03886212272769,21.925853432613405,31.9260876159742,13.098670619538527,MODERATE RAINFALL
7.965258520373321,64.37986834039847,30.477355247282766,33.6187125519159,0.41096315756559143,NORMAL RAINFALL
39.927663148103434,79.75433016854343,29.496449284233073,44.504820077959614,6.642245664782899,HEAVY RAINFALL
52.27189849353231,73.36577577304949,31.78324127461851,41.81736947910677,4.322147935638377,HEAVY RAINFALL
53.578731798106176,62.72421381352631,20.734609616122064,44.151900672642235,29.254401216148295,HEAVY RAINFALL
32.636581464560166,96.69825985572068,28.777615652350377,19.371741820387864,1.5296772520699649,HEAVY RAINFALL
13.24704816054898,76.01091343176105,29.631777482823853,43.045880641169404,29.37586351136871,MODERATE RAINFALL
20.645440240738832,84.74717854425349,31.13455293618368,30.316310613254302,34.9978865002492,MODERATE RAINFALL
47.569268420344095,82.96337026678279,23.853024563585734,30.087405377180026,16.52953751774213,HEAVY RAINFALL
6.600021208930908,58.55339059418601,26.84905817344584,30.758065023009276,22.938682400599696,NORMAL RAINFALL
1.266471872305694,79.6382220793964,28.016827916450627,13.770166701303506,33.54116826694381,NORMAL RAINFALL
43.68890428996343,62.78715353839304,26.778680682177534,29.717655906213,19.514541539746155,HEAVY RAINFALL
31.428270465791254,59.27597396809493,20.888976216262236,41.08186250235923,35.785117217808946,MODERATE RAINFALL
10.168941671350435,89.95332130142972,20.276449438282487,25.91058704369442,24.138755539479515,MODERATE RAINFALL
44.67079422738269,76.0082202833076,27.264615623057,27.143026196779434,32.118710591250974,HEAVY RAINFALL
43.45372308674109,60.33584112972657,30.541834674064013,43.52428487926008,40.39210342079157,HEAVY RAINFALL
9.936529527680491,80.76141208331498,22.51912578995925,25.85303604774932,36.02308373259994,MODERATE RAINFALL
6.767491677052332,60.5390875915325,22.88721860302215,8.93204126340374,25.312329430537087,NORMAL RAINFALL
46.829755838355275,56.5052270191777,33.71899808754056,23.764377361825485,16.360183831173384,HEAVY RAINFALL
29.943493265197986,73.19120707374388,33.23319878588789,2.00367926566671,13.526998997311901,MODERATE RAINFALL
52.04180387421475,77.3360520817238,30.95922553619411,30.343775860714935,20.02141294101981,HEAVY RAINFALL
31.73893080632653,84.8893642608542,27.317327639095218,44.398839442895934,15.845270658118618,HEAVY RAINFALL
29.6015217757409,64.02309874133023,21.386127839063388,37.24982171448789,10.669516002036834,MODERATE RAINFALL
10.344050808189085,67.88749687233316,31.65678926566974,43.16918590494203,27.09649741532786,NORMAL RAINFALL
11.882198211163823,70.43980197554838,21.798889608736793,28.75944793333594,3.3461846764623155,NORMAL RAINFALL
14.02320540947537,71.41663946166682,32.65123906945043,19.2025531501391,3.7464334257939558,NORMAL RAINFALL
13.979866632885573,73.28976465335913,29.723215192596726,25.04388574333343,3.1751120711160343,NORMAL RAINFALL
40.297119429834055,97.80044856834525,29.755241073951105,10.282979076513152,16.74640167775673,HEAVY RAINFALL
36.152492915298126,90.28185295307173,28.469225691978657,20.04651832079452,6.907113449545314,HEAVY RAINFALL
54.5846945295343,73.6459666512497,20.362738084020076,27.955111605244877,3.4886068638833994,HEAVY RAINFALL
6.854167314103686,59.72957569667032,27.67716298770113,4.8362524447021835,28.807987004547094,NORMAL RAINFALL
19.955071657959344,69.34124598992653,23.825542033080865,39.360780934379896,10.159446092800092,MODERATE RAINFALL
0.5424832954039938,71.2177072176178,33.56282880240052,18.281191110064555,4.725122825972827,NORMAL RAINFALL
50.90997231597224,62.55644900827448,30.196583809384457,15.181630800065122,36.9604462109947,HEAVY RAINFALL
26.92902300696619,77.74528510870567,29.80637750037173,39.2121290275891,24.81940043864718,MODERATE RAINFALL
33.41068193650721,93.55252046184555,22.39046383240781,42.699943142611794,17.530349888878032,HEAVY RAINFALL
18.98450884472336,86.87577694763176,33.55200397254872,24.862331924750524,26.75776403167062,MODERATE RAINFALL
46.72965088595315,75.50506035588187,21.786010843715477,2.4083911592238287,23.110443853549803,HEAVY RAINFALL
8.552020536109515,60.433839471152545,25.303209304406124,33.623162116832326,2.3789081449052225,NORMAL RAINFALL
39.898060002592516,96.90349341121673,29.905033818523542,12.711799987876821,27.391634574688734,HEAVY RAINFALL
38.87327194346683,62.87349460926116,33.80744785782709,36.334162646179124,22.60031605442527,HEAVY RAINFALL
15.170263591363263,73.39389855701901,33.18347813232642,39.89967153015668,36.63104627500761,MODERATE RAINFALL
16.785308718382854,91.89062339617698,33.26436507909939,19.480135732403927,14.073161058396488,MODERATE RAINFALL
4.957732632064949,58.4174192793504,30.219342420701043,42.62927878667597,7.430090650090958,NORMAL RAINFALL
3.1576337266875902,86.9666066489487,27.75823684792404,23.192572927168886,39.3458832836245,MODERATE RAINFALL
52.91914822281761,73.23129581743792,27.12155307124689,33.424286751943974,21.584517638394487,HEAVY RAINFALL
28.325631787491602,97.91204030887252,32.43312747369506,32.00892397285803,18.24621532578402,HEAVY RAINFALL
33.8957633857438,94.16811544261938,30.44284164981591,32.708883138553,31.61662711981398,HEAVY RAINFALL
41.23173738999913,65.5017286222543,30.345764124813954,42.887340766040495,37.051352709252804,HEAVY RAINFALL
48.41825427093934,77.7087909833741,28.52871051872509,28.11706249633459,43.4091322689053,HEAVY RAINFALL
37.09871926278021,92.9230143192377,27.32922982166097,11.677948851265091,3.3805068322814398,HEAVY RAINFALL
46.16749143103163,77.08843281262767,33.33477043146411,20.177057559094113,17.059264463721053,HEAVY RAINFALL
20.530603441112202,59.86904089549347,32.79663245012525,12.739904610546196,24.260383012033753,MODERATE RAINFALL
42.152765111471254,60.068212229555726,24.188491901485214,14.62243669766399,9.587967508290285,MODERATE RAINFALL
40.591414717694406,79.4602036172578,23.04448472650937,15.107251375553657,41.99001497150266,HEAVY RAINFALL
35.363549950376864,90.50627766115194,20.496007778464268,21.911450172791167,27.798691117583438,HEAVY RAINFALL
26.854655356424452,70.29699474761871,28.61742347810383,16.127727455117387,15.925173497366774,MODERATE RAINFALL
0.2834926116071096,93.27843989480021,22.606207889534183,17.24488992527977,4.560200045899832,NORMAL RAINFALL
27.06253655899274,58.643982512884975,27.2004603935714,8.609558654285365,5.572919183149263,MODERATE RAINFALL
26.807668509930927,61.69210722361689,29.192868243916976,11.722095014453252,17.791147171288177,MODERATE RAINFALL
16.460672393793338,73.41868320378896,22.550548564717047,36.896385726241114,4.8912746796132325,NORMAL RAINFALL
24.121463791246565,91.09237083712472,22.265680208491098,17.21072441432563,19.528206961314826,MODERATE RAINFALL
19.758021038746048,92.43210502338734,22.778504651407292,10.151383960624706,1.8115338386268527,MODERATE RAINFALL
21.70003029076805,86.98873143823579,32.61396934421727,8.89343754684036,8.954636586285476,MODERATE RAINFALL
26.361224187787148,83.60544450034152,23.721194681995303,20.107098877652856,24.755565280471306,MODERATE RAINFALL
43.99010470133652,85.71580122023569,24.548427779341182,34.86888651217902,39.67949388917104,HEAVY RAINFALL
27.602222039771824,94.71313378141379,31.802880790523815,18.720485796414014,4.93797528069866,MODERATE RAINFALL
5.93337717353711,55.909544888312475,22.177587843073066,23.500040051243488,34.53232281505834,NORMAL RAINFALL
13.00777143137299,84.16734369607968,24.78997397434198,43.98685665186296,33.18442002208009,MODERATE RAINFALL
23.888068321426328,67.44706504893009,26.80300941434956,34.71869557682375,11.148628464285968,MODERATE RAINFALL
8.387264870916837,76.98331292744719,23.492535009502944,34.96928700764372,38.88750625296594,MODERATE RAINFALL
54.68413832450335,65.63623794654167,31.488531827987917,10.531735743413801,31.790740454362787,HEAVY RAINFALL
44.547385764632885,85.14923302389411,27.032675210799322,9.791094728654372,44.66482507787076,HEAVY RAINFALL
32.51579094372641,82.28251924660222,23.211378691244548,7.688719945066987,1.726489419667225,MODERATE RAINFALL
54.47193377144453,94.95122825568163,25.968241678530415,28.508096401279197,4.092094368455968,HEAVY RAINFALL
2.802545099849966,72.51377918998719,24.290243251638294,29.23232893008997,10.414244197159153,NORMAL RAINFALL
18.489781829969374,75.60539521752327,27.1380916981326,29.686545686581624,13.693049549702348,MODERATE RAINFALL
14.808534905289768,67.06390545181145,24.914343192891764,19.97719059601166,14.392839821277411,NORMAL RAINFALL
2.6156016811455736,56.75823254900459,20.729828918323147,34.02445228271561,9.538989796036953,NORMAL RAINFALL
25.963199029928177,94.06472492277948,21.410663798695097,9.948120130951036,42.67476835927282,HEAVY RAINFALL
19.996968346726284,68.08733788725533,21.35642109338392,2.587448085601217,24.829570201567286,MODERATE RAINFALL
47.40858485674072,69.24210454154353,30.37808943793545,17.53955343325493,35.04637384042888,HEAVY RAINFALL
29.087413499200782,70.9784682560328,29.10347680645628,11.031431981370373,17.28222104851456,MODERATE RAINFALL
48.79565898962396,60.6108724256681,30.396224114490238,7.175236931180015,26.39526552390201,HEAVY RAINFALL
50.1697257431021,83.13727185985888,22.666070406891293,32.300382317364964,41.64752877830478,HEAVY RAINFALL
4.118378064036294,78.5028979824293,24.800571562503798,33.190078343380506,44.53400767776713,MODERATE RAINFALL
11.109951431644449,85.99308704292707,20.613355486017817,10.243389285975244,24.77230568991706,MODERATE RAINFALL
13.88890291778196,92.71423972884023,31.94813611988151,40.99303844641804,43.880677078889896,MODERATE RAINFALL
49.220216536005296,74.28473546418681,30.04256224367026,41.16651472265577,3.046882314435599,HEAVY RAINFALL
23.04522885983401,95.04729006405995,27.054171987417284,2.940620632307306,26.961914802616,HEAVY RAINFALL
38.318842524377864,60.54417217116969,20.63623316125006,26.34551503966835,35.74756710798539,HEAVY RAINFALL
38.159183378968386,86.85075346399054,25.564913592713793,31.441854006768786,39.1615073986869,HEAVY RAINFALL
53.43461296799931,62.11728346215958,30.510189079716035,18.518468053545348,35.07174780637853,HEAVY RAINFALL
22.046692769207137,66.67425012512324,22.576928764957245,8.880131383177734,9.801347491480959,MODERATE RAINFALL
38.319696117098424,92.80366572686265,31.069056281291985,21.583962437988543,31.848930958107577,HEAVY RAINFALL
28.879026131599424,68.04663736862264,23.084708587446002,32.4549522887627,24.846791441437993,MODERATE RAINFALL
9.4110003286311,56.9613360311339,23.335034847898825,3.680899042661933,6.6662764354949395,NORMAL RAINFALL
48.59813597259378,94.87166216759212,23.78608797659993,35.996716687197676,28.90859059319693,HEAVY RAINFALL
13.69544408786665,90.40664146862039,27.484328937728613,2.0601983434837763,15.635785449078153,MODERATE RAINFALL
33.28377446883935,70.87173696574688,21.165446186438125,32.334853842939545,24.717378257823867,HEAVY RAINFALL
39.71437750271438,72.55874393603531,28.56074847376745,15.959311040984353,2.5768544015883537,MODERATE RAINFALL
44.87571858296133,90.42906680171023,23.069914297958263,43.50478097071247,7.953085761662005,HEAVY RAINFALL
53.43825877353636,78.10771387267602,33.70267342144062,35.46199769808148,35.12309339826371,HEAVY RAINFALL
5.85435028927863,87.06810092619779,25.347733685666235,30.11446290512265,39.151160479935506,MODERATE RAINFALL
34.886804768732134,78.68774555522828,31.43585841499707,11.487478613431081,12.09570761156334,HEAVY RAINFALL
31.991508972935645,89.73251732366917,30.540567767146882,8.692583517584232,10.427541418683045,HEAVY RAINFALL
39.94573681700748,70.85152028782942,32.63035400737894,6.028715672540147,8.168109474126657,HEAVY RAINFALL
10.17654124541498,92.08114336857761,22.644038900548306,23.092290480168664,32.826599650966365,MODERATE RAINFALL
35.61603494370307,55.9050340677566,22.280861082624963,9.642573581281791,17.738880075004,MODERATE RAINFALL
33.4302142287168,57.98652714618639,21.0086816547031,12.545914885148694,40.91089747123676,HEAVY RAINFALL
53.371200577450814,59.31005334217248,27.37489969970344,33.250878872492166,36.35967269935074,HEAVY RAINFALL
33.18114340666791,71.24863057964737,20.290022816810737,37.542176675667896,34.35505902300232,HEAVY RAINFALL
35.446516211385095,56.88082182916774,23.476801222426047,5.594608482042167,6.418602259732239,MODERATE RAINFALL
34.506140708774666,55.58036687279655,33.52905067899485,43.17756071717597,4.785252507080562,MODERATE RAINFALL
40.487233065098856,69.5507664357645,29.90438056878382,10.699830613932711,21.619144374022103,HEAVY RAINFALL
30.95681789578099,74.10602652329945,22.28402218448661,16.26552174682215,6.953099563504742,MODERATE RAINFALL
3.073152861699115,84.75777151063558,28.784801942188892,7.292247153162506,37.12162056568014,NORMAL RAINFALL
5.654842145408057,67.75975512273864,27.161593827682704,37.96878554565639,6.382576190341028,NORMAL RAINFALL
50.16918292147815,56.03203740527504,25.9798960640681,8.3371899365807,29.491406887084835,HEAVY RAINFALL
12.423641575075687,92.79657446913384,25.38641330312735,40.02162828101665,37.02531915584698,MODERATE RAINFALL
6.182476930693772,62.29103964271415,21.54189915316786,6.374658950627287,43.01320808143647,NORMAL RAINFALL
19.651934722035726,81.47496102266138,21.656913586310363,41.702743118719724,41.39431214940692,MODERATE RAINFALL
49.25725700247344,80.9937744252192,22.492948874837143,24.810667547570873,26.982516818951417,HEAVY RAINFALL
37.36883214405514,61.45946153554361,29.341827389748765,14.96724197167609,36.79031452473439,HEAVY RAINFALL
19.161212579511993,59.46867020172633,32.827280975800086,30.45446375661967,41.97968253450873,MODERATE RAINFALL
44.58956781688448,85.58618733542704,21.069172896772518,2.093686886531862,41.98927267649936,HEAVY RAINFALL
8.175362145737722,83.20172724353769,24.483584046877343,18.795781703352194,32.46045586361202,MODERATE RAINFALL
43.205035170157686,75.5725765677537,20.942390885832133,26.84724381849531,43.1813391499359,HEAVY RAINFALL
15.316187835907416,58.88922179409337,33.92680355746672,9.82051046195643,17.325782894100204,NORMAL RAINFALL
17.562367895106643,73.22477900754964,29.70789168491873,19.7996068662029,35.70757157092682,MODERATE RAINFALL
18.340582978741597,89.49205992067829,29.15535911099962,12.574049230493337,18.839683418871957,MODERATE RAINFALL
27.340626192324592,77.95213781432703,27.454642053745506,37.32038051556739,17.308226404806952,MODERATE RAINFALL
31.953016551737914,73.13915272547808,28.090270153226673,31.820454969149527,33.67275748305044,HEAVY RAINFALL
38.670132233193236,65.11330196673799,20.040125480636323,44.737928424593726,0.7719593220049842,MODERATE RAINFALL
30.710595742359374,96.17747816998127,32.89265741066775,4.561827765319961,15.720639051784827,HEAVY RAINFALL
46.68133245194779,92.27121786387127,31.46614633463986,14.671983389531823,6.486310903626344,HEAVY RAINFALL
46.93217132488281,96.78824286198389,32.78135472457914,12.427388564211924,37.25198134859222,HEAVY RAINFALL
3.0726116231437386,60.92545644969597,33.4687277953396,32.27040281260231,16.985735244964573,NORMAL RAINFALL
1.4490785322095379,96.49126728074607,25.203579237738005,32.16027582852857,29.823629417809236,MODERATE RAINFALL
4.057366261075892,91.00979936524334,32.1866776810171,3.297986405462969,16.435989822130555,NORMAL RAINFALL
4.344631086867443,58.313807752255656,27.96856416489893,36.98958413235306,6.737275119452151,NORMAL RAINFALL
10.033348134436158,86.97299135494853,30.473499740543218,32.03824879822826,13.477846318172679,MODERATE RAINFALL
22.633736578678025,69.5054905942892,30.93955671062961,31.89562204903368,12.904608175210651,MODERATE RAINFALL
8.573803479224768,92.88975711632918,20.449667501884925,34.29871595251522,22.6482940257765,MODERATE RAINFALL
0.5977166950813473,90.80524405997762,29.51864961739918,39.66699009042046,24.93701645741838,NORMAL RAINFALL
45.62350268805764,94.5234598934561,27.026214124891723,32.50217106025322,19.065161771440955,HEAVY RAINFALL
8.624035045135898,96.84426015580647,27.30101462666574,44.050830199540705,5.631001021273905,MODERATE RAINFALL
11.652533389792834,81.61888169801134,23.06468978145773,9.89883222704912,33.56980818450028,MODERATE RAINFALL
30.761185834404724,91.19365854799744,31.431823698386346,22.142752114898705,14.093534718241525,HEAVY RAINFALL
35.30399588704476,90.57190823078314,22.307541033367833,36.54358820597499,29.099123806431777,HEAVY RAINFALL
10.710182412308274,59.661237928935904,21.089320071621408,27.93717718488188,38.09741735530067,NORMAL RAINFALL
1.5426872907142708,67.13489805160982,27.58195080973583,4.808724188149923,26.869984012052157,NORMAL RAINFALL
41.608679220324646,68.29216484034794,27.723679280461095,29.450725324121727,1.4565056250623005,HEAVY RAINFALL
14.804240686276287,96.9965153076893,27.907155384333755,26.240790847087208,35.56015664168682,MODERATE RAINFALL
2.512433697601329,68.52695256477647,33.2091279798781,2.3645854231960293,16.049211463522717,NORMAL RAINFALL
15.532119890530748,72.11986470601926,22.728371891398833,34.32921764103752,32.655965618883656,MODERATE RAINFALL
53.56179086210898,85.21424285331008,21.363317702997136,19.51332213394329,33.36531037584713,HEAVY RAINFALL
5.555158575026249,89.72225632762601,22.102613213148672,27.24854690008595,17.195027928522872,NORMAL RAINFALL
